巛,  
一 1 
乙 1 
乀 1 
𠃋 1 
乚 1 
𠃍 1 
𡿨 1 
乛 1 
𠄌 1 
𠃊 1 
丨 1 
丿 1 
亅 1 
丶 1 
二 2 ⿱一一
十 2 ⿻一丨
丁 2 ⿱一亅
厂 2 ⿱一丿
七 2 ⿻乚
卜 2 ⿰丨丶
八 2 ⿰丿乀
人 2 ⿸丿
入 2 ⿹乀丿
儿 2 ⿰丿乚
匕 2 ⿺乚丿
几 2 ⿰丿
九 2 ⿻
刁 2 ⿹𠃌
了 2 ⿱乛亅
刀 2 ⿹𠃌丿
力 2 ⿻𠃌丿
乃 2 ⿹丿
又 2 ⿻
乂 2 ⿻丿
乜 2 ⿻乛乚
亻 2 ⿱丿丨
丷 2 ⿰丶
刂 2 ⿰丨亅
𬺰 2 ⿻一亅
丂 2 一
丄 2 丨一
丅 2 一丨
丆 2 一丿
𠂉 2 
𠃌 2 
㐅 2 丿丶
𠂈 2 
𠂇 2 
𠂆 2 
𠄠 2 
𠄐 2 
丩 2 𠄌丨
龴 2 丶
𠂊 2 
𰀪 2 
𠘨 2 
𰆊 2 
㔾 2 乚𠃌
𠄎 2 
𠘧 2 
𠆢 2 
𠤎 2 
𢎘 2 
巜 2 𡿨𡿨
𫠠 2 
𰛄 2 
讠 2 丶
冂 2 丨𠃌
勹 2 丿𠃌
凵 2 𠃊丨
亠 2 丶一
冖 2 丿乛
厶 2 𠃋丶
冫 2 丶
匚 2 一𠃊
卩 2 丨𠃌
廴 2 乀
匸 2 一𠃊
三 3 ⿱一二
干 3 ⿱一十
于 3 ⿱一𬺰
亏 3 ⿱一丂
工 3 ⿱一丄
土 3 ⿱十一
士 3 ⿱十一
才 3 ⿹𬺰丿
下 3 ⿱一卜
寸 3 ⿹𬺰丶
大 3 ⿻一人
丈 3 ⿻𠂇
万 3 ⿸丆𠃌
上 3 ⿱一
小 3 ⿻亅八
口 3 ⿱冂一
山 3 ⿶凵丨
巾 3 ⿻冂丨
千 3 ⿱丿十
乞 3 ⿱𠂉乙
川 3 ⿲丿丨丨
亿 3 ⿰亻乙
个 3 ⿱𠆢丨
夕 3 ⿴𠂊丶
久 3 ⿸𠂊
么 3 ⿱丿厶
勺 3 ⿹勹丶
凡 3 ⿵几丶
丸 3 ⿻九丶
及 3 ⿻⿹𠄎丿乀
广 3 ⿱丶厂
亡 3 ⿱亠𠃊
门 3 ⿲丨丶𠃌
丫 3 ⿱丷丨
义 3 ⿶乂丶
之 3 ⿳丶乀
尸 3 ⿰丿
己 3 ⿳𠃍一乚
已 3 ⿻乚
巳 3 ⿺乚
弓 3 ⿱
子 3 ⿻了一
卫 3 ⿻𠃌丄
也 3 ⿻乜丨
女 3 ⿻𡿨丆
刃 3 ⿹刀丿
飞 3 ⿺⿱丿丶
习 3 ⿹𠃌冫
叉 3 ⿴又丶
马 3 ⿹𢎘一
乡 3 ⿳𠃋𠃋丿
兀 3 ⿱一儿
弋 3 ⿺𫠠丶
孑 3 ⿻了
孓 3 ⿻了
幺 3 ⿱𠃋厶
廿 3 ⿵卄一
亍 3 ⿱一丁
尢 3 ⿸𠂇乚
彳 3 ⿱丿亻
彑 3 ⿱⿰𠃋一
忄 3 ⿰丿卜
扌 3 ⿻𬺰
氵 3 ⿱
丬 3 ⿰冫丨
犭 3 ⿹⿻丿丿
丌 3 一丿丨
卄 3 十丨
𠀃 3 
𫝀 3 
𰀁 3 
𰀂 3 
𠂋 3 
㐄 3 十𠃋
𠂎 3 
𠂌 3 
亇 3 亅
亼 3 人一
亽 3 𠆢丶
𠃓 3 
𠫓 3 
卂 3 十
乇 3 丿七
卪 3 卩丶
𠫔 3 
𭕄 3 
𡳾 3 
𫶧 3 
𡭔 3 
𭠍 3 
𫜹 3 
巛 3 𡿨𡿨𡿨
龵 3 
纟 3 𠃋𠃋
𧾷 3 
阝 3 丨
饣 3 𠄌
囗 3 冂一
廾 3 丿十
宀 3 丶冖
夂 3 𠂊
屮 3 凵丨
彡 3 丿丿丿
彐 3 一
夊 3 
与 4 ⿹⿺一一
丰 4 ⿻三丨
王 4 ⿱一土
开 4 ⿱一廾
井 4 ⿻一廾
天 4 ⿱一大
夫 4 ⿻二人
元 4 ⿱一兀
无 4 ⿱一尢
云 4 ⿱二厶
专 4 ⿱⿻二丶
丐 4 ⿱一⿺
扎 4 ⿰扌乚
艺 4 ⿱艹乙
木 4 ⿻十𠆢
五 4 ⿱一𫝀
支 4 ⿱十又
厅 4 ⿸厂丁
不 4 ⿸丆⿰丨丶
犬 4 ⿺大丶
太 4 ⿵大丶
区 4 ⿷匚㐅
历 4 ⿸厂力
歹 4 ⿱一夕
友 4 ⿸𠂇又
尤 4 ⿺尢丶
匹 4 ⿷匚儿
车 4 ⿻⿻一𠃋十
巨 4 ⿷匚
牙 4 ⿹⿻𠃋丁丿
屯 4 ⿻一𡳾
戈 4 ⿻弋丿
比 4 ⿰⿺𠄌一匕
互 4 ⿱一彑
切 4 ⿰七刀
止 4 ⿱⿰丨一
少 4 ⿱𡭔丿
曰 4 ⿴囗一
日 4 ⿴囗一
中 4 ⿻口丨
贝 4 ⿱冂人
冈 4 ⿴冂㐅
内 4 ⿻冂人
水 4 ⿰𰛄⿺丿
见 4 ⿱冂儿
午 4 ⿱𠂉十
牛 4 ⿻𠂉十
手 4 ⿻𠂌一
气 4 ⿳𠂉一
毛 4 ⿱丿⿻二乚
壬 4 ⿱丿士
升 4 ⿱丿廾
夭 4 ⿱丿大
长 4 ⿺⿸⿻𠄌一丿
仁 4 ⿰亻二
什 4 ⿰亻十
片 4 ⿰丿⿱丄𠃍
仆 4 ⿰亻卜
化 4 ⿰亻𠤎
仇 4 ⿰亻九
币 4 ⿱丿巾
仍 4 ⿰亻乃
仅 4 ⿰亻又
斤 4 ⿸𠂆丅
爪 4 ⿸𠂆⿰丨乀
反 4 ⿸𠂆又
介 4 ⿱人⿰丿丨
父 4 ⿱八乂
从 4 ⿰人人
仑 4 ⿱人匕
今 4 ⿱亽
凶 4 ⿶凵㐅
分 4 ⿱八刀
乏 4 ⿱之
公 4 ⿱八厶
仓 4 ⿱人㔾
月 4 ⿵𠄠
氏 4 ⿸⿱丿𠄌𫠠
勿 4 ⿹勹⿰丿丿
欠 4 ⿱人
风 4 ⿵𠘨㐅
丹 4 ⿻亠
匀 4 ⿹勹冫
乌 4 ⿱丿马
勾 4 ⿹勹厶
凤 4 ⿵𠘨又
六 4 ⿱亠八
文 4 ⿱亠乂
亢 4 ⿱亠几
方 4 ⿱丶万
火 4 ⿻⿰丿丿人
为 4 ⿻⿵丶力丶
斗 4 ⿻⿻丨
忆 4 ⿰忄乙
计 4 ⿰讠十
订 4 ⿰讠丁
户 4 ⿱丶尸
认 4 ⿰讠人
冗 4 ⿱冖几
讥 4 ⿰讠几
心 4 ⿲丿⿺乚丶丶
尺 4 ⿸尸
引 4 ⿰弓丨
丑 4 ⿴十
巴 4 ⿴巳丨
孔 4 ⿰子乚
办 4 ⿻力八
允 4 ⿱厶儿
予 4 ⿱龴𠄐
劝 4 ⿰又力
双 4 ⿰又又
书 4 
幻 4 ⿰幺𠃌
世 4 ⿻廿𠃊
亓 4 ⿱一丌
韦 4 ⿻⿱二𠃌丨
丏 4 ⿱一⿰⿺𠃊丨𠃌
卅 4 ⿻川一
仄 4 ⿸厂人
厄 4 ⿸厂㔾
仃 4 ⿰亻丁
仉 4 ⿰亻几
仂 4 ⿰亻力
兮 4 ⿱八丂
刈 4 ⿰乂刂
爻 4 ⿱㐅乂
卞 4 ⿱亠卜
闩 4 ⿵门一
讣 4 ⿰讠卜
尹 4 ⿻𠂇
夬 4 ⿻𠃍大
爿 4 ⿰⿱𠃊丆丨
毋 4 ⿻⿻𠃋𠃌𠂇
卬 4 ⿰⿱丿𠄌卩
殳 4 ⿱𠘧又
𠙶 4 ⿶凵了
毌 4 ⿻⿻𠃋𠃍十
尣 4 ⿱八儿
攵 4 ⿱𠂉乂
灬 4 ⿰丿⿲丶丶丶
爫 4 ⿱丿𭕄
牜 4 ⿻𠂉⿻丨
艹 4 ⿻十丨
辶 4 ⿳丶𠃍乀
𠀉 4 
𰀡 4 
𠂑 4 
𠃜 4 
𠂒 4 
亖 4 二二
仌 4 人人
𭃂 4 
仒 4 𠆢
㓁 4 冖儿
刅 4 刃丶
𠔿 4 
冃 4 冂二
𠔾 4 
厃 4 厂
𫧇 4 
𠮛 4 
厷 4 𠂇厶
㕛 4 又又
㕚 4 丶叉
冘 4 冖丿乚
𠤏 4 
𠬝 4 
卝 4 一丨
𫩏 4 
內 4 冂入
龶 4 一土
圡 4 土丶
夃 4 乃又
𡈼 4 
㝉 4 宀一
𡯃 4 
帀 4 一巾
㞢 4 屮一
㣺 4 
朩 4 一小
巿 4 一巾
旡 4 丆𠃋乚
𣥂 4 
龰 4 人
𤣩 4 
犮 4 友丶
礻 4 𪜊卜
耂 4 丿土
肀 4 十
龷 4 卄一
𧘇 4 
𠠵 4 
𣦵 4 
戶 4 𠂆
攴 4 又
瓦 5 ⿵⿸⿱一𠄌丶
队 5 ⿰阝人
以 5 ⿲𠄌丶人
邓 5 ⿰又阝
玉 5 ⿱一圡
刊 5 ⿰干刂
未 5 ⿻一木
末 5 ⿻一木
示 5 ⿱二小
击 5 ⿻二山
打 5 ⿰扌丁
巧 5 ⿰工丂
正 5 ⿱一止
扑 5 ⿰扌卜
卉 5 ⿱十廾
扒 5 ⿰扌八
功 5 ⿰工力
扔 5 ⿰扌乃
去 5 ⿱土厶
甘 5 ⿻廿一
艾 5 ⿱艹乂
古 5 ⿱十口
节 5 ⿱艹𰆊
本 5 ⿻木一
术 5 ⿺木丶
可 5 ⿹丁口
丙 5 ⿱一内
左 5 ⿸𠂇工
厉 5 ⿸厂万
石 5 ⿸丆口
右 5 ⿸𠂇口
布 5 ⿸𠂇巾
夯 5 ⿱大力
戊 5 ⿰丿戈
龙 5 ⿺𡯃丶
平 5 ⿻干丷
灭 5 ⿱一火
轧 5 ⿰车乚
东 5 ⿻⿻一𠃋小
卡 5 ⿱上卜
北 5 ⿲⿱一丨匕
占 5 ⿱口
凸 5 ⿵⿰⿳丨一丨一
卢 5 ⿱尸
业 5 ⿶䒑⿰丨丨
旧 5 ⿰丨日
帅 5 ⿰巾
归 5 ⿰𫜹
旦 5 ⿱日一
目 5 ⿴囗𠄠
且 5 ⿱一
叶 5 ⿰口十
甲 5 ⿻日丨
申 5 ⿻日丨
叮 5 ⿱口丁
电 5 ⿻日乚
号 5 ⿱口丂
田 5 ⿴囗十
由 5 ⿻日丨
只 5 ⿱口八
叭 5 ⿰口八
史 5 ⿻口乂
央 5 ⿻冂大
兄 5 ⿱口儿
叽 5 ⿰口几
叼 5 ⿰口刁
叫 5 ⿰口丩
叩 5 ⿰口卩
叨 5 ⿰口刀
另 5 ⿱口力
叹 5 ⿰口又
冉 5 ⿻冂土
皿 5 ⿴𠀃⿰丨丨
囚 5 ⿴囗人
四 5 ⿴囗⿰丿
生 5 ⿻𠂉土
矢 5 ⿱𠂉大
失 5 ⿰丿夫
乍 5 ⿱𠂉⿰丨二
禾 5 ⿱丿木
丘 5 ⿱斤一
付 5 ⿰亻寸
仗 5 ⿰亻丈
代 5 ⿰亻弋
仙 5 ⿰亻山
们 5 ⿰亻门
仪 5 ⿰亻义
白 5 ⿱丿日
仔 5 ⿰亻子
他 5 ⿰亻也
斥 5 ⿸斤丶
瓜 5 ⿸𠂆⿰厶
乎 5 ⿻𠂌丷
丛 5 ⿱从一
令 5 ⿱亽龴
用 5 ⿵𰀁
甩 5 ⿻月乚
尔 5 ⿱小
乐 5 ⿻⿱丿𠃋小
句 5 ⿹勹口
匆 5 ⿻勿丶
册 5 ⿻⿰冂冂一
卯 5 ⿰𠂎卩
犯 5 ⿰犭㔾
外 5 ⿰夕卜
处 5 ⿺夂卜
冬 5 ⿱夂
鸟 5 ⿴乌丶
务 5 ⿱夂力
包 5 ⿹勹巳
饥 5 ⿰饣几
主 5 ⿱丶王
市 5 ⿱丶帀
立 5 ⿱亠䒑
冯 5 ⿰冫马
玄 5 ⿱亠幺
闪 5 ⿵门人
兰 5 ⿱丷三
半 5 ⿻丷𰀁
汁 5 ⿰氵十
汇 5 ⿰氵匚
头 5 ⿻大
汉 5 ⿰氵又
宁 5 ⿱宀丁
穴 5 ⿱宀八
它 5 ⿱宀匕
讨 5 ⿰讠寸
让 5 ⿰讠上
礼 5 ⿰礻乚
训 5 ⿰讠川
议 5 ⿰讠义
必 5 ⿻心丿
讯 5 ⿰讠卂
记 5 ⿰讠己
永 5 ⿱丶⿲𠃌⿺丿
司 5 ⿹𠃌𠮛
尼 5 ⿸尸匕
民 5 ⿸⿰𠄌𫠠
弗 5 ⿻⿰丿丨弓
弘 5 ⿰弓厶
出 5 ⿱屮凵
辽 5 ⿺辶了
奶 5 ⿰女乃
奴 5 ⿰女又
召 5 ⿱刀口
加 5 ⿰力口
皮 5 ⿻⿱丨又⿰丿乛
边 5 ⿺辶力
孕 5 ⿱乃子
发 5 ⿺⿸⿻𠃋丿又丶
圣 5 ⿱又土
对 5 ⿰又寸
台 5 ⿱厶口
矛 5 ⿹予丿
纠 5 ⿰纟丩
母 5 ⿻⿻𠃋𠃌⿻一
幼 5 ⿰幺力
丝 5 ⿱⿰⿱𠃋𠃋⿱𠃋𠃋一
艽 5 ⿱艹九
艿 5 ⿱艹乃
札 5 ⿰木乚
叵 5 ⿷匚口
匝 5 ⿷匚巾
丕 5 ⿱不一
匜 5 ⿷匚也
劢 5 ⿰万力
卟 5 ⿰口卜
叱 5 ⿰口𠤎
叻 5 ⿰口力
仨 5 ⿰亻三
仕 5 ⿰亻士
仟 5 ⿰亻千
仡 5 ⿰亻乞
仫 5 ⿰亻么
仞 5 ⿰亻刃
卮 5 ⿸𠂋㔾
氐 5 ⿱氏丶
犰 5 ⿰犭九
刍 5 ⿱𫜹
汀 5 ⿰氵丁
讦 5 ⿰讠干
讧 5 ⿰讠工
讪 5 ⿰讠山
讫 5 ⿰讠乞
尻 5 ⿸尸九
尕 5 ⿱乃小
弁 5 ⿱厶廾
驭 5 ⿰马又
戋 5 ⿻戈一
圢 5 ⿰土丁
氕 5 ⿹气丿
伋 5 ⿰亻及
仝 5 ⿱人工
冮 5 ⿰冫工
氿 5 ⿰氵九
汈 5 ⿰氵刁
氾 5 ⿰氵㔾
忉 5 ⿰忄刀
宄 5 ⿱宀九
𬣙 5 ⿰讠于
讱 5 ⿰讠刃
罒 5 ⿴囗⿰丨丨
𠀐 5 
𠀎 5 
𫠣 5 
𠂔 5 
𰀉 5 
𫢉 5 
㐌 5 𠂉也
冋 5 冂口
𰀢 5 
冊 5 冂卄
𰃮 5 
𠬤 5 
𠕁 5 
㐱 5 𠆢彡
匃 5 勹亾
厈 5 厂干
𠬢 5 
匛 5 匚久
卌 5 卄
㕣 5 八口
囙 5 囗
𡗗 5 
夲 5 大十
𠁤 5 
圤 5 土卜
龱 5 囗乂
夰 5 大丿丨
龸 5 冖
㠯 5 丨
夗 5 夕㔾
戉 5 𠄌戈
𢀖 5 
𢆉 5 
朮 5 𣎳丶
氶 5 乛水
𤴔 5 
𤴓 5 
𦉰 5 
阞 5 阝力
钅 5 𠂉二𠄌
衤 5 𪜊丨𡿨
氺 5 亅丷八
𢎨 5 
疒 5 冫广
癶 5 丶丿丿
禸 5 冂厶
疋 5 乛龰
凹 6 ⿶凵⿰⿱一丨
印 6 ⿰𠀉卩
写 6 ⿱冖与
式 6 ⿹弋工
迂 6 ⿺辶于
刑 6 ⿰开刂
戎 6 ⿹戈𠂇
动 6 ⿰云力
扛 6 ⿰扌工
寺 6 ⿱土寸
吉 6 ⿱士口
扣 6 ⿰扌口
考 6 ⿱耂丂
托 6 ⿰扌乇
老 6 ⿱耂匕
巩 6 ⿰工凡
圾 6 ⿰土及
执 6 ⿰扌丸
扩 6 ⿰扌广
扫 6 ⿰扌𫜹
地 6 ⿰土也
场 6 ⿰土𠃓
扬 6 ⿰扌𠃓
耳 6 
芋 6 ⿱艹于
共 6 ⿱龷八
芒 6 ⿱艹亡
亚 6 ⿱一业
芝 6 ⿱艹之
朽 6 ⿰木丂
朴 6 ⿰木卜
机 6 ⿰木几
权 6 ⿰木又
过 6 ⿺辶寸
臣 6 ⿺𠃊⿳丅𠃍丅
吏 6 ⿻一史
再 6 ⿱一冉
协 6 ⿰十办
西 6 ⿱一𠁤
压 6 ⿸厂圡
厌 6 ⿸厂犬
戌 6 ⿵戊一
在 6 ⿸𠂇⿰丨土
百 6 ⿱一白
有 6 ⿸𠂇月
存 6 ⿸𠂇⿰丨子
而 6 ⿱一𦓐
页 6 ⿱丆贝
匠 6 ⿷匚斤
夸 6 ⿱大亏
夺 6 ⿱大寸
灰 6 ⿸𠂇火
达 6 ⿺辶大
列 6 ⿰歹刂
死 6 ⿸歹匕
成 6 ⿵戊𠃌
夹 6 ⿻大䒑
夷 6 ⿻大弓
轨 6 ⿰车九
尧 6 ⿱𭠍兀
划 6 ⿰戈刂
迈 6 ⿺辶万
毕 6 ⿱比十
至 6 ⿱𠫔土
此 6 ⿰止匕
贞 6 ⿱贝
师 6 ⿰刂帀
尘 6 ⿱小土
尖 6 ⿱⿻丨八大
劣 6 ⿱少力
光 6 ⿱兀
当 6 ⿱𫜹
早 6 ⿱日十
吁 6 ⿰口于
吐 6 ⿰口土
吓 6 ⿰口下
虫 6 ⿱中⿰丶
曲 6 ⿻曰⿰丨丨
团 6 ⿴囗才
吕 6 ⿱口口
同 6 ⿵冂𠮛
吊 6 ⿱口巾
吃 6 ⿰口乞
因 6 ⿴囗大
吸 6 ⿰口及
吗 6 ⿰口马
吆 6 ⿰口幺
屹 6 ⿰山乞
岁 6 ⿱山夕
帆 6 ⿰巾凡
回 6 ⿴囗口
岂 6 ⿱山己
则 6 ⿰贝刂
刚 6 ⿰冈刂
网 6 ⿵冂⿰㐅㐅
肉 6 ⿵内人
年 6 ⿱𠂉㐄
朱 6 ⿰丿未
先 6 ⿱𠂒儿
丢 6 ⿱去
舌 6 ⿱千口
竹 6 ⿰亇亇
迁 6 ⿺辶千
乔 6 ⿱夭⿰丿丨
迄 6 ⿺辶乞
伟 6 ⿰亻韦
传 6 ⿰亻专
乒 6 ⿱丘丿
乓 6 ⿱丘丶
休 6 ⿰亻木
伍 6 ⿰亻五
伏 6 ⿰亻犬
优 6 ⿰亻尤
臼 6 ⿵⿲丨⿱丿一⿹𠃍一一
伐 6 ⿰亻戈
仲 6 ⿰亻中
件 6 ⿰亻牛
任 6 ⿰亻壬
伤 6 ⿰亻⿱𠂉力
价 6 ⿰亻介
伦 6 ⿰亻仑
份 6 ⿰亻分
华 6 ⿱化十
仰 6 ⿰亻卬
仿 6 ⿰亻方
伙 6 ⿰亻火
伪 6 ⿰亻为
自 6 ⿱丿目
伊 6 ⿰亻尹
血 6 ⿱丿皿
向 6 ⿱丿冋
后 6 ⿸𠂋口
行 6 ⿰彳亍
舟 6 ⿻𠔾
全 6 ⿱人王
会 6 ⿱人云
杀 6 ⿱㐅朩
合 6 ⿱亼口
兆 6 ⿻儿⿱丷八
企 6 ⿱𠆢止
众 6 ⿱𠆢从
爷 6 ⿱父𰆊
伞 6 ⿱人⿻丷十
创 6 ⿰仓刂
肌 6 ⿰几
肋 6 ⿰力
朵 6 ⿱𠘧木
杂 6 ⿱九朩
危 6 ⿸厃㔾
旬 6 ⿹勹日
旨 6 ⿱匕日
旭 6 ⿺九日
负 6 ⿱贝
匈 6 ⿹勹凶
名 6 ⿱夕口
各 6 ⿱夂口
多 6 ⿱夕夕
争 6 ⿱⿻亅
色 6 ⿱巴
壮 6 ⿰丬士
冲 6 ⿰冫中
妆 6 ⿰丬女
冰 6 ⿰冫水
庄 6 ⿸广土
庆 6 ⿸广大
亦 6 ⿱亠⿻小丿
刘 6 ⿰文刂
齐 6 ⿱文⿰丿丨
交 6 ⿱亠父
衣 6 ⿱亠𧘇
次 6 ⿰冫欠
产 6 ⿳亠丷厂
决 6 ⿰冫夬
亥 6 ⿳亠𠂈人
充 6 ⿱𠫓儿
妄 6 ⿱亡女
闭 6 ⿵门才
问 6 ⿵门口
闯 6 ⿵门马
羊 6 ⿱䒑𰀁
并 6 ⿱丷开
关 6 ⿱丷天
米 6 ⿻丷木
灯 6 ⿰火丁
州 6 ⿻⿲丿丶丶川
汗 6 ⿰氵干
污 6 ⿰氵亏
江 6 ⿰氵工
汛 6 ⿰氵卂
池 6 ⿰氵也
汝 6 ⿰氵女
汤 6 ⿰氵𠃓
忙 6 ⿰忄亡
兴 6 ⿳𭕄一八
宇 6 ⿱宀于
守 6 ⿱宀寸
宅 6 ⿱宀乇
字 6 ⿱宀子
安 6 ⿱宀女
讲 6 ⿰讠井
讳 6 ⿰讠韦
军 6 ⿱冖车
讶 6 ⿰讠牙
许 6 ⿰讠午
讹 6 ⿰讠化
论 6 ⿰讠仑
讼 6 ⿰讠公
农 6 ⿻冖𧘇
讽 6 ⿰讠风
设 6 ⿰讠殳
访 6 ⿰讠方
诀 6 ⿰讠夬
寻 6 ⿱𫜹寸
迅 6 ⿺辶卂
尽 6 ⿱尺
导 6 ⿱巳寸
异 6 ⿱巳廾
弛 6 ⿰弓也
孙 6 ⿰子小
收 6 ⿰丩攵
奸 6 ⿰女干
如 6 ⿰女口
妇 6 ⿰女𫜹
妃 6 ⿰女己
好 6 ⿰女子
她 6 ⿰女也
妈 6 ⿰女马
戏 6 ⿰又戈
羽 6 ⿰习习
观 6 ⿰又见
欢 6 ⿰又欠
买 6 ⿱乛头
红 6 ⿰纟工
驮 6 ⿰马大
纤 6 ⿰纟千
驯 6 ⿰马川
约 6 ⿰纟勺
级 6 ⿰纟及
纪 6 ⿰纟己
驰 6 ⿰马也
纫 6 ⿰纟刃
巡 6 ⿺辶巛
邗 6 ⿰干阝
邛 6 ⿰工阝
邝 6 ⿰广阝
邙 6 ⿰亡阝
阡 6 ⿰阝千
匡 6 ⿷匚王
耒 6 ⿻一未
玎 6 ⿰𤣩丁
玑 6 ⿰𤣩几
圩 6 ⿰土于
圬 6 ⿰土亏
圭 6 ⿱土土
扦 6 ⿰扌千
圪 6 ⿰土乞
圳 6 ⿰土川
圹 6 ⿰土广
扪 6 ⿰扌门
圮 6 ⿰土己
圯 6 ⿰土巳
芊 6 ⿱艹千
芍 6 ⿱艹勺
芄 6 ⿱艹丸
芨 6 ⿱艹及
芑 6 ⿱艹己
芎 6 ⿱艹弓
芗 6 ⿱艹乡
亘 6 ⿱一旦
厍 6 ⿸厂车
夼 6 ⿱大川
戍 6 ⿵戊丶
尥 6 ⿺尢勺
乩 6 ⿰占乚
旯 6 ⿱日九
曳 6 
岌 6 ⿱山及
屺 6 ⿰山己
凼 6 ⿶凵水
囡 6 ⿴囗女
钇 6 ⿰钅乙
缶 6 ⿱午凵
氘 6 ⿹气⿰丿丨
氖 6 ⿹气乃
牝 6 ⿰牛匕
伎 6 ⿰亻支
伛 6 ⿰亻区
伢 6 ⿰亻牙
仵 6 ⿰亻午
伥 6 ⿰亻长
伧 6 ⿰亻仓
伉 6 ⿰亻亢
伫 6 ⿰亻㝉
囟 6 ⿱丿龱
汆 6 ⿱入水
刖 6 ⿰月刂
夙 6 ⿵几歹
旮 6 ⿱九日
刎 6 ⿰勿刂
犷 6 ⿰犭广
犸 6 ⿰犭马
舛 6 ⿰夕㐄
凫 6 ⿹鸟一几
饧 6 ⿰饣𠃓
汕 6 ⿰氵山
汔 6 ⿰氵乞
汐 6 ⿰氵夕
汲 6 ⿰氵及
汜 6 ⿰氵巳
汊 6 ⿰氵叉
忖 6 ⿰忄寸
忏 6 ⿰忄千
讴 6 ⿰讠区
讵 6 ⿰讠巨
讷 6 ⿰讠内
聿 6 ⿻肀二
艮 6 ⿸⿰𠄌𫜹⿺丿
厾 6 ⿹去
丞 6 ⿱氶一
妁 6 ⿰女勺
牟 6 ⿱厶牛
纡 6 ⿰纟于
纣 6 ⿰纟寸
纥 6 ⿰纟乞
纨 6 ⿰纟丸
邘 6 ⿰于阝
扞 6 ⿰扌干
圲 6 ⿰土千
圫 6 ⿰土乇
芏 6 ⿱艹土
芃 6 ⿱艹凡
朳 6 ⿰木八
朸 6 ⿰木力
𨙸 6 ⿰支阝
吒 6 ⿰口乇
吖 6 ⿰口丫
屼 6 ⿰山兀
屾 6 ⿰山山
辿 6 ⿺辶山
钆 6 ⿰钅乚
仳 6 ⿰亻比
伣 6 ⿰亻见
伈 6 ⿰亻心
癿 6 ⿰白乚
甪 6 ⿱丿用
犴 6 ⿰犭干
冱 6 ⿰冫互
闫 6 ⿵门三
𬇕 6 ⿰氵万
汋 6 ⿰氵勺
讻 6 ⿰讠凶
𬣞 6 ⿰讠㝉
孖 6 ⿰子子
𬘓 6 ⿰纟川
纩 6 ⿰纟广
⺮ 6 ⿰⿱𠂉丶⿱𠂉丶
覀 6 ⿱一⿻口⿰丨丨
𫠥 6 
兊 6 公儿
𠂢 6 
𠂤 6 
㐫 6 亠凶
𠇍 6 
乑 6 亻𰀪丿
㐆 6 𠂆𫜹𠃌
㓞 6 丰刀
龹 6 丷夫
𰁜 6 
厽 6 厶厸
𠅃 6 
劦 6 力𠠴
叒 6 又双
𠫤 6 
吂 6 亡口
吅 6 口口
𠮷 6 
夅 6 夂㐄
𪧷 6 
𡰪 6 
尗 6 上小
𡿪 6 
𡰯 6 
弚 6 丷弔
𢦏 6 
𭥍 6 
朿 6 木冂
屰 6 䒑屮
巟 6 亡𫶧
𢆶 6 
㡯 6 广乇
𭤨 6 
汒 6 氵亡
甶 6 丿田
𦓐 6 
𦣞 6 
䏌 6 八月
𦈢 6 
䏍 6 厶月
穵 6 穴乙
𦍌 6 
𥫗 6 
肎 6 冖
𧰨 6 
䒑 6 丷一
𦥑 6 
𢀛 6 
𡗞 6 
𫥞 6 
𢗀 6 
虍 6 乛丿七
糸 6 幺小
艸 6 
襾 6 
邦 7 ⿰丰阝
邪 7 ⿰牙阝
屿 7 ⿰山与
廷 7 ⿺廴𡈼
似 7 ⿰亻以
那 7 ⿰𭃂阝
阵 7 ⿰阝车
阳 7 ⿰阝日
阶 7 ⿰阝介
阴 7 ⿰阝月
防 7 ⿰阝方
寿 7 ⿸⿻三丿寸
弄 7 ⿱王廾
麦 7 ⿱龶夂
玖 7 ⿰𤣩久
玛 7 ⿰𤣩马
形 7 ⿰开彡
进 7 ⿺辶井
戒 7 ⿹戈廾
吞 7 ⿱天口
远 7 ⿺辶元
违 7 ⿺辶韦
韧 7 ⿰韦刃
运 7 ⿺辶云
扶 7 ⿰扌夫
抚 7 ⿰扌无
坛 7 ⿰土云
技 7 ⿰扌支
坏 7 ⿰土不
抠 7 ⿰扌区
扰 7 ⿰扌尤
扼 7 ⿰扌厄
拒 7 ⿰扌巨
找 7 ⿰扌戈
批 7 ⿰扌比
址 7 ⿰土止
扯 7 ⿰扌止
走 7 ⿱土龰
抄 7 ⿰扌少
贡 7 ⿱工贝
汞 7 ⿱工水
坝 7 ⿰土贝
攻 7 ⿰工攵
赤 7 ⿱土⿻小丿
折 7 ⿰扌斤
抓 7 ⿰扌爪
扳 7 ⿰扌反
抡 7 ⿰扌仑
扮 7 ⿰扌分
抢 7 ⿰扌仓
孝 7 ⿱耂子
坎 7 ⿰土欠
均 7 ⿰土匀
抑 7 ⿰扌卬
抛 7 ⿰扌𠠵
投 7 ⿰扌殳
坟 7 ⿰土文
坑 7 ⿰土亢
抗 7 ⿰扌亢
坊 7 ⿰土方
抖 7 ⿰扌斗
护 7 ⿰扌户
壳 7 ⿱士冗
志 7 ⿱士心
块 7 ⿰土夬
扭 7 ⿰扌丑
声 7 ⿱士𠃜
把 7 ⿰扌巴
报 7 ⿰扌𠬝
却 7 ⿰去卩
抒 7 ⿰扌予
劫 7 ⿰去力
芙 7 ⿱艹夫
芜 7 ⿱艹无
苇 7 ⿱艹韦
芽 7 ⿱艹牙
花 7 ⿱艹化
芹 7 ⿱艹斤
芥 7 ⿱艹介
芬 7 ⿱艹分
苍 7 ⿱艹仓
芳 7 ⿱艹方
严 7 ⿳一⿶䒑⿰丨丨厂
芦 7 ⿱艹户
芯 7 ⿱艹心
劳 7 ⿱𫇦力
克 7 ⿱古儿
芭 7 ⿱艹巴
苏 7 ⿱艹办
杆 7 ⿰木干
杠 7 ⿰木工
杜 7 ⿰木土
材 7 ⿰木才
村 7 ⿰木寸
杖 7 ⿰木丈
杏 7 ⿱木口
杉 7 ⿰木彡
巫 7 ⿻工从
极 7 ⿰木及
李 7 ⿱木子
杨 7 ⿰木𠃓
求 7 ⿺⿻一氺丶
甫 7 
匣 7 ⿷匚甲
更 7 ⿱一⿻日乂
束 7 ⿻木口
吾 7 ⿱五口
豆 7 ⿱𠮛䒑
两 7 ⿱一⿻冂从
酉 7 ⿴西一
丽 7 ⿱一⿰⿵冂丶⿵冂丶
医 7 ⿷匚矢
辰 7 ⿸厂⿱二⿰𠄌⿺乀丿
励 7 ⿰厉力
否 7 ⿱不口
还 7 ⿺辶不
尬 7 ⿺尢介
歼 7 ⿰歹千
来 7 ⿻未丷
连 7 ⿺辶车
轩 7 ⿰车干
步 7 ⿱止𣥂
卤 7 ⿱龱
坚 7 ⿱𰀡土
肖 7 ⿱月
旱 7 ⿱日干
盯 7 ⿰目丁
呈 7 ⿱口王
时 7 ⿰日寸
吴 7 ⿱口天
助 7 ⿰且力
县 7 ⿱且厶
呆 7 ⿱口木
吱 7 ⿰口支
吠 7 ⿰口犬
呕 7 ⿰口区
园 7 ⿴囗元
旷 7 ⿰日广
围 7 ⿴囗韦
呀 7 ⿰口牙
吨 7 ⿰口屯
足 7 ⿱口龰
男 7 ⿱田力
困 7 ⿴囗木
吵 7 ⿰口少
串 7 ⿻吕丨
员 7 ⿱口贝
呐 7 ⿰口内
听 7 ⿰口斤
吟 7 ⿰口今
吩 7 ⿰口分
呛 7 ⿰口仓
吻 7 ⿰口勿
吹 7 ⿰口欠
呜 7 ⿰口乌
吭 7 ⿰口亢
吧 7 ⿰口巴
邑 7 ⿱口巴
吼 7 ⿰口孔
囤 7 ⿴囗屯
别 7 ⿰另刂
吮 7 ⿰口允
岖 7 ⿰山区
岗 7 ⿱山冈
帐 7 ⿰巾长
财 7 ⿰贝才
针 7 ⿰钅十
钉 7 ⿰钅丁
牡 7 ⿰牛土
告 7 ⿱𠂒口
我 7 ⿻𠂌戈
乱 7 ⿰舌乚
利 7 ⿰禾刂
秃 7 ⿱禾几
秀 7 ⿱禾乃
私 7 ⿰禾厶
每 7 ⿱𠂉母
兵 7 ⿱丘八
估 7 ⿰亻古
体 7 ⿰亻本
何 7 ⿰亻可
佐 7 ⿰亻左
佑 7 ⿰亻右
但 7 ⿰亻旦
伸 7 ⿰亻申
佃 7 ⿰亻田
作 7 ⿰亻乍
伯 7 ⿰亻白
伶 7 ⿰亻令
佣 7 ⿰亻用
低 7 ⿰亻氐
你 7 ⿰亻尔
住 7 ⿰亻主
位 7 ⿰亻立
伴 7 ⿰亻半
身 7 
皂 7 ⿱白七
伺 7 ⿰亻司
佛 7 ⿰亻弗
囱 7 ⿱丿⿴囗⿻𠂊乀
近 7 ⿺辶斤
彻 7 ⿰彳切
役 7 ⿰彳殳
返 7 ⿺辶反
余 7 ⿱亼朩
希 7 ⿱㐅布
坐 7 ⿻土从
谷 7 ⿳八人口
妥 7 ⿱爫女
含 7 ⿱今口
岔 7 ⿱分山
肝 7 ⿰月干
肛 7 ⿰月工
肚 7 ⿰月土
肘 7 ⿰月寸
肠 7 ⿰月𠃓
龟 7 ⿱电
甸 7 ⿹勹田
免 7 ⿱⿸⿻口丿乚
狂 7 ⿰犭王
犹 7 ⿰犭尤
狈 7 ⿰犭贝
角 7 ⿱⿵土
删 7 ⿰册刂
条 7 ⿱夂朩
彤 7 ⿰丹彡
卵 7 ⿰𠂑卪
灸 7 ⿱久火
岛 7 ⿹鸟一山
刨 7 ⿰包刂
迎 7 ⿺辶卬
饭 7 ⿰饣反
饮 7 ⿰饣欠
系 7 ⿱丿糸
言 7 ⿳亠𠄠口
冻 7 ⿰冫东
状 7 ⿰丬犬
亩 7 ⿱亠田
况 7 ⿰冫兄
床 7 ⿸广木
库 7 ⿸广车
庇 7 ⿸广比
疗 7 ⿸疒了
吝 7 ⿱文口
应 7 ⿸广⿱𭕄一
这 7 ⿺辶文
冷 7 ⿰冫令
庐 7 ⿸广户
序 7 ⿸广予
辛 7 ⿱立十
弃 7 ⿱𠫓廾
冶 7 ⿰冫台
忘 7 ⿱亡心
闰 7 ⿵门王
闲 7 ⿵门木
间 7 ⿵门日
闷 7 ⿵门心
判 7 ⿰半刂
兑 7 ⿱丷兄
灶 7 ⿰火土
灿 7 ⿰火山
灼 7 ⿰火勺
弟 7 ⿹弚丿
汪 7 ⿰氵王
沐 7 ⿰氵木
沛 7 ⿰氵巿
汰 7 ⿰氵太
沥 7 ⿰氵历
沙 7 ⿰氵少
汽 7 ⿰氵气
沃 7 ⿰氵夭
沦 7 ⿰氵仑
汹 7 ⿰氵凶
泛 7 ⿰氵乏
沧 7 ⿰氵仓
没 7 ⿰氵殳
沟 7 ⿰氵勾
沪 7 ⿰氵户
沈 7 ⿰氵冘
沉 7 ⿰氵冗
沁 7 ⿰氵心
怀 7 ⿰忄不
忧 7 ⿰忄尤
忱 7 ⿰忄冘
快 7 ⿰忄夬
完 7 ⿱宀元
宋 7 ⿱宀木
宏 7 ⿱宀厷
牢 7 ⿱宀牛
究 7 ⿱穴九
穷 7 ⿱穴力
灾 7 ⿱宀火
良 7 ⿱丶艮
证 7 ⿰讠正
启 7 ⿸户口
评 7 ⿰讠平
补 7 ⿰衤卜
初 7 ⿰衤刀
社 7 ⿰礻土
识 7 ⿰讠只
诈 7 ⿰讠乍
诉 7 ⿰讠斥
诊 7 ⿰讠㐱
词 7 ⿰讠司
君 7 ⿸尹口
灵 7 ⿱𫜹火
层 7 ⿸尸云
屁 7 ⿸尸比
尿 7 ⿸尸水
尾 7 ⿸尸毛
迟 7 ⿺辶尺
局 7 ⿸尸⿹𠃌口
改 7 ⿰己攵
张 7 ⿰弓长
忌 7 ⿱己心
妓 7 ⿰女支
妙 7 ⿰女少
妖 7 ⿰女夭
妨 7 ⿰女方
妒 7 ⿰女户
努 7 ⿱奴力
忍 7 ⿱刃心
劲 7 ⿰𢀖力
矣 7 ⿱厶矢
鸡 7 ⿰又鸟
纬 7 ⿰纟韦
驱 7 ⿰马区
纯 7 ⿰纟屯
纱 7 ⿰纟少
纲 7 ⿰纟冈
纳 7 ⿰纟内
驳 7 ⿰马爻
纵 7 ⿰纟从
纷 7 ⿰纟分
纸 7 ⿰纟氏
纹 7 ⿰纟文
纺 7 ⿰纟方
驴 7 ⿰马户
纽 7 ⿰纟丑
闹 7 ⿵门市
泄 7 ⿰氵世
屉 7 ⿸尸世
邢 7 ⿰开阝
佤 7 ⿰亻瓦
邬 7 ⿰乌阝
祁 7 ⿰礻阝
阱 7 ⿰阝井
阮 7 ⿰阝元
阪 7 ⿰阝反
玕 7 ⿰𤣩干
抟 7 ⿰扌专
抔 7 ⿰扌不
圻 7 ⿰土斤
坂 7 ⿰土反
坍 7 ⿰土丹
坞 7 ⿰土乌
抃 7 ⿰扌卞
抉 7 ⿰扌夬
㧐 7 ⿰扌双
芫 7 ⿱艹元
芸 7 ⿱艹云
芾 7 ⿱艹巿
苈 7 ⿱艹历
苣 7 ⿱艹巨
芷 7 ⿱艹止
芮 7 ⿱艹内
苋 7 ⿱艹见
芼 7 ⿱艹毛
苌 7 ⿱艹长
苁 7 ⿱艹从
芩 7 ⿱艹今
芪 7 ⿱艹氏
芡 7 ⿱艹欠
芟 7 ⿱艹殳
苄 7 ⿱艹卞
苎 7 ⿱艹㝉
杌 7 ⿰木兀
杓 7 ⿰木勺
杞 7 ⿰木己
杈 7 ⿰木叉
忑 7 ⿱下心
孛 7 ⿱⿱十冖子
矶 7 ⿰石几
奁 7 ⿱大区
豕 7 ⿱一𧰨
忒 7 ⿹弋心
轫 7 ⿰车刃
迓 7 ⿺辶牙
忐 7 ⿱上心
卣 7 ⿱囙
旰 7 ⿰日干
呋 7 ⿰口夫
呒 7 ⿰口无
呓 7 ⿰口艺
呔 7 ⿰口太
呖 7 ⿰口历
呃 7 ⿰口厄
旸 7 ⿰日𠃓
吡 7 ⿰口比
町 7 ⿰田丁
虬 7 ⿰虫乚
呗 7 ⿰口贝
吽 7 ⿰口牛
吣 7 ⿰口心
吲 7 ⿰口引
帏 7 ⿰巾韦
岐 7 ⿰山支
岈 7 ⿰山牙
岘 7 ⿰山见
岑 7 ⿱山今
岚 7 ⿱山风
囵 7 ⿴囗仑
囫 7 ⿴囗勿
钊 7 ⿰钅刂
钋 7 ⿰钅卜
钌 7 ⿰钅了
迕 7 ⿺辶午
氙 7 ⿹气山
氚 7 ⿹气川
牤 7 ⿰牜亡
佞 7 ⿸仁女
攸 7 ⿲亻丨攵
佚 7 ⿰亻失
佝 7 ⿰亻句
佟 7 ⿰亻冬
佗 7 ⿰亻它
伽 7 ⿰亻加
彷 7 ⿰彳方
佘 7 ⿱人示
佥 7 ⿳亼𭕄一
孚 7 ⿱爫子
豸 7 ⿱⿳丿丿⿹𰀪
坌 7 ⿱分土
肟 7 ⿰月亏
奂 7 ⿳冂大
劬 7 ⿰句力
狄 7 ⿰犭火
狁 7 ⿰犭允
鸠 7 ⿰九鸟
饨 7 ⿰饣屯
饩 7 ⿰饣气
饪 7 ⿰饣壬
饫 7 ⿰饣夭
饬 7 ⿰饣⿱𠂉力
亨 7 ⿳亠口了
庑 7 ⿸广无
庋 7 ⿸广支
疔 7 ⿸疒丁
疖 7 ⿸疒𰆊
肓 7 ⿱亡月
闱 7 ⿵门韦
闳 7 ⿵门厷
闵 7 ⿵门文
炀 7 ⿰火𠃓
沣 7 ⿰氵丰
沅 7 ⿰氵元
沔 7 ⿰氵丏
沤 7 ⿰氵区
沌 7 ⿰氵屯
沏 7 ⿰氵切
沚 7 ⿰氵止
汩 7 ⿰氵曰
汨 7 ⿰氵日
沂 7 ⿰氵斤
汾 7 ⿰氵分
沨 7 ⿰氵风
汴 7 ⿰氵卞
汶 7 ⿰氵文
沆 7 ⿰氵亢
沩 7 ⿰氵为
怃 7 ⿰忄无
怄 7 ⿰忄区
忡 7 ⿰忄中
忤 7 ⿰忄午
忾 7 ⿰忄气
怅 7 ⿰忄长
忻 7 ⿰忄斤
忪 7 ⿰忄公
怆 7 ⿰忄仓
忭 7 ⿰忄卞
忸 7 ⿰忄丑
诂 7 ⿰讠古
诃 7 ⿰讠可
诅 7 ⿰讠且
诋 7 ⿰讠氐
诌 7 ⿰讠刍
诏 7 ⿰讠召
诒 7 ⿰讠台
孜 7 ⿰子攵
妍 7 ⿰女开
妩 7 ⿰女无
妪 7 ⿰女区
妣 7 ⿰女比
妊 7 ⿰女壬
妗 7 ⿰女今
妫 7 ⿰女为
妞 7 ⿰女丑
妤 7 ⿰女予
劭 7 ⿰召力
刭 7 ⿰𢀖刂
甬 7 ⿱龴用
纭 7 ⿰纟云
纰 7 ⿰纟比
纴 7 ⿰纟壬
纶 7 ⿰纟仑
纾 7 ⿰纟予
绁 7 ⿰纟世
邨 7 ⿰屯阝
邠 7 ⿰分阝
邡 7 ⿰方阝
玒 7 ⿰𤣩工
玓 7 ⿰𤣩勺
玘 7 ⿰𤣩己
玚 7 ⿰𤣩𠃓
刬 7 ⿰戋刂
𫭟 7 ⿰土区
坜 7 ⿰土历
坉 7 ⿰土屯
扽 7 ⿰扌屯
𫭢 7 ⿰土仑
坋 7 ⿰土分
扺 7 ⿰扌氏
㧑 7 ⿰扌为
毐 7 ⿱士毋
芰 7 ⿱艹支
芣 7 ⿱艹不
苊 7 ⿱艹厄
苉 7 ⿱艹匹
芘 7 ⿱艹比
芴 7 ⿱艹勿
芠 7 ⿱艹文
芤 7 ⿱艹孔
杕 7 ⿰木大
杙 7 ⿰木弋
杄 7 ⿰木千
杧 7 ⿰木亡
杩 7 ⿰木马
尪 7 ⿺尢王
尨 7 ⿺尤彡
轪 7 ⿰车大
𫐄 7 ⿰车兀
坒 7 ⿱比土
芈 7 ⿱卝⿻二丨
旴 7 ⿰日于
旵 7 ⿱日山
呙 7 ⿱口内
㕮 7 ⿰口父
岍 7 ⿰山开
𫵷 7 ⿰山历
岠 7 ⿰山巨
岜 7 ⿱山巴
呇 7 ⿱水口
冏 7 ⿵冂㕣
觃 7 ⿺见子
岙 7 ⿱夭山
伾 7 ⿰亻丕
㑇 7 ⿰亻刍
伭 7 ⿰亻玄
佖 7 ⿰亻必
伲 7 ⿰亻尼
佁 7 ⿰亻台
飏 7 ⿺风𠃓
狃 7 ⿰犭丑
闶 7 ⿵门亢
汧 7 ⿰氵开
汫 7 ⿰氵井
𣲘 7 ⿰氵无
𣲗 7 ⿰氵韦
沄 7 ⿰氵云
沘 7 ⿰氵比
𬇙 7 ⿰氵贝
汭 7 ⿰氵内
㳇 7 ⿰氵父
沇 7 ⿰氵允
忮 7 ⿰忄支
忳 7 ⿰忄屯
忺 7 ⿰忄欠
𬣡 7 ⿰讠戋
祃 7 ⿰礻马
诇 7 ⿰讠冋
诎 7 ⿰讠出
诐 7 ⿰讠皮
屃 7 ⿸尸贝
𫸩 7 ⿰弓区
岊 7 ⿱巴山
妧 7 ⿰女元
妘 7 ⿰女云
𨚕 7 ⿰弁阝
纮 7 ⿰纟厷
驲 7 ⿰马日
𫘜 7 ⿰马文
纻 7 ⿰纟㝉
𬘘 7 ⿰纟冘
𫘝 7 ⿰马夬
纼 7 ⿰纟引
冝 7 冖且
兌 7 八兄
𠤕 7 
㐬 7 亠𠫝
𠬶 7 
呂 7 口丿口
吳 7 𠃑大口
囬 7 囗丨𠄠丨
夋 7 厶八夂
妟 7 日女
圼 7 日土
㝴 7 元寸
寽 7 爫寸
𭕆 7 
夆 7 夂丰
壯 7 爿士
旲 7 日大
㡀 7 丷巾八
𣏃 7 
𣦼 7 
甹 7 由丂
犾 7 犭犬
皃 7 白儿
𦣻 7 
耴 7 耳乚
肙 7 口月
茾 7 艹开
䖝 7 丿虫
𫔭 7 
𡉼 7 
𫹍 7 
𥃭 7 
𬎿 7 
釆 7 丿米
車 7 亘丨
⻊ 7 
辵 7 
延 8 ⿺廴⿳丿𠃊
拟 8 ⿰扌以
里 8 ⿱田土
邮 8 ⿰由阝
邻 8 ⿰令阝
祀 8 ⿰礻巳
罕 8 ⿱㓁干
译 8 ⿰讠𠬤
即 8 ⿰⿲𠄌𫜹丶卩
际 8 ⿰阝示
陆 8 ⿰阝击
阿 8 ⿰阝可
陈 8 ⿰阝东
阻 8 ⿰阝且
附 8 ⿰阝付
坠 8 ⿱队土
姊 8 ⿰女𠂔
奉 8 ⿱𡗗𰀁
玩 8 ⿰𤣩元
环 8 ⿰𤣩不
武 8 ⿹⿽弋一止
青 8 ⿱龶月
责 8 ⿱龶贝
现 8 ⿰𤣩见
玫 8 ⿰𤣩攵
规 8 ⿰夫见
抹 8 ⿰扌末
卦 8 ⿰圭卜
坷 8 ⿰土可
坯 8 ⿰土丕
拓 8 ⿰扌石
拢 8 ⿰扌龙
拔 8 ⿰扌犮
坪 8 ⿰土平
拣 8 ⿰扌𫠣
坦 8 ⿰土旦
担 8 ⿰扌旦
坤 8 ⿰土申
押 8 ⿰扌甲
抽 8 ⿰扌由
拐 8 ⿰扌另
拖 8 ⿰扌㐌
者 8 ⿱耂日
拍 8 ⿰扌白
顶 8 ⿰丁页
拆 8 ⿰扌斥
拎 8 ⿰扌令
拥 8 ⿰扌用
抵 8 ⿰扌氐
拘 8 ⿰扌句
势 8 ⿱执力
抱 8 ⿰扌包
拄 8 ⿰扌主
垃 8 ⿰土立
拉 8 ⿰扌立
拦 8 ⿰扌兰
幸 8 ⿱土𢆉
拌 8 ⿰扌半
拧 8 ⿰扌宁
拂 8 ⿰扌弗
拙 8 ⿰扌出
招 8 ⿰扌召
坡 8 ⿰土皮
披 8 ⿰扌皮
拨 8 ⿰扌发
择 8 ⿰扌𠬤
抬 8 ⿰扌台
拇 8 ⿰扌母
拗 8 ⿰扌幼
其 8 ⿴共𠄠
取 8 ⿰耳又
茉 8 ⿱艹末
苦 8 ⿱艹古
昔 8 ⿱龷日
苛 8 ⿱艹可
若 8 ⿱艹右
茂 8 ⿱艹戊
苹 8 ⿱艹平
苗 8 ⿱艹田
英 8 ⿱艹央
苟 8 ⿱艹句
苑 8 ⿱艹夗
苞 8 ⿱艹包
范 8 ⿱艹氾
直 8 ⿱十⿴𠀃三
茁 8 ⿱艹出
茄 8 ⿱艹加
茎 8 ⿱艹圣
苔 8 ⿱艹台
茅 8 ⿱艹矛
枉 8 ⿰木王
林 8 ⿰木木
枝 8 ⿰木支
杯 8 ⿰木不
枢 8 ⿰木区
柜 8 ⿰木巨
枚 8 ⿰木攵
析 8 ⿰木斤
板 8 ⿰木反
松 8 ⿰木公
枪 8 ⿰木仓
枫 8 ⿰木风
构 8 ⿰木勾
杭 8 ⿰木亢
杰 8 ⿱木灬
述 8 ⿺辶术
枕 8 ⿰木冘
丧 8 ⿱⿻土丷⿰𠄌⿺乀丿
或 8 ⿹戈⿱口
画 8 ⿱一𰢵
卧 8 ⿰臣卜
事 8 ⿻⿱𠮛亅
刺 8 ⿰朿刂
枣 8 ⿱朿
雨 8 ⿻帀⿰
卖 8 ⿱十买
矾 8 ⿰石凡
矿 8 ⿰石广
码 8 ⿰石马
厕 8 ⿸厂则
奈 8 ⿱大示
奔 8 ⿱大卉
奇 8 ⿱大可
奋 8 ⿱大田
态 8 ⿱太心
欧 8 ⿰区欠
殴 8 ⿰区殳
垄 8 ⿱龙土
妻 8 ⿱⿻一肀女
轰 8 ⿱车双
顷 8 ⿰匕页
转 8 ⿰车专
斩 8 ⿰车斤
轮 8 ⿰车仑
软 8 ⿰车欠
到 8 ⿰至刂
非 8 ⿰⿰三丨⿰丨三
叔 8 ⿰尗又
歧 8 ⿰止支
肯 8 ⿱止月
齿 8 ⿱止⿶凵人
些 8 ⿱此二
卓 8 ⿱早
虎 8 ⿸虍儿
虏 8 ⿸虍力
肾 8 ⿱𰀡月
贤 8 ⿱𰀡贝
尚 8 ⿱冋
旺 8 ⿰日王
具 8 ⿱⿴𠀃三八
味 8 ⿰口未
昆 8 ⿱日比
国 8 ⿴囗玉
哎 8 ⿰口艾
咕 8 ⿰口古
昌 8 ⿱日曰
呵 8 ⿰口可
畅 8 ⿰申𠃓
明 8 ⿰日月
易 8 ⿱日勿
咙 8 ⿰口龙
昂 8 ⿱日卬
迪 8 ⿺辶由
典 8 
固 8 ⿴囗古
忠 8 ⿱中心
呻 8 ⿰口申
咒 8 ⿱吅几
咋 8 ⿰口乍
咐 8 ⿰口付
呼 8 ⿰口乎
鸣 8 ⿰口鸟
咏 8 ⿰口永
呢 8 ⿰口尼
咄 8 ⿰口出
咖 8 ⿰口加
岸 8 ⿱山厈
岩 8 ⿱山石
帖 8 ⿰巾占
罗 8 ⿱罒夕
帜 8 ⿰巾只
帕 8 ⿰巾白
岭 8 ⿰山令
凯 8 ⿰岂几
败 8 ⿰贝攵
账 8 ⿰贝长
贩 8 ⿰贝反
贬 8 ⿰贝乏
购 8 ⿰贝勾
贮 8 ⿰贝㝉
图 8 ⿴囗冬
钓 8 ⿰钅勺
制 8 ⿰⿻牛冂刂
知 8 ⿰矢口
迭 8 ⿺辶失
氛 8 ⿹气分
垂 8 
牧 8 ⿰牜攵
物 8 ⿰牜勿
乖 8 ⿻千北
刮 8 ⿰舌刂
秆 8 ⿰禾干
和 8 ⿰禾口
季 8 ⿱禾子
委 8 ⿱禾女
秉 8 ⿱丿𣏃
佳 8 ⿰亻圭
侍 8 ⿰亻寺
岳 8 ⿱丘山
供 8 ⿰亻共
使 8 ⿰亻吏
例 8 ⿰亻列
侠 8 ⿰亻夹
侥 8 ⿰亻尧
版 8 ⿰片反
侄 8 ⿰亻至
侦 8 ⿰亻贞
侣 8 ⿰亻吕
侧 8 ⿰亻则
凭 8 ⿱任几
侨 8 ⿰亻乔
佩 8 ⿰亻𫥞
货 8 ⿱化贝
侈 8 ⿰亻多
依 8 ⿰亻衣
卑 8 ⿱⿻白丿十
的 8 ⿰白勺
迫 8 ⿺辶白
质 8 ⿸𠂆⿱十贝
欣 8 ⿰斤欠
征 8 ⿰彳正
往 8 ⿰彳主
爬 8 ⿺爪巴
彼 8 ⿰彳皮
径 8 ⿰彳𢀖
所 8 ⿰戶斤
舍 8 ⿳𠆢一古
金 8 ⿱𫢉䒑
刹 8 ⿰⿱㐅朩刂
命 8 ⿱亼叩
肴 8 ⿱㐅有
斧 8 ⿱父斤
爸 8 ⿱父巴
采 8 ⿱爫木
觅 8 ⿱爫见
受 8 ⿳爫冖又
乳 8 ⿰孚乚
贪 8 ⿱今贝
念 8 ⿱今心
贫 8 ⿱分贝
忿 8 ⿱分心
肤 8 ⿰夫
肺 8 ⿰月巿
肢 8 ⿰月支
肿 8 ⿰月中
胀 8 ⿰长
朋 8 ⿰月月
股 8 ⿰殳
肮 8 ⿰月亢
肪 8 ⿰方
肥 8 ⿰月巴
服 8 ⿰月𠬝
胁 8 ⿰月办
周 8 ⿵𠮷
昏 8 ⿱氏日
鱼 8 ⿳田一
兔 8 ⿷免丶
狐 8 ⿰犭瓜
忽 8 ⿱勿心
狗 8 ⿰犭句
狞 8 ⿰犭宁
备 8 ⿱夂田
饰 8 ⿰饣⿱𠂉巾
饱 8 ⿰饣包
饲 8 ⿰饣司
变 8 ⿱𰁜又
京 8 ⿳亠口小
享 8 ⿳亠口子
庞 8 ⿸广龙
店 8 ⿸广占
夜 8 ⿱亠⿰亻⿴夂丶
庙 8 ⿸广由
府 8 ⿸广付
底 8 ⿸广氐
疟 8 ⿸疒𰀂
疙 8 ⿸疒乞
疚 8 ⿸疒久
剂 8 ⿰齐刂
卒 8 ⿱𠅃十
庚 8 ⿸广⿻大
废 8 ⿸广发
净 8 ⿰冫争
盲 8 ⿱亡目
放 8 ⿰方攵
刻 8 ⿰亥刂
育 8 ⿳亠厶
氓 8 ⿰亡民
闸 8 ⿵门甲
券 8 ⿱龹刀
卷 8 ⿱龹㔾
单 8 ⿱丷⿻日十
炬 8 ⿰火巨
炒 8 ⿰火少
炊 8 ⿰火欠
炕 8 ⿰火亢
炎 8 ⿱火火
炉 8 ⿰火户
沫 8 ⿰氵末
法 8 ⿰氵去
沽 8 ⿰氵古
河 8 ⿰氵可
沾 8 ⿰氵占
泪 8 ⿰氵目
沮 8 ⿰氵且
油 8 ⿰氵由
泊 8 ⿰氵白
沿 8 ⿰氵⿱𠘧口
泡 8 ⿰氵包
注 8 ⿰氵主
泣 8 ⿰氵立
泞 8 ⿰氵宁
泌 8 ⿰氵必
泳 8 ⿰氵永
泥 8 ⿰氵尼
沸 8 ⿰氵弗
沼 8 ⿰氵召
波 8 ⿰氵皮
泼 8 ⿰氵发
泽 8 ⿰氵𠬤
治 8 ⿰氵台
怔 8 ⿰忄正
怯 8 ⿰忄去
怖 8 ⿰忄布
性 8 ⿰忄生
怕 8 ⿰忄白
怜 8 ⿰忄令
怪 8 ⿰忄圣
怡 8 ⿰忄台
学 8 ⿱𰃮子
宝 8 ⿱宀玉
宗 8 ⿱宀示
定 8 ⿱宀𤴓
宠 8 ⿱宀龙
宜 8 ⿱宀且
审 8 ⿱宀申
宙 8 ⿱宀由
官 8 ⿱宀㠯
空 8 ⿱穴工
帘 8 ⿱穴巾
宛 8 ⿱宀夗
实 8 ⿱宀头
试 8 ⿰讠式
诗 8 ⿰讠寺
肩 8 ⿸戶月
房 8 ⿸戶方
诚 8 ⿰讠成
衬 8 ⿰衤寸
衫 8 ⿰衤彡
视 8 ⿰礻见
祈 8 ⿰礻斤
话 8 ⿰讠舌
诡 8 ⿰讠危
询 8 ⿰讠旬
该 8 ⿰讠亥
详 8 ⿰讠羊
肃 8 
录 8 ⿱彐氺
隶 8 ⿻氺
帚 8 ⿳𫜹冖巾
居 8 ⿸尸古
届 8 ⿸尸由
刷 8 ⿰𡰯刂
屈 8 ⿸尸出
弧 8 ⿰弓瓜
弥 8 ⿰弓尔
弦 8 ⿰弓玄
承 8 ⿲⿻了三⿺乀丿
孟 8 ⿱子皿
孤 8 ⿰子瓜
函 8 ⿶凵⿻丂⿱丷八
妹 8 ⿰女未
姑 8 ⿰女古
姐 8 ⿰女且
姓 8 ⿰女生
妮 8 ⿰女尼
始 8 ⿰女台
姆 8 ⿰女母
迢 8 ⿺辶召
驾 8 ⿱加马
叁 8 ⿳厶大三
参 8 ⿱⿱厶大彡
艰 8 ⿰又艮
线 8 ⿰纟戋
练 8 ⿰纟𫠣
组 8 ⿰纟且
绅 8 ⿰纟申
细 8 ⿰纟田
驶 8 ⿰马史
织 8 ⿰纟只
驹 8 ⿰马句
终 8 ⿰纟冬
驻 8 ⿰马主
绊 8 ⿰纟半
驼 8 ⿰马它
绍 8 ⿰纟召
绎 8 ⿰纟𠬤
经 8 ⿰纟𢀖
贯 8 ⿱毌贝
毒 8 ⿱龶母
革 8 
柿 8 ⿰木市
卸 8 ⿰𦈢卩
萨 8 ⿱艹⿰阝产
玙 8 ⿰𤣩与
邯 8 ⿰甘阝
苡 8 ⿱艹以
邴 8 ⿰丙阝
邳 8 ⿰丕阝
欤 8 ⿰与欠
邶 8 ⿰北阝
邺 8 ⿰业阝
兕 8 ⿱凹儿
邱 8 ⿰丘阝
邸 8 ⿰氐阝
邹 8 ⿰刍阝
羌 8 ⿸乚
泐 8 ⿰氵阞
陇 8 ⿰阝龙
陀 8 ⿰阝它
陂 8 ⿰阝皮
陉 8 ⿰阝𢀖
姒 8 ⿰女以
邵 8 ⿰召阝
邰 8 ⿰台阝
玮 8 ⿰𤣩韦
玡 8 ⿰𤣩牙
玭 8 ⿰𤣩比
玠 8 ⿰𤣩介
玢 8 ⿰𤣩分
玥 8 ⿰𤣩月
玦 8 ⿰𤣩夬
盂 8 ⿱于皿
忝 8 ⿱天㣺
匦 8 ⿷匚⿰车九
坩 8 ⿰土甘
抨 8 ⿰扌平
拤 8 ⿰扌卡
坫 8 ⿰土占
拈 8 ⿰扌占
垆 8 ⿰土卢
抻 8 ⿰扌申
劼 8 ⿰吉力
拃 8 ⿰扌乍
拊 8 ⿰扌付
坼 8 ⿰土斥
坻 8 ⿰土氐
㧟 8 ⿰扌汇
坨 8 ⿰土它
坭 8 ⿰土尼
抿 8 ⿰扌民
坳 8 ⿰土幼
苷 8 ⿱艹甘
苯 8 ⿱艹本
苤 8 ⿱艹丕
茏 8 ⿱艹龙
苫 8 ⿱艹占
苜 8 ⿱艹目
苴 8 ⿱艹且
苒 8 ⿱艹冉
苘 8 ⿱艹冋
茌 8 ⿱艹仕
苻 8 ⿱艹付
苓 8 ⿱艹令
茆 8 ⿱艹卯
茑 8 ⿱艹鸟
茓 8 ⿱艹穴
茔 8 ⿱𫇦土
茕 8 ⿱𫇦卂
茀 8 ⿱艹弗
苕 8 ⿱艹召
枥 8 ⿰木历
枇 8 ⿰木比
杪 8 ⿰木少
杳 8 ⿱木日
枧 8 ⿰木见
杵 8 ⿰木午
枨 8 ⿰木长
枞 8 ⿰木从
枋 8 ⿰木方
杻 8 ⿰木丑
杷 8 ⿰木巴
杼 8 ⿰木予
矸 8 ⿰石干
砀 8 ⿰石𠃓
刳 8 ⿰夸刂
奄 8 ⿱大电
殁 8 ⿰歹殳
轭 8 ⿰车厄
鸢 8 ⿱弋鸟
盱 8 ⿰目于
昊 8 ⿱日天
昙 8 ⿱日云
杲 8 ⿱日木
昃 8 ⿱日仄
咂 8 ⿰口匝
呸 8 ⿰口丕
昕 8 ⿰日斤
昀 8 ⿰日匀
旻 8 ⿱日文
昉 8 ⿰日方
炅 8 ⿱日火
咔 8 ⿰口卡
畀 8 ⿱田丌
虮 8 ⿰虫几
咀 8 ⿰口且
呷 8 ⿰口甲
黾 8 ⿱口电
呱 8 ⿰口瓜
呤 8 ⿰口令
咚 8 ⿰口冬
咆 8 ⿰口包
咛 8 ⿰口宁
呶 8 ⿰口奴
呣 8 ⿰口母
呦 8 ⿰口幼
咝 8 ⿰口丝
岢 8 ⿱山可
岿 8 ⿱山归
岬 8 ⿰山甲
岫 8 ⿰山由
帙 8 ⿰巾失
岣 8 ⿰山句
峁 8 ⿱山卯
刿 8 ⿰岁刂
迥 8 ⿺辶冋
岷 8 ⿰山民
剀 8 ⿰岂刂
帔 8 ⿰巾皮
峄 8 ⿰山𠬤
沓 8 ⿱水曰
囹 8 ⿴囗令
罔 8 ⿵𦉰亡
钍 8 ⿰钅土
钎 8 ⿰钅千
钏 8 ⿰钅川
钒 8 ⿰钅凡
钕 8 ⿰钅女
钗 8 ⿰钅叉
迮 8 ⿺辶乍
牦 8 ⿰牛毛
竺 8 ⿱𥫗二
迤 8 ⿺辶㐌
佶 8 ⿰亻吉
佬 8 ⿰亻老
佰 8 ⿰亻百
侑 8 ⿰亻有
侉 8 ⿰亻夸
臾 8 ⿻臼人
岱 8 ⿱代山
侗 8 ⿰亻同
侃 8 ⿰亻⿱口𫶧
侏 8 ⿰亻朱
侩 8 ⿰亻会
佻 8 ⿰亻兆
佾 8 ⿰亻䏌
侪 8 ⿰亻齐
佼 8 ⿰亻交
佯 8 ⿰亻羊
侬 8 ⿰亻农
帛 8 ⿱白巾
阜 8 ⿱𠂤十
侔 8 ⿰亻牟
徂 8 ⿰彳且
刽 8 ⿰会刂
怂 8 ⿱从心
籴 8 ⿱入米
戗 8 ⿰仓戈
肼 8 ⿰月井
䏝 8 ⿰月专
肽 8 ⿰太
肱 8 ⿰月厷
肫 8 ⿰月屯
剁 8 ⿰朵刂
迩 8 ⿺辶尔
狙 8 ⿰犭且
狎 8 ⿰犭甲
狍 8 ⿰犭包
狒 8 ⿰犭弗
咎 8 ⿱处口
炙 8 ⿱𱼀火
枭 8 ⿹鸟一木
饴 8 ⿰饣台
冽 8 ⿰冫列
冼 8 ⿰冫先
庖 8 ⿸广包
疠 8 ⿸疒万
疝 8 ⿸疒山
兖 8 ⿱亠兊
妾 8 ⿱立女
劾 8 ⿰亥力
炜 8 ⿰火韦
𬉼 8 ⿰火区
炖 8 ⿰火屯
炘 8 ⿰火斤
炝 8 ⿰火仓
炔 8 ⿰火夬
泔 8 ⿰氵甘
沭 8 ⿰氵术
泷 8 ⿰氵龙
泸 8 ⿰氵卢
泱 8 ⿰氵央
泅 8 ⿰氵囚
泗 8 ⿰氵四
泠 8 ⿰氵令
泺 8 ⿰氵乐
泖 8 ⿰氵卯
泫 8 ⿰氵玄
泮 8 ⿰氵半
沱 8 ⿰氵它
泯 8 ⿰氵民
泓 8 ⿰氵弘
泾 8 ⿰氵𢀖
怙 8 ⿰忄古
怵 8 ⿰忄朮
怦 8 ⿰忄平
怛 8 ⿰忄旦
怏 8 ⿰忄央
怍 8 ⿰忄乍
㤘 8 ⿰忄刍
怩 8 ⿰忄尼
怫 8 ⿰忄弗
宕 8 ⿱宀石
穹 8 ⿱穴弓
宓 8 ⿱宀必
诓 8 ⿰讠匡
诔 8 ⿰讠耒
诖 8 ⿰讠圭
诘 8 ⿰讠吉
戾 8 ⿸戶犬
诙 8 ⿰讠灰
戽 8 ⿸户斗
衩 8 ⿰衤叉
祆 8 ⿰礻天
祎 8 ⿰礻韦
祉 8 ⿰礻止
祇 8 ⿰礻氏
诛 8 ⿰讠朱
诜 8 ⿰讠先
诟 8 ⿰讠后
诠 8 ⿰讠全
诣 8 ⿰讠旨
诤 8 ⿰讠争
诧 8 ⿰讠宅
诨 8 ⿰讠军
诩 8 ⿰讠羽
戕 8 ⿰爿戈
孢 8 ⿰子包
亟 8 ⿱⿻了叹一
妲 8 ⿰女旦
妯 8 ⿰女由
姗 8 ⿰女册
帑 8 ⿱奴巾
弩 8 ⿱奴弓
孥 8 ⿱奴子
驽 8 ⿱奴马
虱 8 ⿹䖝
迦 8 ⿺辶加
迨 8 ⿺辶台
绀 8 ⿰纟甘
绂 8 ⿰纟犮
驷 8 ⿰马四
驸 8 ⿰马付
绉 8 ⿰纟刍
绌 8 ⿰纟出
骀 8 ⿰马台
甾 8 ⿱巛田
贳 8 ⿱世贝
𫇭 8 ⿱艹为
邲 8 ⿰必阝
阽 8 ⿰阝占
䢺 8 ⿰出阝
阼 8 ⿰阝乍
玤 8 ⿰𤣩丰
玞 8 ⿰𤣩夫
玱 8 ⿰𤣩仓
玟 8 ⿰𤣩文
坥 8 ⿰土且
坰 8 ⿰土冋
坬 8 ⿰土瓜
坽 8 ⿰土令
弆 8 ⿱去廾
耵 8 ⿰耳丁
茋 8 ⿱艹氐
苧 8 ⿱艹宁
苾 8 ⿱艹必
苠 8 ⿱艹民
枅 8 ⿰木开
㭎 8 ⿰木冈
枘 8 ⿰木內
枍 8 ⿰木兮
矼 8 ⿰石工
矻 8 ⿰石乞
匼 8 ⿷匚合
𬨂 8 ⿰车氏
𬀩 8 ⿰日韦
𬀪 8 ⿰日见
旿 8 ⿰日午
昇 8 ⿱日升
昄 8 ⿰日反
昒 8 ⿰日勿
昈 8 ⿰日户
咉 8 ⿰口央
咇 8 ⿰口必
咍 8 ⿰口台
岵 8 ⿰山古
岽 8 ⿱山东
岨 8 ⿰山且
岞 8 ⿰山乍
峂 8 ⿰山冬
㟃 8 ⿰山司
囷 8 ⿴囗禾
𬬩 8 ⿰钅弋
钐 8 ⿰钅彡
钔 8 ⿰钅门
钖 8 ⿰钅𠃓
牥 8 ⿰牜方
佴 8 ⿰亻耳
垈 8 ⿱代土
侁 8 ⿰亻先
佸 8 ⿰亻舌
佺 8 ⿰亻全
隹 8 ⿰亻⿱亠龶
㑊 8 ⿰亻亦
侂 8 ⿰亻㡯
佽 8 ⿰亻次
侘 8 ⿰亻宅
舠 8 ⿰舟刀
攽 8 ⿰分攵
肭 8 ⿰內
肸 8 ⿰月⿱八十
肷 8 ⿰月欠
狉 8 ⿰犭丕
狝 8 ⿰犭尔
饳 8 ⿰饣出
忞 8 ⿱文心
於 8 ⿰方仒
炌 8 ⿰火介
炆 8 ⿰火文
泙 8 ⿰氵平
沺 8 ⿰氵田
泂 8 ⿰氵冋
泜 8 ⿰氵氐
泃 8 ⿰氵句
泇 8 ⿰氵加
怊 8 ⿰忄召
峃 8 ⿱𰃮山
穸 8 ⿱穴夕
祋 8 ⿰礻殳
祊 8 ⿰礻方
𫍣 8 ⿰讠同
𬣳 8 ⿰讠艮
鸤 8 ⿰尸鸟
弢 8 ⿰弓𠬢
弨 8 ⿰弓召
卺 8 ⿱丞㔾
乸 8 ⿺也母
妭 8 ⿰女犮
姈 8 ⿰女令
𫰛 8 ⿰女𢀖
迳 8 ⿺辶𢀖
叕 8 ⿰㕛㕛
𬳵 8 ⿰马丕
驵 8 ⿰马且
𬳶 8 ⿰马冋
驺 8 ⿰马刍
𫠊 8 ⿰马玄
绋 8 ⿰纟弗
绐 8 ⿰纟台
並 8 䒑业
𠚍 8 
匋 8 勹缶
㐭 8 亠回
匊 8 勹米
𠦝 8 
龺 8 十早
厓 8 厂圭
兒 8 臼儿
咅 8 立口
𫩠 8 
坴 8 土八土
夌 8 土八夂
㝵 8 旦寸
㚘 8 夫夫
𡬠 8 
彔 8 彑氺
㧜 8 扌匝
昍 8 日日
𢼄 8 
昗 8 日六
歨 8 止龰
㲎 8 毛毛
炏 8 火火
沝 8 水水
㸚 8 爻爻
㸒 8 爫壬
爭 8 爫𬺰
玨 8 𤣩王
牪 8 牜牛
疌 8 
𥃲 8 
𥝢 8 
𫂱 8 
罙 8 㓁木
𫇦 8 
豖 8 豕丶
臽 8 臼
镸 8 丨三𠫔
𲂻 8 
𠣜 8 
𦙍 8 
𤕰 8 
𬎾 8 
表 9 ⿱龶𧘇
郁 9 ⿰有阝
果 9 ⿻日木
郊 9 ⿰交阝
郑 9 ⿰关阝
浅 9 ⿰氵戋
泻 9 ⿰氵写
建 9 ⿺廴聿
陋 9 ⿰阝𫠥
陌 9 ⿰阝百
陕 9 ⿰阝夹
降 9 ⿰阝夅
限 9 ⿰阝艮
契 9 ⿱㓞大
贰 9 ⿹弋⿱二贝
奏 9 ⿱𡗗天
春 9 ⿱𡗗日
玷 9 ⿰𤣩占
珍 9 ⿰𤣩㐱
玲 9 ⿰𤣩令
珊 9 ⿰𤣩册
玻 9 ⿰𤣩皮
型 9 ⿱刑土
拭 9 ⿰扌式
挂 9 ⿰扌圭
封 9 ⿰圭寸
持 9 ⿰扌寺
拷 9 ⿰扌考
拱 9 ⿰扌共
项 9 ⿰工页
垮 9 ⿰土夸
挎 9 ⿰扌夸
城 9 ⿰土成
挟 9 ⿰扌夹
挠 9 ⿰扌尧
政 9 ⿰正攵
赴 9 ⿺走卜
赵 9 ⿺走㐅
挡 9 ⿰扌当
拽 9 ⿰扌曳
哉 9 ⿹𢦏口
括 9 ⿰扌舌
垢 9 ⿰土后
拴 9 ⿰扌全
拾 9 ⿰扌合
挑 9 ⿰扌兆
垛 9 ⿰土朵
指 9 ⿰扌旨
垫 9 ⿱执土
挣 9 ⿰扌爭
挤 9 ⿰扌齐
拼 9 ⿰扌并
挖 9 ⿰扌穵
按 9 ⿰扌安
挥 9 ⿰扌军
拯 9 ⿰扌丞
某 9 ⿱甘木
甚 9 ⿱⿴龷𠄠⿺𠃊八
茸 9 ⿱艹耳
茬 9 ⿱艹在
荐 9 ⿱艹存
巷 9 ⿱共巳
带 9 ⿳卅冖巾
草 9 ⿱艹早
茧 9 ⿱艹虫
茵 9 ⿱艹因
茶 9 ⿳艹𠆢朩
荒 9 ⿱艹巟
茫 9 ⿱艹汒
荡 9 ⿱艹汤
荣 9 ⿱𫇦木
荤 9 ⿱艹军
荧 9 ⿱𫇦火
故 9 ⿰古攵
胡 9 ⿰古月
荔 9 ⿱艹劦
南 9 ⿱十⿵冂𢆉
药 9 ⿱艹约
标 9 ⿰木示
栈 9 ⿰木戋
柑 9 ⿰木甘
枯 9 ⿰木古
柄 9 ⿰木丙
栋 9 ⿰木东
相 9 ⿰木目
查 9 ⿱木旦
柏 9 ⿰木白
栅 9 ⿰木册
柳 9 ⿰木卯
柱 9 ⿰木主
栏 9 ⿰木兰
柠 9 ⿰木宁
树 9 ⿰木对
勃 9 ⿰孛力
要 9 ⿱覀女
柬 9 ⿻束丷
咸 9 ⿵戌口
威 9 ⿵戌女
歪 9 ⿱不正
研 9 ⿰石开
砖 9 ⿰石专
厚 9 ⿸厂⿱日子
砌 9 ⿰石切
砂 9 ⿰石少
泵 9 ⿱石水
砚 9 ⿰石见
砍 9 ⿰石欠
面 9 ⿱丆囬
耐 9 ⿰而寸
耍 9 ⿱而女
牵 9 ⿳大冖牛
鸥 9 ⿰区鸟
殃 9 ⿰歹央
轴 9 ⿰车由
轻 9 ⿰车𢀖
鸦 9 ⿰牙鸟
皆 9 ⿱比白
韭 9 ⿱非一
背 9 ⿱北月
战 9 ⿰占戈
点 9 ⿱占灬
虐 9 ⿸虍𰀂
临 9 ⿲丨丨⿱⿱𠂉丶𫩏
览 9 ⿱𰀢见
竖 9 ⿱𰀡立
省 9 ⿱少目
削 9 ⿰肖刂
尝 9 ⿱龸云
昧 9 ⿰日未
盹 9 ⿰目屯
是 9 ⿱日𤴓
盼 9 ⿰目分
眨 9 ⿰目乏
哇 9 ⿰口圭
哄 9 ⿰口共
哑 9 ⿰口亚
显 9 ⿱日业
冒 9 ⿱日目
映 9 ⿰日央
星 9 ⿱日生
昨 9 ⿰日乍
咧 9 ⿰口列
昭 9 ⿰日召
畏 9 ⿳田一⿰𠄌⿺乀丿
趴 9 ⿰𧾷八
胃 9 ⿱田月
贵 9 ⿱𠀐贝
界 9 ⿱田介
虹 9 ⿰虫工
虾 9 ⿰虫下
蚁 9 ⿰虫义
思 9 ⿱田心
蚂 9 ⿰虫马
虽 9 ⿱口虫
品 9 ⿱口吅
咽 9 ⿰口因
骂 9 ⿱吅马
勋 9 ⿰员力
哗 9 ⿰口华
咱 9 ⿰口自
响 9 ⿰口向
哈 9 ⿰口合
哆 9 ⿰口多
咬 9 ⿰口交
咳 9 ⿰口亥
咪 9 ⿰口米
哟 9 ⿰口约
炭 9 ⿱山⿸厂火
峡 9 ⿰山夹
罚 9 ⿱罒⿰讠刂
贱 9 ⿰贝戋
贴 9 ⿰贝占
贻 9 ⿰贝台
幽 9 ⿻山𢆶
钙 9 ⿰钅丐
钝 9 ⿰钅屯
钞 9 ⿰钅少
钟 9 ⿰钅中
钢 9 ⿰钅冈
钠 9 ⿰钅内
钥 9 ⿰钅月
钦 9 ⿰钅欠
钧 9 ⿰钅匀
钩 9 ⿰钅勾
钮 9 ⿰钅丑
缸 9 ⿰缶工
拜 9 ⿰龵⿱一丰
看 9 ⿸龵目
矩 9 ⿰矢巨
毡 9 ⿺毛占
氢 9 ⿹气𢀖
怎 9 ⿱乍心
牲 9 ⿰牜生
选 9 ⿺辶先
适 9 ⿺辶舌
秒 9 ⿰禾少
香 9 ⿱禾日
种 9 ⿰禾中
秋 9 ⿰禾火
科 9 ⿰禾斗
重 9 ⿱千里
复 9 ⿱𭥍夂
竿 9 ⿱𥫗干
段 9 ⿰⿰丨亖殳
便 9 ⿰亻更
俩 9 ⿰亻两
贷 9 ⿱代贝
顺 9 ⿰川页
俏 9 ⿰亻肖
保 9 ⿰亻呆
促 9 ⿰亻足
俄 9 ⿰亻我
俐 9 ⿰亻利
侮 9 ⿰亻每
俭 9 ⿰亻佥
俗 9 ⿰亻谷
俘 9 ⿰亻孚
信 9 ⿰亻言
皇 9 ⿱白王
泉 9 ⿱白水
侵 9 ⿰亻𠬶
禹 9 
侯 9 ⿰亻⿱⿱𠃍一矢
追 9 ⿺辶𠂤
俊 9 ⿰亻夋
盾 9 ⿸𠂆𥃭
待 9 ⿰彳寺
徊 9 ⿰彳回
衍 9 ⿲彳氵亍
律 9 ⿰彳聿
很 9 ⿰彳艮
须 9 ⿰彡页
叙 9 ⿰余又
剑 9 ⿰佥刂
逃 9 ⿺辶兆
食 9 ⿱人良
盆 9 ⿱分皿
胚 9 ⿰月丕
胧 9 ⿰龙
胆 9 ⿰旦
胜 9 ⿰月生
胞 9 ⿰月包
胖 9 ⿰月半
脉 9 ⿰月永
胎 9 ⿰台
勉 9 ⿺免力
狭 9 ⿰犭夹
狮 9 ⿰犭师
独 9 ⿰犭虫
狰 9 ⿰犭争
狡 9 ⿰犭交
狱 9 ⿲犭讠犬
狠 9 ⿰犭艮
贸 9 ⿱⿰𠂎刀贝
怨 9 ⿱夗心
急 9 ⿱刍心
饵 9 ⿰饣耳
饶 9 ⿰饣尧
蚀 9 ⿰饣虫
饺 9 ⿰饣交
饼 9 ⿰饣并
峦 9 ⿱𰁜山
弯 9 ⿱𰁜弓
奖 9 ⿱⿰丬夕大
哀 9 ⿳亠口𧘇
亭 9 ⿱⿳亠口冖丁
亮 9 ⿳亠口冗
度 9 ⿸广⿱廿又
迹 9 ⿺辶亦
疮 9 ⿸疒仓
疯 9 ⿸疒风
疫 9 ⿸疒殳
疤 9 ⿸疒巴
咨 9 ⿱次口
姿 9 ⿱次女
亲 9 ⿱立朩
音 9 ⿱立日
帝 9 ⿱⿳亠丷冖巾
施 9 ⿸𭤨也
闺 9 ⿵门圭
闻 9 ⿵门耳
闽 9 ⿵门虫
阀 9 ⿵门伐
阁 9 ⿵门各
差 9 ⿱𦍌⿰丿工
养 9 ⿳䒑夫⿰丿丨
美 9 ⿱𦍌大
姜 9 ⿱𦍌女
叛 9 ⿰半反
送 9 ⿺辶关
类 9 ⿱米大
迷 9 ⿺辶米
籽 9 ⿰米子
娄 9 ⿱米女
前 9 ⿱䒑刖
首 9 ⿱丷𦣻
逆 9 ⿺辶屰
兹 9 ⿱䒑𢆶
总 9 ⿱丷𢗀
炼 9 ⿰火𫠣
炸 9 ⿰火乍
烁 9 ⿰火乐
炮 9 ⿰火包
炫 9 ⿰火玄
烂 9 ⿰火兰
剃 9 ⿰弟刂
洼 9 ⿰氵圭
洁 9 ⿰氵吉
洪 9 ⿰氵共
洒 9 ⿰氵西
柒 9 ⿱⿰氵七木
浇 9 ⿰氵尧
浊 9 ⿰氵虫
洞 9 ⿰氵同
测 9 ⿰氵则
洗 9 ⿰氵先
活 9 ⿰氵舌
派 9 ⿰氵𠂢
洽 9 ⿰氵合
染 9 ⿱氿木
洛 9 ⿰氵各
浏 9 ⿰氵刘
济 9 ⿰氵齐
洋 9 ⿰氵羊
洲 9 ⿰氵州
浑 9 ⿰氵军
浓 9 ⿰氵农
津 9 ⿰氵聿
恃 9 ⿰忄寺
恒 9 ⿰忄亘
恢 9 ⿰忄灰
恍 9 ⿰忄光
恬 9 ⿰忄舌
恤 9 ⿰忄血
恰 9 ⿰忄合
恼 9 ⿰忄㐫
恨 9 ⿰忄艮
举 9 ⿱兴𰀁
觉 9 ⿱𰃮见
宣 9 ⿱宀亘
宦 9 ⿱宀臣
室 9 ⿱宀至
宫 9 ⿱宀吕
宪 9 ⿱宀先
突 9 ⿱穴犬
穿 9 ⿱穴牙
窃 9 ⿱穴切
客 9 ⿱宀各
诫 9 ⿰讠戒
冠 9 ⿱冖㝴
诬 9 ⿰讠巫
语 9 ⿰讠吾
扁 9 ⿸戶冊
袄 9 ⿰衤夭
祖 9 ⿰礻且
神 9 ⿰礻申
祝 9 ⿰礻兄
误 9 ⿰讠吴
诱 9 ⿰讠秀
诲 9 ⿰讠每
说 9 ⿰讠兑
诵 9 ⿰讠甬
垦 9 ⿱艮土
退 9 ⿺辶艮
屋 9 ⿸尸至
昼 9 ⿵尺旦
屏 9 ⿸尸并
屎 9 ⿸尸米
费 9 ⿱弗贝
逊 9 ⿺辶孙
眉 9 ⿸𠃜目
孩 9 ⿰子亥
娃 9 ⿰女圭
姥 9 ⿰女老
姨 9 ⿰女夷
姻 9 ⿱女因
娇 9 ⿰女乔
姚 9 ⿰女兆
怒 9 ⿱奴心
架 9 ⿱加木
贺 9 ⿱加贝
盈 9 ⿱夃皿
勇 9 ⿱甬力
怠 9 ⿱台心
癸 9 ⿱癶天
柔 9 ⿱矛木
垒 9 ⿱厽土
绒 9 ⿰纟戎
结 9 ⿰纟吉
绕 9 ⿰纟尧
骄 9 ⿰马乔
绘 9 ⿰纟会
给 9 ⿰纟合
绚 9 ⿰纟旬
骆 9 ⿰马各
络 9 ⿰纟各
绝 9 ⿰纟色
绞 9 ⿰纟交
骇 9 ⿰马亥
统 9 ⿰纟充
莽 9 ⿳艹犬廾
席 9 ⿸广⿱廿巾
耶 9 ⿰耳阝
茚 9 ⿱艹印
瓯 9 ⿰区瓦
郏 9 ⿰夹阝
郅 9 ⿰至阝
邾 9 ⿰朱阝
郄 9 ⿰𠫤阝
瓮 9 ⿱公瓦
郇 9 ⿰旬阝
饯 9 ⿰饣戋
疡 9 ⿸疒𠃓
怿 9 ⿰忄𠬤
郓 9 ⿰军阝
陔 9 ⿰阝亥
驿 9 ⿰马𠬤
珏 9 ⿰𤣩玉
珐 9 ⿰𤣩去
珂 9 ⿰𤣩可
珑 9 ⿰𤣩龙
玳 9 ⿰𤣩代
珀 9 ⿰𤣩白
顸 9 ⿰干页
珉 9 ⿰𤣩民
珈 9 ⿰𤣩加
拮 9 ⿰扌吉
垭 9 ⿰土亚
挝 9 ⿰扌过
垣 9 ⿰土亘
挞 9 ⿰扌达
垤 9 ⿰土至
赳 9 ⿺走丩
贲 9 ⿱卉贝
垱 9 ⿰土当
垌 9 ⿰土同
垧 9 ⿰土向
垓 9 ⿰土亥
挦 9 ⿰扌寻
垠 9 ⿰土艮
茜 9 ⿱艹西
荚 9 ⿱艹夹
荑 9 ⿱艹夷
荜 9 ⿱艹毕
茼 9 ⿱艹同
茴 9 ⿱艹回
茱 9 ⿱艹朱
荞 9 ⿱艹乔
茯 9 ⿱艹伏
荏 9 ⿱艹任
荇 9 ⿱艹行
荃 9 ⿱艹全
荟 9 ⿱艹会
荀 9 ⿱艹旬
茗 9 ⿱艹名
荠 9 ⿱艹齐
茭 9 ⿱艹交
茨 9 ⿱艹次
垩 9 ⿱亚土
荥 9 ⿱𫇦水
荦 9 ⿱𫇦牛
荨 9 ⿱艹寻
荩 9 ⿱艹尽
剋 9 ⿺克刂
荪 9 ⿱艹孙
茹 9 ⿱艹如
荬 9 ⿱艹买
荮 9 ⿱艹纣
柰 9 ⿱木示
栉 9 ⿰木节
柯 9 ⿰木可
柘 9 ⿰木石
栊 9 ⿰木龙
柩 9 ⿰木匛
枰 9 ⿰木平
栌 9 ⿰木卢
柙 9 ⿰木甲
枵 9 ⿰木号
柚 9 ⿰木由
枳 9 ⿰木只
柞 9 ⿰木乍
柝 9 ⿰木斥
栀 9 ⿰木卮
柢 9 ⿰木氐
栎 9 ⿰木乐
枸 9 ⿰木句
柈 9 ⿰木半
柁 9 ⿰木它
枷 9 ⿰木加
柽 9 ⿰木圣
剌 9 ⿰束刂
酊 9 ⿰酉丁
甭 9 ⿱不用
砗 9 ⿰石车
砘 9 ⿰石屯
砒 9 ⿰石比
斫 9 ⿰石斤
砭 9 ⿰石乏
砜 9 ⿰石风
奎 9 ⿱大圭
耷 9 ⿱大耳
虺 9 ⿺兀虫
殂 9 ⿰歹且
殇 9 ⿰歹⿱𠂉𠃓
殄 9 ⿰歹㐱
殆 9 ⿰歹台
轱 9 ⿰车古
轲 9 ⿰车可
轳 9 ⿰车卢
轶 9 ⿰车失
轸 9 ⿰车㐱
虿 9 ⿱万虫
毖 9 ⿱比必
觇 9 ⿰占见
尜 9 ⿱尖小
哐 9 ⿰口匡
眄 9 ⿰目丏
眍 9 ⿰目区
眇 9 ⿰目少
眊 9 ⿰目毛
眈 9 ⿰目冘
禺 9 ⿻日禸
哂 9 ⿰口西
咴 9 ⿰口灰
曷 9 ⿱曰匃
昴 9 ⿱日卯
昱 9 ⿱日立
昵 9 ⿰日尼
咦 9 ⿰口夷
哓 9 ⿰口尧
哔 9 ⿰口毕
畎 9 ⿰田犬
毗 9 ⿰田比
呲 9 ⿰口此
胄 9 ⿱由月
畋 9 ⿰田攵
畈 9 ⿰田反
虼 9 ⿰虫乞
虻 9 ⿰虫亡
盅 9 ⿱中皿
咣 9 ⿰口光
哕 9 ⿰口岁
剐 9 ⿰呙刂
咻 9 ⿰口休
囿 9 ⿴囗有
咿 9 ⿰口伊
哌 9 ⿰口𠂢
哙 9 ⿰口会
哚 9 ⿰口朵
咯 9 ⿰口各
咩 9 ⿰口羊
咤 9 ⿰口宅
哝 9 ⿰口农
哏 9 ⿰口艮
哞 9 ⿰口牟
峙 9 ⿰山寺
峣 9 ⿰山尧
罘 9 ⿱罒不
帧 9 ⿰巾贞
峒 9 ⿰山同
峤 9 ⿰山乔
峋 9 ⿰山旬
峥 9 ⿰山争
贶 9 ⿰贝兄
钚 9 ⿰钅不
钛 9 ⿰钅太
钡 9 ⿰钅贝
钣 9 ⿰钅反
钤 9 ⿰钅今
钨 9 ⿰钅乌
钫 9 ⿰钅方
钯 9 ⿰钅巴
氡 9 ⿹气冬
氟 9 ⿹气弗
牯 9 ⿰牜古
秕 9 ⿰禾比
竽 9 ⿱𥫗于
笈 9 ⿱𥫗及
笃 9 ⿱𥫗马
俦 9 ⿰亻寿
俨 9 ⿰亻严
俅 9 ⿰亻求
俪 9 ⿰亻丽
叟 9 ⿱⿻臼丨又
垡 9 ⿱伐土
牮 9 ⿱代牛
俣 9 ⿰亻吴
皈 9 ⿰白反
俑 9 ⿰亻甬
俟 9 ⿰亻矣
逅 9 ⿺辶后
徇 9 ⿰彳旬
徉 9 ⿰彳羊
舢 9 ⿰舟山
俞 9 ⿱亼刖
俎 9 ⿰仌且
爰 9 ⿳爫一友
胨 9 ⿰月东
胪 9 ⿰卢
胛 9 ⿰月甲
胂 9 ⿰申
胙 9 ⿰月乍
胍 9 ⿰月瓜
胗 9 ⿰月㐱
胝 9 ⿰月氐
朐 9 ⿰月句
胫 9 ⿰月𢀖
鸨 9 ⿰𠤏鸟
匍 9 ⿹勹甫
狨 9 ⿰犭戎
狯 9 ⿰犭会
飑 9 ⿺风包
狩 9 ⿰犭守
狲 9 ⿰犭孙
訇 9 ⿹勹言
逄 9 ⿺辶夅
昝 9 ⿱处日
饷 9 ⿰饣向
饸 9 ⿰饣合
饹 9 ⿰饣各
胤 9 ⿰𦙍乚
孪 9 ⿱𰁜子
娈 9 ⿱𰁜女
弈 9 ⿱亦廾
奕 9 ⿱亦大
庥 9 ⿸广休
疬 9 ⿸疒历
疣 9 ⿸疒尤
疥 9 ⿸疒介
疭 9 ⿸疒从
庠 9 ⿸广羊
竑 9 ⿰立厷
彦 9 ⿸产彡
飒 9 ⿰立风
闼 9 ⿵门达
闾 9 ⿵门吕
闿 9 ⿵门岂
阂 9 ⿵门亥
羑 9 ⿱𦍌久
迸 9 ⿺辶并
籼 9 ⿰米山
酋 9 ⿱丷酉
炳 9 ⿰火丙
炻 9 ⿰火石
炽 9 ⿰火只
炯 9 ⿰火冋
烀 9 ⿰火乎
炷 9 ⿰火主
烃 9 ⿰火𢀖
洱 9 ⿰氵耳
洹 9 ⿰氵亘
洧 9 ⿰氵有
洌 9 ⿰氵列
浃 9 ⿰氵夹
洇 9 ⿰氵因
洄 9 ⿰氵回
洙 9 ⿰氵朱
洎 9 ⿰氵自
洫 9 ⿰氵血
浍 9 ⿰氵会
洮 9 ⿰氵兆
洵 9 ⿰氵旬
浒 9 ⿰氵许
浔 9 ⿰氵寻
浕 9 ⿰氵尽
洳 9 ⿰氵如
恸 9 ⿰忄动
恓 9 ⿰忄西
恹 9 ⿰忄厌
恫 9 ⿰忄同
恺 9 ⿰忄岂
恻 9 ⿲忄贝刂
恂 9 ⿰忄旬
恪 9 ⿰忄各
恽 9 ⿰忄军
宥 9 ⿱宀有
扃 9 ⿸戶冋
衲 9 ⿰衤内
衽 9 ⿰衤壬
衿 9 ⿰衤今
袂 9 ⿰衤夬
诮 9 ⿰讠肖
祢 9 ⿰礻尔
诰 9 ⿰讠告
诳 9 ⿰讠狂
鸩 9 ⿰冘鸟
昶 9 ⿺永日
咫 9 ⿺尺只
弭 9 ⿰弓耳
牁 9 ⿰爿可
胥 9 ⿱疋月
娅 9 ⿰女亚
姮 9 ⿰女亘
娆 9 ⿰女尧
姝 9 ⿰女朱
姣 9 ⿰女交
姘 9 ⿰女并
姹 9 ⿰女宅
怼 9 ⿱对心
羿 9 ⿱羽廾
炱 9 ⿱台火
矜 9 ⿰矛今
绔 9 ⿰纟夸
骁 9 ⿰马尧
骅 9 ⿰马华
绗 9 ⿰纟行
绛 9 ⿰纟夅
骈 9 ⿰马并
邽 9 ⿰圭阝
邿 9 ⿰寺阝
䢼 9 ⿰共阝
𦭜 9 ⿱艹只
侹 9 ⿰亻廷
郈 9 ⿰后阝
郐 9 ⿰会阝
郃 9 ⿰合阝
𬩽 9 ⿰寻阝
陑 9 ⿰阝而
𬮿 9 ⿰阝岂
陎 9 ⿰阝朱
𬯀 9 ⿰阝齐
砉 9 ⿱丰石
耔 9 ⿰耒子
㛃 9 ⿱㓞女
玶 9 ⿰𤣩平
珇 9 ⿰𤣩且
珅 9 ⿰𤣩申
𬍛 9 ⿰𤣩乐
珋 9 ⿰𤣩卯
玹 9 ⿰𤣩玄
珌 9 ⿰𤣩必
玿 9 ⿰𤣩召
韨 9 ⿰韦犮
垚 9 ⿱土⿰土土
垯 9 ⿰土达
垙 9 ⿰土光
垲 9 ⿰土岂
垍 9 ⿰土自
耇 9 ⿱耂句
鿍 9 ⿰土夅
垎 9 ⿰土各
垴 9 ⿰土㐫
垟 9 ⿰土羊
垞 9 ⿰土宅
挓 9 ⿰扌宅
垵 9 ⿰土安
垏 9 ⿰土聿
拶 9 ⿰扌𡿪
荖 9 ⿱艹老
荁 9 ⿱艹亘
荙 9 ⿱艹达
荛 9 ⿱艹尧
茈 9 ⿱艹此
茽 9 ⿱艹仲
荄 9 ⿱艹亥
茺 9 ⿱艹充
𬜬 9 ⿱艹问
荓 9 ⿱艹并
茳 9 ⿱艹江
茛 9 ⿱艹艮
荭 9 ⿱艹红
㭕 9 ⿰木去
柷 9 ⿰木兄
柃 9 ⿰木令
柊 9 ⿰木冬
枹 9 ⿰木包
栐 9 ⿰木永
柖 9 ⿰木召
剅 9 ⿰豆刂
厖 9 ⿸厂尨
砆 9 ⿰石夫
砑 9 ⿰石牙
砄 9 ⿰石夬
耏 9 ⿰而彡
奓 9 ⿱大多
䶮 9 ⿱龙天
轵 9 ⿰车只
轷 9 ⿰车乎
轹 9 ⿰车乐
轺 9 ⿰车召
昺 9 ⿱日丙
𪾢 9 ⿰目见
昽 9 ⿰日龙
盷 9 ⿰目匀
咡 9 ⿰口耳
咺 9 ⿰口亘
昳 9 ⿰日失
昣 9 ⿰日㐱
哒 9 ⿰口达
昤 9 ⿰日令
昫 9 ⿰日句
昡 9 ⿰日玄
咥 9 ⿰口至
昪 9 ⿱日弁
虷 9 ⿰虫干
虸 9 ⿰虫子
哃 9 ⿰口同
峘 9 ⿰山亘
耑 9 ⿱山而
峛 9 ⿱山列
𪨰 9 ⿰山曲
峗 9 ⿰山危
峧 9 ⿰山交
帡 9 ⿰巾并
钘 9 ⿰钅开
𫓧 9 ⿰钅夫
钜 9 ⿰钅巨
𬬮 9 ⿰钅长
𬬱 9 ⿰钅斤
𬬭 9 ⿰钅仑
钪 9 ⿰钅亢
钬 9 ⿰钅火
钭 9 ⿰钅斗
矧 9 ⿰矢引
秬 9 ⿰禾巨
俫 9 ⿰亻来
舁 9 ⿱臼廾
俜 9 ⿰亻甹
俙 9 ⿰亻希
俍 9 ⿰亻良
垕 9 ⿱后土
衎 9 ⿲彳干亍
舣 9 ⿰舟义
弇 9 ⿱合廾
侴 9 ⿱亼⿰丑刂
鸧 9 ⿰仓鸟
䏡 9 ⿰示
胠 9 ⿰月去
𦙶 9 ⿰古
胈 9 ⿰月犮
胩 9 ⿰月卡
胣 9 ⿰月㐌
朏 9 ⿰月出
飐 9 ⿺风占
訄 9 ⿺九言
饻 9 ⿰饣衣
庤 9 ⿸广寺
疢 9 ⿸疒火
炣 9 ⿰火可
炟 9 ⿰火旦
㶲 9 ⿰火用
洭 9 ⿰氵匡
洘 9 ⿰氵考
洓 9 ⿰氵朿
洿 9 ⿰氵夸
㳚 9 ⿰氵戍
泚 9 ⿰氵此
浈 9 ⿰氵贞
浉 9 ⿰氵师
洸 9 ⿰氵光
洑 9 ⿰氵伏
洢 9 ⿰氵伊
洈 9 ⿰氵危
洚 9 ⿰氵夅
洺 9 ⿰氵名
洨 9 ⿰氵交
浐 9 ⿰氵产
㳘 9 ⿰氵充
洴 9 ⿰氵并
洣 9 ⿰氵米
恔 9 ⿰忄交
宬 9 ⿱宀成
窀 9 ⿱穴屯
扂 9 ⿸戶占
袆 9 ⿰衤韦
祏 9 ⿰礻石
祐 9 ⿰礻右
叚 9 ⿰⿸⿰丨𠄠⿱又
娀 9 ⿰女戎
姞 9 ⿰女吉
姱 9 ⿰女夸
姤 9 ⿰女后
姶 9 ⿰女合
姽 9 ⿰女危
枲 9 ⿱台木
绖 9 ⿰纟至
骃 9 ⿰马因
𬘡 9 ⿰纟因
𬳽 9 ⿰马先
𬘩 9 ⿰纟廷
彖 9 ⿱彑𧰨
骉 9 ⿱马⿰马马
飠 9 ⿱亽⿲𠄌𫜹丶
㒸 9 丷豕
𠖇 9 
単 9 𭕄日十
匽 9 匚妟
咠 9 口耳
垔 9 覀土
壴 9 十豆
𠱠 9 
孨 9 子孖
㚇 9 凶八夂
𡱒 9 
咢 9 吅亏
怱 9 匆心
斿 9 𭤨子
𣢟 9 
𡿺 9 
敃 9 民攵
敄 9 矛攵
昷 9 日皿
昬 9 民日
枼 9 世木
洰 9 氵巨
爯 9 爫冉
狊 9 目犬
畐 9 𠮛田
皅 9 白巴
䂞 9 石木
𬙙 9 
耎 9 而大
𦭝 9 
荅 9 艹合
臿 9 千臼
陏 9 阝有
迶 9 辶有
𱅑 9 
𫥎 9 
𬛸 9 
𦙲 9 
𣳾 9 
頁 9 丆貝
郎 10 ⿰良阝
诞 10 ⿰讠延
帮 10 ⿱邦巾
挺 10 ⿰扌廷
挪 10 ⿰扌那
荫 10 ⿱艹阴
厘 10 ⿸厂里
残 10 ⿰歹戋
哪 10 ⿰口那
骨 10 ⿱⿵⿰丨𠃍𠃍肎
修 10 ⿲亻丨⿱夂彡
鬼 10 ⿱甶⿺儿厶
将 10 ⿰丬𪧷
庭 10 ⿸广廷
祠 10 ⿰礻司
既 10 ⿰⿲𠄌𫜹丶旡
陡 10 ⿰阝走
陨 10 ⿰阝员
除 10 ⿰阝余
险 10 ⿰阝佥
院 10 ⿰阝完
娜 10 ⿰女那
蚤 10 ⿱㕚虫
绑 10 ⿰纟邦
耕 10 ⿰耒井
耘 10 ⿰耒云
耗 10 ⿰耒毛
耙 10 ⿰耒巴
艳 10 ⿰丰色
泰 10 ⿱𡗗氺
秦 10 ⿱𡗗禾
珠 10 ⿰𤣩朱
班 10 ⿲𤣩刂王
素 10 ⿱龶糸
匿 10 ⿷匸若
蚕 10 ⿱天虫
顽 10 ⿰元页
盏 10 ⿱戋皿
匪 10 ⿷匚非
捞 10 ⿰扌劳
栽 10 ⿹𢦏木
捕 10 ⿰扌甫
埂 10 ⿰土更
捂 10 ⿰扌吾
振 10 ⿰扌辰
载 10 ⿹𢦏车
赶 10 ⿺走干
起 10 ⿺走巳
盐 10 ⿱圤皿
捎 10 ⿰扌肖
捍 10 ⿰扌旱
捏 10 ⿰扌圼
捉 10 ⿰扌足
捆 10 ⿰扌困
捐 10 ⿰扌肙
损 10 ⿰扌员
袁 10 ⿱𠮷𧘇
捌 10 ⿰扌别
哲 10 ⿱折口
逝 10 ⿺辶折
捡 10 ⿰扌佥
挫 10 ⿰扌坐
换 10 ⿰扌奂
挽 10 ⿰扌免
挚 10 ⿱执手
热 10 ⿱执灬
恐 10 ⿱⿰工凡心
捣 10 ⿰扌岛
壶 10 ⿳士冖业
捅 10 ⿰扌甬
埃 10 ⿰土矣
挨 10 ⿰扌矣
耻 10 ⿰耳止
耿 10 ⿰耳火
耽 10 ⿰耳冘
聂 10 ⿱耳双
恭 10 ⿱共㣺
莱 10 ⿱艹来
莲 10 ⿱艹连
莫 10 ⿱艹旲
莉 10 ⿱艹利
荷 10 ⿱艹何
获 10 ⿱艹犾
晋 10 ⿱亚日
恶 10 ⿱亚心
莹 10 ⿱𫇦玉
莺 10 ⿱𫇦鸟
真 10 ⿱十具
框 10 ⿰木匡
桂 10 ⿰木圭
桔 10 ⿰木吉
栖 10 ⿰木西
档 10 ⿰木当
桐 10 ⿰木同
株 10 ⿰木朱
桥 10 ⿰木乔
桦 10 ⿰木华
栓 10 ⿰木全
桃 10 ⿰木兆
格 10 ⿰木各
桩 10 ⿰木庄
校 10 ⿰木交
核 10 ⿰木亥
样 10 ⿰木羊
根 10 ⿰木艮
索 10 ⿳十冖糸
哥 10 ⿱⿹丅口可
速 10 ⿺辶束
逗 10 ⿺辶豆
栗 10 ⿱覀木
贾 10 ⿱覀贝
酌 10 ⿰酉勺
配 10 ⿰酉己
翅 10 ⿺支羽
辱 10 ⿱辰寸
唇 10 ⿱辰口
夏 10 ⿱𦣻夂
砸 10 ⿰石匝
砰 10 ⿰石平
砾 10 ⿰石乐
础 10 ⿰石出
破 10 ⿰石皮
原 10 ⿸厂⿱白小
套 10 ⿱大镸
逐 10 ⿺辶豕
烈 10 ⿱列灬
殊 10 ⿰歹朱
殉 10 ⿰歹旬
顾 10 ⿰厄页
轿 10 ⿰车乔
较 10 ⿰车交
顿 10 ⿰屯页
毙 10 ⿱比死
致 10 ⿰至攵
柴 10 ⿱此木
桌 10 ⿱杲
虑 10 ⿸虍心
监 10 ⿱𰀢皿
紧 10 ⿱𰀡糸
党 10 ⿱𫩠儿
逞 10 ⿺辶呈
晒 10 ⿰日西
眠 10 ⿰目民
晓 10 ⿰日尧
哮 10 ⿰口孝
唠 10 ⿰口劳
鸭 10 ⿰甲鸟
晃 10 ⿱日光
哺 10 ⿰口甫
晌 10 ⿰日向
剔 10 ⿰易刂
晕 10 ⿱日军
蚌 10 ⿰虫丰
畔 10 ⿰田半
蚣 10 ⿰虫公
蚊 10 ⿰虫文
蚪 10 ⿰虫斗
蚓 10 ⿰虫引
哨 10 ⿰口肖
圃 10 ⿴囗甫
哭 10 ⿱吅犬
哦 10 ⿰口我
恩 10 ⿱因心
鸯 10 ⿱央鸟
唤 10 ⿰口奂
唁 10 ⿰口言
哼 10 ⿰口亨
唉 10 ⿰口矣
唆 10 ⿰口夋
罢 10 ⿱罒去
峭 10 ⿰山肖
峨 10 ⿰山我
峰 10 ⿰山夆
圆 10 ⿴囗员
峻 10 ⿰山夋
贼 10 ⿰贝戎
贿 10 ⿰贝有
赂 10 ⿰贝各
赃 10 ⿰贝庄
钱 10 ⿰钅戋
钳 10 ⿰钅甘
钻 10 ⿰钅占
钾 10 ⿰钅甲
铁 10 ⿰钅失
铃 10 ⿰钅令
铅 10 ⿰钅㕣
缺 10 ⿰缶夬
氧 10 ⿹气羊
氨 10 ⿹气安
特 10 ⿰牛寺
牺 10 ⿰牜西
造 10 ⿺辶告
乘 10 ⿻禾北
敌 10 ⿰舌攵
秤 10 ⿰禾平
租 10 ⿰禾且
积 10 ⿰禾只
秧 10 ⿰禾央
秩 10 ⿰禾失
称 10 ⿰禾尔
秘 10 ⿰禾必
透 10 ⿺辶秀
笔 10 ⿱𥫗毛
笑 10 ⿱𥫗夭
笋 10 ⿱𥫗尹
债 10 ⿰亻责
借 10 ⿰亻昔
值 10 ⿰亻直
倚 10 ⿰亻奇
俺 10 ⿰亻奄
倾 10 ⿰亻顷
倒 10 ⿰亻到
倘 10 ⿰亻尚
俱 10 ⿰亻具
倡 10 ⿰亻昌
候 10 ⿰⿰亻丨⿱⿱𠃍一矢
赁 10 ⿱任贝
俯 10 ⿰亻府
倍 10 ⿰亻咅
倦 10 ⿰亻卷
臭 10 ⿱自犬
射 10 ⿰身寸
躬 10 ⿰身弓
息 10 ⿱自心
倔 10 ⿰亻屈
徒 10 ⿰彳走
徐 10 ⿰彳余
殷 10 ⿰㐆殳
舰 10 ⿰舟见
舱 10 ⿰舟仓
般 10 ⿰舟殳
航 10 ⿰舟亢
途 10 ⿺辶余
拿 10 ⿱合手
耸 10 ⿱从耳
爹 10 ⿱父多
舀 10 ⿱爫臼
爱 10 ⿳爫冖友
豺 10 ⿰豸才
豹 10 ⿰豸勺
颁 10 ⿰分页
颂 10 ⿰公页
翁 10 ⿱公羽
胰 10 ⿰月夷
脆 10 ⿰危
脂 10 ⿰月旨
胸 10 ⿰月匈
胳 10 ⿰月各
脏 10 ⿰庄
脐 10 ⿰月齐
胶 10 ⿰交
脑 10 ⿰㐫
脓 10 ⿰月农
逛 10 ⿺辶狂
狼 10 ⿰犭良
逢 10 ⿺辶夆
鸵 10 ⿰鸟它
留 10 ⿱⿰𠂎刀田
鸳 10 ⿱夗鸟
皱 10 ⿰刍皮
饿 10 ⿰饣我
馁 10 ⿰饣妥
凌 10 ⿰冫夌
凄 10 ⿰冫妻
恋 10 ⿱𰁜心
桨 10 ⿱⿰丬夕木
浆 10 ⿱⿰丬夕水
衰 10 ⿳亠𧘇
衷 10 ⿳亠中𧘇
高 10 ⿳亠口冋
准 10 ⿰冫隹
座 10 ⿸广坐
症 10 ⿸疒正
病 10 ⿸疒丙
疾 10 ⿸疒矢
斋 10 ⿱文而
疹 10 ⿸疒㐱
疼 10 ⿸疒冬
疲 10 ⿸疒皮
脊 10 
效 10 ⿰交攵
紊 10 ⿱文糸
唐 10 ⿸广⿱肀口
资 10 ⿱次贝
凉 10 ⿰冫京
站 10 ⿰立占
剖 10 ⿰咅刂
竞 10 ⿱立兄
旁 10 ⿱⿳亠丷冖方
旅 10 ⿸𭤨⿸⿱丿𠄌⿺乀丿
畜 10 ⿱玄田
阅 10 ⿵门兑
羔 10 ⿱𦍌灬
拳 10 ⿱龹手
粉 10 ⿰米分
料 10 ⿰米斗
益 10 ⿳䒑八皿
兼 10 ⿱䒑⿻⿻卄八
烤 10 ⿰火考
烘 10 ⿰火共
烦 10 ⿰火页
烧 10 ⿰火尧
烛 10 ⿰火虫
烟 10 ⿰火因
烙 10 ⿰火各
递 10 ⿺辶弟
涛 10 ⿰氵寿
浙 10 ⿰氵折
涝 10 ⿰氵劳
浦 10 ⿰氵甫
酒 10 ⿰氵酉
涉 10 ⿰氵步
消 10 ⿰氵肖
涡 10 ⿰氵呙
浩 10 ⿰氵告
海 10 ⿰氵每
涂 10 ⿰氵余
浴 10 ⿰氵谷
浮 10 ⿰氵孚
涣 10 ⿰氵奂
涤 10 ⿰氵条
流 10 ⿰氵㐬
润 10 ⿰氵闰
涧 10 ⿰氵间
涕 10 ⿰氵弟
浪 10 ⿰氵良
浸 10 ⿰氵𠬶
涨 10 ⿰氵张
烫 10 ⿱汤火
涩 10 ⿰氵⿱刃止
涌 10 ⿰氵甬
悖 10 ⿰忄孛
悟 10 ⿰忄吾
悄 10 ⿰忄肖
悍 10 ⿰忄旱
悔 10 ⿰忄每
悯 10 ⿰忄闵
悦 10 ⿰忄兑
害 10 ⿳宀丰口
宽 10 ⿱宀苋
家 10 ⿱宀豕
宵 10 ⿱宀肖
宴 10 ⿱宀妟
宾 10 ⿱宀兵
窍 10 ⿱穴巧
窄 10 ⿱穴乍
容 10 ⿱宀谷
宰 10 ⿱宀辛
案 10 ⿱安木
请 10 ⿰讠青
诸 10 ⿰讠者
诺 10 ⿰讠若
读 10 ⿰讠卖
扇 10 ⿸戶羽
诽 10 ⿰讠非
袜 10 ⿰衤末
袖 10 ⿰衤由
袍 10 ⿰衤包
被 10 ⿰衤皮
祥 10 ⿰礻羊
冥 10 ⿱冖昗
谁 10 ⿰讠隹
调 10 ⿰讠周
冤 10 ⿱冖兔
谅 10 ⿰讠京
谆 10 ⿰讠享
谈 10 ⿰讠炎
谊 10 ⿰讠宜
剥 10 ⿰录刂
恳 10 ⿱艮心
展 10 ⿸尸⿱龷⿰𠄌⿺乀丿
剧 10 ⿰居刂
屑 10 ⿸尸肖
弱 10 ⿰⿹弓冫⿹弓冫
祟 10 ⿱出示
娱 10 ⿰女吴
娟 10 ⿰女肙
恕 10 ⿱如心
娥 10 ⿰女我
娘 10 ⿰女良
通 10 ⿺辶甬
能 10 ⿰䏍𫧇
难 10 ⿰又隹
预 10 ⿰予页
桑 10 ⿱叒木
绢 10 ⿰纟肙
绣 10 ⿰纟秀
验 10 ⿰马佥
继 10 ⿰纟⿺𠃊米
骏 10 ⿰马夋
勒 10 ⿰革力
乾 10 ⿰龺乞
啄 10 ⿰口豖
庶 10 ⿸广⿱廿灬
谍 10 ⿰讠枼
郝 10 ⿰赤阝
莒 10 ⿱艹吕
莛 10 ⿱艹廷
郦 10 ⿰丽阝
𠳐 10 ⿰口邦
郢 10 ⿰呈阝
郧 10 ⿰员阝
郜 10 ⿰告阝
秭 10 ⿰禾𠂔
俚 10 ⿰亻里
郗 10 ⿰希阝
郤 10 ⿰谷阝
郛 10 ⿰孚阝
瓴 10 ⿰令瓦
祛 10 ⿰礻去
祜 10 ⿰礻古
祓 10 ⿰礻犮
祚 10 ⿰礻乍
祗 10 ⿰礻氐
郡 10 ⿰君阝
陛 10 ⿰阝坒
陟 10 ⿰阝步
耖 10 ⿰耒少
挈 10 ⿱㓞手
珥 10 ⿰𤣩耳
珙 10 ⿰𤣩共
顼 10 ⿰𤣩页
珰 10 ⿰𤣩当
珩 10 ⿰𤣩行
珧 10 ⿰𤣩兆
珣 10 ⿰𤣩旬
珞 10 ⿰𤣩各
珲 10 ⿰𤣩军
恚 10 ⿱圭心
埔 10 ⿰土甫
埕 10 ⿰土呈
埘 10 ⿰土时
埙 10 ⿰土员
埚 10 ⿰土呙
挹 10 ⿰扌邑
耆 10 ⿱老日
耄 10 ⿱老毛
埒 10 ⿰土寽
捋 10 ⿰扌寽
贽 10 ⿱执贝
垸 10 ⿰土完
捃 10 ⿰扌君
盍 10 ⿱去皿
荸 10 ⿱艹孛
莆 10 ⿱艹甫
莳 10 ⿱艹时
莴 10 ⿱艹呙
莪 10 ⿱艹我
莠 10 ⿱艹秀
莓 10 ⿱艹每
莜 10 ⿱艹攸
莅 10 ⿱艹位
荼 10 ⿱艹余
莩 10 ⿱艹孚
荽 10 ⿱艹妥
莸 10 ⿱艹犹
荻 10 ⿱艹狄
莘 10 ⿱艹辛
莎 10 ⿱艹沙
莞 10 ⿱艹完
莨 10 ⿱艹良
鸪 10 ⿰古鸟
莼 10 ⿱艹纯
栲 10 ⿰木考
栳 10 ⿰木老
桓 10 ⿰木亘
桡 10 ⿰木尧
桎 10 ⿰木至
桢 10 ⿰木贞
桤 10 ⿱木岂
栝 10 ⿰木舌
桕 10 ⿰木臼
桁 10 ⿰木行
桧 10 ⿰木会
桅 10 ⿰木危
栟 10 ⿰木并
桉 10 ⿰木安
栩 10 ⿰木羽
逑 10 ⿺辶求
逋 10 ⿺辶甫
彧 10 ⿻或⿱丿丿
鬲 10 ⿱𠮛⿵冂⿱䒑丨
豇 10 ⿰豆工
酐 10 ⿰酉干
逦 10 ⿺辶丽
厝 10 ⿸厂昔
孬 10 ⿱不好
砝 10 ⿰石去
砹 10 ⿰石艾
砺 10 ⿰石厉
砧 10 ⿰石占
砷 10 ⿰石申
砟 10 ⿰石乍
砼 10 ⿰石仝
砥 10 ⿰石氐
砣 10 ⿰石它
剞 10 ⿰奇刂
砻 10 ⿱龙石
轼 10 ⿰车式
轾 10 ⿰车至
辂 10 ⿰车各
鸫 10 ⿰东鸟
趸 10 ⿱万足
龀 10 ⿰齿匕
鸬 10 ⿰卢鸟
虔 10 ⿸虍文
逍 10 ⿺辶肖
眬 10 ⿰目龙
唛 10 ⿰口麦
晟 10 ⿱日成
眩 10 ⿰目玄
眙 10 ⿰目台
哧 10 ⿰口赤
哽 10 ⿰口更
唔 10 ⿰口吾
晁 10 ⿱日兆
晏 10 ⿱日安
鸮 10 ⿰号鸟
趵 10 ⿰𧾷勺
趿 10 ⿰𧾷及
畛 10 ⿰田㐱
蚨 10 ⿰虫夫
蚜 10 ⿰虫牙
蚍 10 ⿰虫比
蚋 10 ⿰虫内
蚬 10 ⿰虫见
蚝 10 ⿰虫毛
蚧 10 ⿰虫介
唢 10 ⿰口𭕆
圄 10 ⿴囗吾
唣 10 ⿰口皂
唏 10 ⿰口希
盎 10 ⿱央皿
唑 10 ⿰口坐
崂 10 ⿰山劳
崃 10 ⿰山来
罡 10 ⿱罒正
罟 10 ⿱罒古
峪 10 ⿰山谷
觊 10 ⿰岂见
赅 10 ⿰贝亥
钰 10 ⿰钅玉
钲 10 ⿰钅正
钴 10 ⿰钅古
钵 10 ⿰钅本
钹 10 ⿰钅犮
钺 10 ⿰钅戉
钽 10 ⿰钅旦
钼 10 ⿰钅目
钿 10 ⿰钅田
铀 10 ⿰钅由
铂 10 ⿰钅白
铄 10 ⿰钅乐
铆 10 ⿰钅卯
铈 10 ⿰钅市
铉 10 ⿰钅玄
铊 10 ⿰钅它
铋 10 ⿰钅必
铌 10 ⿰钅尼
铍 10 ⿰钅皮
铎 10 ⿰钅𠬤
氩 10 ⿹气亚
氤 10 ⿹气因
氦 10 ⿹气亥
毪 10 ⿺毛牟
舐 10 ⿰舌氏
秣 10 ⿰禾末
秫 10 ⿰禾术
盉 10 ⿱禾皿
笄 10 ⿱𥫗开
笕 10 ⿱𥫗见
笊 10 ⿱𥫗爪
笏 10 ⿱𥫗勿
笆 10 ⿱𥫗巴
俸 10 ⿰亻奉
倩 10 ⿰亻青
偌 10 ⿰亻若
俳 10 ⿰亻非
俶 10 ⿰亻叔
倬 10 ⿰亻卓
恁 10 ⿱任心
倭 10 ⿰亻委
倪 10 ⿰亻兒
俾 10 ⿰亻卑
倜 10 ⿰亻周
隼 10 ⿱隹十
隽 10 ⿱隹乃
倌 10 ⿰亻官
倥 10 ⿰亻空
臬 10 ⿱自木
皋 10 ⿱白夲
倨 10 ⿰亻居
衄 10 ⿰血丑
颀 10 ⿰斤页
徕 10 ⿰彳来
舫 10 ⿰舟方
釜 10 ⿱父⿻王丷
奚 10 ⿱爫𡗞
衾 10 ⿱今衣
胯 10 ⿰月夸
胱 10 ⿰月光
胴 10 ⿰月同
胭 10 ⿰因
脍 10 ⿰月会
胼 10 ⿰月并
朕 10 ⿰月关
脒 10 ⿰月米
胺 10 ⿰安
鸱 10 ⿰氐鸟
玺 10 ⿱尔玉
鸲 10 ⿰句鸟
狷 10 ⿰犭肙
猁 10 ⿰犭利
狳 10 ⿰犭余
猃 10 ⿰犭佥
狺 10 ⿰犭言
逖 10 ⿺辶狄
桀 10 ⿱舛木
袅 10 ⿹鸟一衣
饽 10 ⿰饣孛
凇 10 ⿰冫松
栾 10 ⿱𰁜木
挛 10 ⿱𰁜手
亳 10 ⿱⿳亠口冖乇
疳 10 ⿸疒甘
疴 10 ⿸疒可
疸 10 ⿸疒旦
疽 10 ⿸疒且
痈 10 ⿸疒用
疱 10 ⿸疒包
痂 10 ⿸疒加
痉 10 ⿸疒𢀖
衮 10 ⿳亠公𧘇
凋 10 ⿰冫周
颃 10 ⿰亢页
恣 10 ⿱次心
旆 10 ⿸𭤨巿
旄 10 ⿸𭤨毛
旃 10 ⿸𭤨丹
阃 10 ⿵门困
阄 10 ⿵门龟
訚 10 ⿵门言
阆 10 ⿵门良
恙 10 ⿱𦍌心
粑 10 ⿰米巴
朔 10 ⿰屰月
烜 10 ⿰火亘
烨 10 ⿰火华
烩 10 ⿰火会
烊 10 ⿰火羊
剡 10 ⿰炎刂
烬 10 ⿰火尽
涑 10 ⿰氵束
浯 10 ⿰氵吾
涞 10 ⿰氵来
涟 10 ⿰氵连
娑 10 ⿱沙女
涅 10 ⿰氵圼
涠 10 ⿰氵围
浞 10 ⿰氵足
涓 10 ⿰氵肙
浥 10 ⿰氵邑
涔 10 ⿰氵岑
浜 10 ⿰氵兵
浠 10 ⿰氵希
浣 10 ⿰氵完
浚 10 ⿰氵夋
悚 10 ⿰忄束
悭 10 ⿰忄坚
悒 10 ⿰忄邑
悌 10 ⿰忄弟
悛 10 ⿰忄夋
宸 10 ⿱宀辰
窈 10 ⿱穴幼
剜 10 ⿰宛刂
诹 10 ⿰讠取
冢 10 ⿱冖豖
诼 10 ⿰讠豖
袒 10 ⿰衤旦
袢 10 ⿰衤半
祯 10 ⿰礻贞
诿 10 ⿰讠委
谀 10 ⿰讠臾
谂 10 ⿰讠念
谄 10 ⿰讠臽
谇 10 ⿰讠卒
屐 10 ⿸尸𫹍
勐 10 ⿰孟力
奘 10 ⿱壯大
牂 10 ⿰爿羊
蚩 10 ⿱㞢虫
姬 10 ⿰女𦣞
娠 10 ⿰女辰
娉 10 ⿰女甹
娲 10 ⿰女呙
娩 10 ⿰女免
娴 10 ⿰女闲
娣 10 ⿰女弟
娓 10 ⿰女尾
畚 10 ⿱厶奋
逡 10 ⿺辶夋
绠 10 ⿰纟更
骊 10 ⿰马丽
绡 10 ⿰纟肖
骋 10 ⿰马甹
绥 10 ⿰纟妥
绦 10 ⿰纟条
绨 10 ⿰纟弟
骎 10 ⿰马𠬶
邕 10 ⿱巛邑
鸶 10 ⿱丝鸟
捩 10 ⿰扌戾
唳 10 ⿰口戾
郚 10 ⿰吾阝
迺 10 ⿺辶西
祕 10 ⿰礻必
陧 10 ⿰阝圼
陞 10 ⿰阝𡉼
𫄧 10 ⿰纟延
恝 10 ⿱㓞心
珪 10 ⿰𤣩圭
珛 10 ⿰𤣩有
珹 10 ⿰𤣩成
玼 10 ⿰𤣩此
珖 10 ⿰𤣩光
𪟝 10 ⿰责力
珦 10 ⿰𤣩向
珫 10 ⿰𤣩充
珒 10 ⿰𤣩聿
𬍤 10 ⿰𤣩寻
珢 10 ⿰𤣩艮
珕 10 ⿰𤣩劦
珝 10 ⿰𤣩羽
𫭼 10 ⿰土劳
埗 10 ⿰土步
垾 10 ⿰土旱
垺 10 ⿰土孚
埆 10 ⿰土角
垿 10 ⿰土序
埌 10 ⿰土良
埇 10 ⿰土甬
莰 10 ⿱艹坎
茝 10 ⿱艹𦣞
𬜯 10 ⿱艹两
莶 10 ⿱艹佥
莝 10 ⿱艹坐
莙 10 ⿱艹君
栻 10 ⿰木式
桠 10 ⿰木亚
𬂩 10 ⿰木夹
桄 10 ⿰木光
栴 10 ⿰木⿱𠂉丹
栒 10 ⿰木旬
酎 10 ⿰酉寸
酏 10 ⿰酉也
𫠆 10 ⿰支页
砵 10 ⿰石本
砠 10 ⿰石且
砫 10 ⿰石主
砬 10 ⿰石立
硁 10 ⿰石𢀖
恧 10 ⿱而心
翃 10 ⿰厷羽
𨐈 10 ⿰车光
辀 10 ⿰车舟
辁 10 ⿰车全
𬌗 10 ⿰牙合
剕 10 ⿰非刂
赀 10 ⿱此贝
哢 10 ⿰口弄
晅 10 ⿰日亘
晊 10 ⿰日至
唝 10 ⿰口贡
哳 10 ⿰口折
哱 10 ⿰口孛
冔 10 ⿱冃吁
晔 10 ⿰日华
晐 10 ⿰日亥
晖 10 ⿰日军
畖 10 ⿰田瓜
蚄 10 ⿰虫方
蚆 10 ⿰虫巴
𫑡 10 ⿰黾阝
帱 10 ⿰巾寿
崁 10 ⿱山坎
峿 10 ⿰山吾
𪨶 10 ⿳山大车
崄 10 ⿰山佥
帨 10 ⿰巾兌
崀 10 ⿱山良
赆 10 ⿰贝尽
𬬸 10 ⿰钅术
钷 10 ⿰钅叵
𬬻 10 ⿰钅卢
𬬹 10 ⿰钅申
𬬿 10 ⿰钅召
𬭁 10 ⿰钅母
眚 10 ⿱生目
甡 10 ⿰生生
倴 10 ⿰亻奔
倕 10 ⿰亻垂
倞 10 ⿰亻京
𫢸 10 ⿰亻单
倓 10 ⿰亻炎
倧 10 ⿰亻宗
衃 10 ⿰血不
虒 10 ⿸𠂆虎
舭 10 ⿰舟比
舯 10 ⿰舟中
舥 10 ⿰舟巴
瓞 10 ⿺瓜失
鬯 10 ⿱𠚍匕
鸰 10 ⿰令鸟
脎 10 ⿰杀
朓 10 ⿰月兆
胲 10 ⿰亥
虓 10 ⿰九虎
鱽 10 ⿰鱼刀
狴 10 ⿰犭坒
峱 10 ⿰犭⿱丑山
狻 10 ⿰犭夌
眢 10 ⿱夗目
𫗧 10 ⿰饣束
勍 10 ⿰京力
痄 10 ⿸疒乍
疰 10 ⿸疒主
痃 10 ⿸疒玄
竘 10 ⿰立句
羖 10 ⿰羊殳
羓 10 ⿰羊巴
桊 10 ⿱龹木
敉 10 ⿰米攵
烠 10 ⿰火有
烔 10 ⿰火同
𬊈 10 ⿰火寻
涍 10 ⿰氵孝
浡 10 ⿰氵孛
浭 10 ⿰氵更
涄 10 ⿰氵甹
涢 10 ⿰氵员
涐 10 ⿰氵我
浰 10 ⿰氵利
浟 10 ⿰氵攸
浛 10 ⿰氵含
浼 10 ⿰氵免
浲 10 ⿰氵夆
涘 10 ⿰氵矣
悈 10 ⿰忄戒
悃 10 ⿰忄困
悢 10 ⿰忄良
𬒈 10 ⿱𰃮石
宧 10 ⿱宀𦣞
窅 10 ⿱穴目
窊 10 ⿱穴瓜
窎 10 ⿱穴鸟
扅 10 ⿸戶多
扆 10 ⿸戶衣
袪 10 ⿰衤去
袗 10 ⿰衤㐱
袯 10 ⿰衤发
祧 10 ⿰礻兆
隺 10 ⿻冖隹
疍 10 ⿱疋旦
𨺙 10 ⿰阝兒
烝 10 ⿱丞灬
砮 10 ⿱奴石
㛚 10 ⿰女甬
哿 10 ⿱加可
翀 10 ⿰羽中
翂 10 ⿰羽分
剟 10 ⿰叕刂
𬳿 10 ⿰马余
𫄨 10 ⿰纟希
绤 10 ⿰纟谷
骍 10 ⿰马辛
𬘫 10 ⿰纟完
勚 10 ⿰贳力
冡 10 冖一豕
倠 10 亻隹
冓 10 𠀎冉
圂 10 囗豕
𡨄 10 
尃 10 甫寸
𢼸 10 
𢇁 10 
㢆 10 广里
欮 10 屰欠
帯 10 丗冖巾
𣬉 10 
𣪊 10 
𤰇 10 
畟 10 田八夂
㼌 10 瓜瓜
㿟 10 白白
𥁓 10 
䀠 10 目目
眔 10 罒氺
𦐇 10 
祘 10 示示
䍃 10 爫缶
砳 10 石石
𦰩 10 
𬶀 10 
𩵋 10 
𭔰 10 
𭥴 10 
𡭴 10 
𥁑 10 
髟 10 镸彡
鬥 10 
埋 11 ⿰土里
都 11 ⿰者阝
梆 11 ⿰木邦
哩 11 ⿰口里
唧 11 ⿰口即
啊 11 ⿰口阿
健 11 ⿰亻建
狸 11 ⿰犭里
卿 11 ⿰𠂎即
郭 11 ⿰享阝
离 11 ⿱㐫禸
瓷 11 ⿱次瓦
部 11 ⿰咅阝
羞 11 ⿸丑
瓶 11 ⿰并瓦
朗 11 ⿰良月
课 11 ⿰讠果
陵 11 ⿰阝夌
陶 11 ⿰阝匋
陷 11 ⿰阝臽
陪 11 ⿰阝咅
球 11 ⿰𤣩求
琐 11 ⿰𤣩𭕆
琉 11 ⿰𤣩㐬
琅 11 ⿰𤣩良
捧 11 ⿰扌奉
堵 11 ⿰土者
措 11 ⿰扌昔
描 11 ⿰扌苗
域 11 ⿰土或
捺 11 ⿰扌奈
掩 11 ⿰扌奄
捷 11 ⿰扌疌
排 11 ⿰扌非
焉 11 ⿱正⿹⿺一灬
掉 11 ⿰扌卓
捶 11 ⿰扌垂
赦 11 ⿰赤攵
堆 11 ⿰土隹
推 11 ⿰扌隹
埠 11 ⿰土阜
掀 11 ⿰扌欣
授 11 ⿰扌受
捻 11 ⿰扌念
教 11 ⿰孝攵
掏 11 ⿰扌匋
掐 11 ⿰扌臽
掠 11 ⿰扌京
掂 11 ⿰扌店
培 11 ⿰土咅
接 11 ⿰扌妾
控 11 ⿰扌空
探 11 ⿰扌罙
据 11 ⿰扌居
掘 11 ⿰扌屈
掺 11 ⿰扌参
职 11 ⿰耳只
基 11 ⿱其土
聆 11 ⿰耳令
勘 11 ⿰甚力
聊 11 ⿰耳卯
娶 11 ⿱取女
著 11 ⿱艹者
菱 11 ⿱艹夌
黄 11 ⿳龷由八
菲 11 ⿱艹非
萌 11 ⿱艹明
萝 11 ⿱艹罗
菌 11 ⿱艹囷
萎 11 ⿱艹委
菜 11 ⿱艹采
萄 11 ⿱艹匋
菊 11 ⿱艹匊
菩 11 ⿱艹咅
萍 11 ⿱艹泙
菠 11 ⿱艹波
萤 11 ⿱𫇦虫
营 11 ⿱𫇦吕
萧 11 ⿱艹肃
菇 11 ⿱艹姑
械 11 ⿰木戒
彬 11 ⿰林彡
梦 11 ⿱林夕
婪 11 ⿱林女
梗 11 ⿰木更
梧 11 ⿰木吾
梢 11 ⿰木肖
梅 11 ⿰木每
检 11 ⿰木佥
梳 11 ⿰木㐬
梯 11 ⿰木弟
桶 11 ⿰木甬
梭 11 ⿰木夋
救 11 ⿰求攵
曹 11 ⿱⿻一曲曰
副 11 ⿰畐刂
票 11 ⿱覀示
酝 11 ⿰酉云
酗 11 ⿰酉凶
厢 11 ⿸厂相
戚 11 ⿵戊尗
硅 11 ⿰石圭
硕 11 ⿰石页
盔 11 ⿱灰皿
爽 11 ⿻大㸚
聋 11 ⿱龙耳
袭 11 ⿱龙衣
盛 11 ⿱成皿
匾 11 ⿷匚扁
雪 11 ⿱𫜹
辅 11 ⿰车甫
辆 11 ⿰车两
颅 11 ⿰卢页
虚 11 ⿸虍业
彪 11 ⿺虎彡
堂 11 ⿱𫩠土
常 11 ⿱𫩠巾
眶 11 ⿰目匡
匙 11 ⿺是匕
晨 11 ⿱日辰
睁 11 ⿰目争
眯 11 ⿰目米
眼 11 ⿰目艮
悬 11 ⿳且厶心
啪 11 ⿰口拍
啦 11 ⿰口拉
曼 11 ⿳罒又
晦 11 ⿰日每
晚 11 ⿰日免
啡 11 ⿰口非
距 11 ⿰𧾷巨
趾 11 ⿰𧾷止
啃 11 ⿰口肯
跃 11 ⿰𧾷夭
略 11 ⿰田各
蚯 11 ⿰虫丘
蛀 11 ⿰虫主
蛇 11 ⿰虫它
唬 11 ⿰口虎
累 11 ⿱田糸
唱 11 ⿰口昌
患 11 ⿱串心
啰 11 ⿰口罗
唾 11 ⿰口垂
唯 11 ⿰口隹
啤 11 ⿰口卑
啥 11 ⿰口舍
啸 11 ⿰口肃
崖 11 ⿱山厓
崎 11 ⿰山奇
崭 11 ⿱山斩
逻 11 ⿺辶罗
崔 11 ⿱山隹
帷 11 ⿰巾隹
崩 11 ⿱山朋
崇 11 ⿱山宗
崛 11 ⿰山屈
婴 11 ⿱𲂻女
圈 11 ⿴囗卷
铐 11 ⿰钅考
铛 11 ⿰钅当
铝 11 ⿰钅吕
铜 11 ⿰钅同
铭 11 ⿰钅名
铲 11 ⿰钅产
银 11 ⿰钅艮
矫 11 ⿰矢乔
甜 11 ⿰舌甘
秸 11 ⿰禾吉
梨 11 ⿱利木
犁 11 ⿱利牛
秽 11 ⿰禾岁
移 11 ⿰禾多
笨 11 ⿱𥫗本
笼 11 ⿱𥫗龙
笛 11 ⿰𥫗由
笙 11 ⿱𥫗生
符 11 ⿱𥫗付
第 11 ⿱𥫗𢎨
敏 11 ⿰每攵
做 11 ⿰亻故
袋 11 ⿱代衣
悠 11 ⿱攸心
偿 11 ⿰亻尝
偶 11 ⿰亻禺
偎 11 ⿰亻畏
偷 11 ⿰亻俞
您 11 ⿱你心
售 11 ⿱隹口
停 11 ⿰亻亭
偏 11 ⿰亻扁
躯 11 ⿰身区
兜 11 
假 11 ⿰亻叚
衅 11 ⿰血半
徘 11 ⿰彳非
徙 11 ⿰彳歨
得 11 ⿰彳㝵
衔 11 ⿲彳钅亍
盘 11 ⿱舟皿
舶 11 ⿰舟白
船 11 ⿰舟㕣
舵 11 ⿰舟它
斜 11 ⿰余斗
盒 11 ⿱合皿
鸽 11 ⿰合鸟
敛 11 ⿰佥攵
悉 11 ⿱釆心
欲 11 ⿰谷欠
彩 11 ⿰采彡
领 11 ⿰令页
脚 11 ⿰月却
脖 11 ⿰月孛
脯 11 ⿰月甫
豚 11 ⿰月豕
脸 11 ⿰佥
脱 11 ⿰月兑
够 11 ⿰句多
逸 11 ⿺辶兔
猜 11 ⿰犭青
猪 11 ⿰犭者
猎 11 ⿰犭昔
猫 11 ⿰犭苗
凰 11 ⿵𠘨皇
猖 11 ⿰犭昌
猛 11 ⿰犭孟
祭 11 ⿱⿰𱼀⿺示
馅 11 ⿰饣臽
馆 11 ⿰饣官
凑 11 ⿰冫奏
减 11 ⿰冫咸
毫 11 ⿱⿳亠口冖毛
烹 11 ⿱亨灬
麻 11 ⿸广林
庵 11 ⿸广奄
痊 11 ⿸疒全
痒 11 ⿸疒羊
痕 11 ⿸疒艮
康 11 ⿸广隶
庸 11 ⿸广𬎾
鹿 11 ⿸⿸广⿻⿰丨丨比
盗 11 ⿱次皿
章 11 ⿱立早
竟 11 ⿱音儿
商 11 ⿳亠丷冏
族 11 ⿸𭤨矢
旋 11 ⿸𭤨疋
望 11 ⿱⿰亡月王
率 11 ⿱⿻玄⿱丷八十
阎 11 ⿵门臽
阐 11 ⿵门单
羚 11 ⿰羊令
盖 11 ⿱𦍌皿
眷 11 ⿱龹目
粘 11 ⿰米占
粗 11 ⿰米且
粒 11 ⿰米立
断 11 ⿰⿺𠃊米斤
剪 11 ⿱前刀
兽 11 ⿱𬎿𠮛
焊 11 ⿰火旱
焕 11 ⿰火奂
清 11 ⿰氵青
添 11 ⿰氵忝
鸿 11 ⿰江鸟
淋 11 ⿰氵林
涯 11 ⿰氵厓
淹 11 ⿰氵奄
渐 11 ⿰氵斩
淑 11 ⿰氵叔
淌 11 ⿰氵尚
混 11 ⿰氵昆
淮 11 ⿰氵隹
淆 11 ⿰氵肴
渊 11 ⿰氵𫂱
淫 11 ⿰氵㸒
渔 11 ⿰氵鱼
淘 11 ⿰氵匋
淳 11 ⿰氵享
液 11 ⿰氵夜
淤 11 ⿰氵於
淡 11 ⿰氵炎
淀 11 ⿰氵定
深 11 ⿰氵罙
涮 11 ⿰氵刷
涵 11 ⿰氵函
婆 11 ⿱波女
梁 11 ⿱⿰氵刅
渗 11 ⿰氵参
情 11 ⿰忄青
惜 11 ⿰忄昔
惭 11 ⿲忄车斤
悼 11 ⿰忄卓
惧 11 ⿰忄具
惕 11 ⿰忄易
惟 11 ⿰忄隹
惊 11 ⿰忄京
惦 11 ⿰忄店
悴 11 ⿰忄卒
惋 11 ⿰忄宛
惨 11 ⿰忄参
惯 11 ⿰忄贯
寇 11 ⿱宀⿺元攴
寅 11 ⿱宀⿳一由八
寄 11 ⿱宀奇
寂 11 ⿱宀叔
宿 11 ⿱宀佰
窒 11 ⿱穴至
窑 11 ⿱穴缶
密 11 ⿱宓山
谋 11 ⿰讠某
谎 11 ⿰讠荒
谐 11 ⿰讠皆
袱 11 ⿰衤伏
祷 11 ⿰礻寿
祸 11 ⿰礻呙
谓 11 ⿰讠胃
谚 11 ⿰讠彦
谜 11 ⿰讠迷
逮 11 ⿺辶隶
敢 11 ⿰⿱乛耳攵
尉 11 ⿰⿸尸示寸
屠 11 ⿸尸者
弹 11 ⿰弓单
蛋 11 ⿱疋虫
婚 11 ⿰女昏
婶 11 ⿰女审
婉 11 ⿰女宛
颇 11 ⿰皮页
颈 11 ⿰𢀖页
绩 11 ⿰纟责
绪 11 ⿰纟者
续 11 ⿰纟卖
骑 11 ⿰马奇
绰 11 ⿰纟卓
绳 11 ⿰纟黾
维 11 ⿰纟隹
绵 11 ⿰纟帛
绷 11 ⿰纟朋
绸 11 ⿰纟周
综 11 ⿰纟宗
绽 11 ⿰纟定
绿 11 ⿰纟录
缀 11 ⿰纟叕
琢 11 ⿰𤣩豖
御 11 ⿰彳卸
涎 11 ⿰氵延
敖 11 ⿰⿱士方攵
郴 11 ⿰林阝
梃 11 ⿰木廷
俵 11 ⿰亻表
倏 11 ⿲亻丨⿱夂犬
郫 11 ⿰卑阝
郸 11 ⿰单阝
郯 11 ⿰炎阝
悝 11 ⿰忄里
屙 11 ⿸尸阿
陬 11 ⿰阝取
陲 11 ⿰阝垂
娌 11 ⿰女里
婀 11 ⿰女阿
彗 11 ⿱⿰丰丰𫜹
耜 11 ⿰耒㠯
焘 11 ⿱寿灬
舂 11 ⿱𡗗臼
琏 11 ⿰𤣩连
琇 11 ⿰𤣩秀
麸 11 ⿰麦夫
埴 11 ⿰土直
埯 11 ⿰土奄
捯 11 ⿰扌到
掳 11 ⿰扌虏
掴 11 ⿰扌国
埸 11 ⿰土易
埵 11 ⿰土垂
埤 11 ⿰土卑
捭 11 ⿰扌卑
逵 11 ⿺辶坴
埝 11 ⿰土念
堋 11 ⿰土朋
堍 11 ⿰土兔
掬 11 ⿰扌匊
鸷 11 ⿱执鸟
掖 11 ⿰扌夜
捽 11 ⿰扌卒
掊 11 ⿰扌咅
堉 11 ⿰土育
掸 11 ⿰扌单
掮 11 ⿰扌肩
悫 11 ⿳士冗心
埭 11 ⿰土隶
埽 11 ⿰土帚
掇 11 ⿰扌叕
掼 11 ⿰扌贯
聃 11 ⿰耳冉
菁 11 ⿱艹青
萁 11 ⿱艹其
菘 11 ⿱艹松
堇 11 ⿱廿⿻口龶
萘 11 ⿱艹奈
萋 11 ⿱艹妻
菽 11 ⿱艹叔
菖 11 ⿱艹昌
萜 11 ⿱艹帖
萸 11 ⿱艹臾
萑 11 ⿱艹隹
棻 11 ⿱芬木
菔 11 ⿱艹服
菟 11 ⿱艹兔
萏 11 ⿱艹臽
萃 11 ⿱艹卒
菏 11 ⿱艹河
菹 11 ⿱艹沮
菪 11 ⿱艹宕
菅 11 ⿱艹官
菀 11 ⿱艹宛
萦 11 ⿱𫇦糸
菰 11 ⿱艹孤
菡 11 ⿱艹函
梵 11 ⿱林凡
梿 11 ⿰木连
梏 11 ⿰木告
觋 11 ⿰巫见
桴 11 ⿰木孚
桷 11 ⿰木角
梓 11 ⿰木辛
棁 11 ⿰木兑
桫 11 ⿰木沙
棂 11 ⿰木灵
啬 11 ⿱⿻土丷回
匮 11 ⿷匚贵
敕 11 ⿰束攵
豉 11 ⿰豆支
酞 11 ⿰酉太
酚 11 ⿰酉分
戛 11 ⿱𦣻戈
硎 11 ⿰石刑
硭 11 ⿰石芒
硒 11 ⿰石西
硖 11 ⿰石夹
硗 11 ⿰石尧
硐 11 ⿰石同
硇 11 ⿰石囟
硌 11 ⿰石各
鸸 11 ⿰而鸟
瓠 11 ⿰夸瓜
匏 11 ⿰夸包
龚 11 ⿱龙共
殒 11 ⿰歹员
殓 11 ⿰歹佥
殍 11 ⿰歹孚
赉 11 ⿱来贝
雩 11 ⿱亏
辄 11 ⿰车耴
堑 11 ⿱斩土
眭 11 ⿰目圭
眦 11 ⿰目此
啧 11 ⿰口责
晡 11 ⿰日甫
晤 11 ⿰日吾
眺 11 ⿰目兆
眵 11 ⿰目多
眸 11 ⿰目牟
圊 11 ⿴囗青
喏 11 ⿰口若
喵 11 ⿰口苗
啉 11 ⿰口林
勖 11 ⿰冒力
晞 11 ⿰日希
唵 11 ⿰口奄
晗 11 ⿰日含
冕 11 ⿱冃免
啭 11 ⿰口转
畦 11 ⿰田圭
趺 11 ⿰𧾷夫
啮 11 ⿰口齿
跄 11 ⿰𧾷仓
蚶 11 ⿰虫甘
蛄 11 ⿰虫古
蛎 11 ⿰虫厉
蛆 11 ⿰虫且
蚰 11 ⿰虫由
蛊 11 ⿱虫皿
圉 11 ⿴囗幸
蚱 11 ⿰虫乍
蛉 11 ⿰虫令
蛏 11 ⿰虫圣
蚴 11 ⿰虫幼
啁 11 ⿰口周
啕 11 ⿰口匋
唿 11 ⿰口忽
啐 11 ⿰口卒
唼 11 ⿰口妾
唷 11 ⿰口育
啖 11 ⿰口炎
啵 11 ⿰口波
啶 11 ⿰口定
唰 11 ⿰口刷
啜 11 ⿰口叕
帻 11 ⿰巾责
崚 11 ⿰山夌
崦 11 ⿰山奄
帼 11 ⿰巾国
崮 11 ⿱山固
崤 11 ⿰山肴
崆 11 ⿰山空
赇 11 ⿰贝求
赈 11 ⿰贝辰
赊 11 ⿰贝佘
铑 11 ⿰钅老
铒 11 ⿰钅耳
铗 11 ⿰钅夹
铙 11 ⿰钅尧
铟 11 ⿰钅因
铠 11 ⿰钅岂
铡 11 ⿰钅则
铢 11 ⿰钅朱
铣 11 ⿰钅先
铧 11 ⿰钅华
铨 11 ⿰钅全
铩 11 ⿰钅杀
铪 11 ⿰钅合
铫 11 ⿰钅兆
铬 11 ⿰钅各
铮 11 ⿰钅争
铯 11 ⿰钅色
铰 11 ⿰钅交
铱 11 ⿰钅衣
铳 11 ⿰钅充
铵 11 ⿰钅安
铷 11 ⿰钅如
氪 11 ⿹气克
牾 11 ⿰牜吾
鸹 11 ⿰舌鸟
秾 11 ⿰禾农
逶 11 ⿺辶委
笺 11 ⿱𥫗戋
笸 11 ⿱𥫗叵
笪 11 ⿱𥫗旦
笮 11 ⿱𥫗乍
笠 11 ⿱𥫗立
笥 11 ⿱𥫗司
笤 11 ⿱𥫗召
笳 11 ⿱𥫗加
笾 11 ⿱𥫗边
笞 11 ⿱𥫗台
偾 11 ⿰亻贲
偃 11 ⿰亻匽
偕 11 ⿰亻皆
偈 11 ⿰亻曷
偬 11 ⿰亻怱
偻 11 ⿰亻娄
皑 11 ⿰白岂
皎 11 ⿰白交
鸻 11 ⿰行鸟
徜 11 ⿰彳尚
舸 11 ⿰舟可
舻 11 ⿰舟卢
舴 11 ⿰舟乍
舷 11 ⿰舟玄
龛 11 ⿱合龙
翎 11 ⿰令羽
脬 11 ⿰孚
脘 11 ⿰月完
脲 11 ⿰月尿
匐 11 ⿹勹畐
猗 11 ⿰犭奇
猡 11 ⿰犭罗
猞 11 ⿰犭舍
猝 11 ⿰犭卒
斛 11 ⿰角斗
猕 11 ⿰犭弥
馗 11 ⿺九首
馄 11 ⿰饣昆
鸾 11 ⿱𰁜鸟
孰 11 ⿰享丸
庹 11 ⿸广⿱廿尺
庾 11 ⿸广臾
痔 11 ⿸疒寺
痍 11 ⿸疒夷
疵 11 ⿸疒此
翊 11 ⿰立羽
旌 11 ⿸𭤨生
旎 11 ⿸𭤨尼
袤 11 ⿳亠矛𧘇
阇 11 ⿵门者
阈 11 ⿵门或
阉 11 ⿵门奄
阊 11 ⿵门昌
阋 11 ⿵门兒
阍 11 ⿵门昏
阏 11 ⿵门於
羟 11 ⿰羊𢀖
粝 11 ⿰米历
粕 11 ⿰米白
敝 11 ⿰㡀攵
焐 11 ⿰火吾
烯 11 ⿰火希
焓 11 ⿰火含
烽 11 ⿰火夆
焖 11 ⿰火闷
烷 11 ⿰火完
焗 11 ⿰火局
渍 11 ⿰氵责
渚 11 ⿰氵者
淇 11 ⿰氵其
淅 11 ⿰氵析
淞 11 ⿰氵松
渎 11 ⿰氵卖
涿 11 ⿰氵豖
淖 11 ⿰氵卓
挲 11 ⿱沙手
淠 11 ⿰氵畀
涸 11 ⿰氵固
渑 11 ⿰氵黾
淦 11 ⿰氵金
淝 11 ⿰氵肥
淬 11 ⿰氵卒
涪 11 ⿰氵咅
淙 11 ⿰氵宗
涫 11 ⿰氵官
渌 11 ⿰氵录
淄 11 ⿰氵甾
惬 11 ⿰忄⿷匚夹
悻 11 ⿰忄幸
悱 11 ⿰忄非
惝 11 ⿰忄尚
惘 11 ⿰忄罔
悸 11 ⿰忄季
惆 11 ⿰忄周
惚 11 ⿰忄忽
惇 11 ⿰忄享
惮 11 ⿰忄单
窕 11 ⿱穴兆
谌 11 ⿰讠甚
谏 11 ⿰讠柬
扈 11 ⿸戶邑
皲 11 ⿰军皮
谑 11 ⿰讠虐
裆 11 ⿰衤当
袷 11 ⿰衤合
裉 11 ⿰衤艮
谒 11 ⿰讠曷
谔 11 ⿰讠咢
谕 11 ⿰讠俞
谖 11 ⿰讠爰
谗 11 ⿰讠𫥎
谙 11 ⿰讠音
谛 11 ⿰讠帝
谝 11 ⿰讠扁
逯 11 ⿺辶录
粜 11 ⿱出米
婧 11 ⿰女青
婕 11 ⿰女疌
娼 11 ⿰女昌
婢 11 ⿰女卑
婵 11 ⿰女单
胬 11 ⿱奴肉
袈 11 ⿱加衣
翌 11 ⿱羽立
恿 11 ⿱甬心
欸 11 ⿰矣欠
绫 11 ⿰纟夌
骐 11 ⿰马其
绮 11 ⿰纟奇
绯 11 ⿰纟非
绱 11 ⿰纟尚
绲 11 ⿰纟昆
骓 11 ⿰马隹
绶 11 ⿰纟受
绺 11 ⿰纟咎
绻 11 ⿰纟卷
绾 11 ⿰纟官
骖 11 ⿰马参
缁 11 ⿰纟甾
堞 11 ⿰土枼
靰 11 ⿰革兀
靸 11 ⿰革及
喋 11 ⿰口枼
渫 11 ⿰氵枼
缂 11 ⿰纟革
䜣 11 ⿰讠斤
䌹 11 ⿰纟冋
埏 11 ⿰土延
𦰡 11 ⿱艹那
琊 11 ⿰𤣩邪
珽 11 ⿰𤣩廷
鄀 11 ⿰若阝
梠 11 ⿰木呂
郪 11 ⿰妻阝
笫 11 ⿱𥫗𠂔
倻 11 ⿰亻耶
脩 11 ⿸攸月
倮 11 ⿰亻果
烶 11 ⿰火廷
浬 11 ⿰氵里
堲 11 ⿱即土
陴 11 ⿰阝卑
䂮 11 ⿱㓞石
琎 11 ⿰𤣩进
珸 11 ⿰𤣩吾
珵 11 ⿰𤣩呈
琄 11 ⿰𤣩肙
琈 11 ⿰𤣩孚
琀 11 ⿰𤣩含
珺 11 ⿰𤣩君
掭 11 ⿰扌忝
堎 11 ⿰土夌
堐 11 ⿰土厓
埼 11 ⿰土奇
掎 11 ⿰扌奇
埫 11 ⿰土尚
堌 11 ⿰土固
晢 11 ⿱折日
𫮃 11 ⿰土单
掞 11 ⿰扌炎
埪 11 ⿰土空
壸 11 ⿳士冖亚
㙍 11 ⿰土叕
聍 11 ⿰耳宁
菝 11 ⿱艹拔
萚 11 ⿱艹择
菥 11 ⿱艹析
莿 11 ⿱艹刺
萆 11 ⿱艹卑
菂 11 ⿱艹的
菍 11 ⿱艹念
菼 11 ⿱艹炎
萣 11 ⿱艹定
菉 11 ⿱艹录
梼 11 ⿰木寿
梽 11 ⿰木志
桲 11 ⿰木孛
梾 11 ⿰木来
桯 11 ⿰木呈
梣 11 ⿰木岑
梌 11 ⿰木余
桹 11 ⿰木良
敔 11 ⿰吾攵
厣 11 ⿸厌甲
硔 11 ⿰石共
硙 11 ⿰石岂
硚 11 ⿰石乔
硊 11 ⿰石危
硍 11 ⿰石艮
勔 11 ⿰面力
龁 11 ⿰齿乞
逴 11 ⿺辶卓
唪 11 ⿰口奉
啫 11 ⿰口者
翈 11 ⿰甲羽
㫰 11 ⿰日良
晙 11 ⿰日夋
畤 11 ⿰田寺
𬱖 11 ⿰由页
趼 11 ⿰𧾷开
跂 11 ⿰𧾷支
蛃 11 ⿰虫丙
蚲 11 ⿰虫平
𬟽 11 ⿰虫东
蚺 11 ⿰虫冉
啴 11 ⿰口单
䎃 11 ⿰冉羽
崧 11 ⿱山松
崟 11 ⿱山金
崞 11 ⿰山享
崒 11 ⿱山卒
崌 11 ⿰山居
崡 11 ⿰山函
铏 11 ⿰钅刑
𫓯 11 ⿰钅圭
𫟹 11 ⿰钅共
铕 11 ⿰钅有
铖 11 ⿰钅成
铚 11 ⿰钅至
铞 11 ⿰钅吊
铥 11 ⿰钅丢
铴 11 ⿰钅汤
牻 11 ⿰牜尨
牿 11 ⿰牜告
稆 11 ⿰禾吕
笱 11 ⿱𥫗句
笯 11 ⿱𥫗奴
偰 11 ⿰亻契
偡 11 ⿰亻甚
鸺 11 ⿰休鸟
偭 11 ⿰亻面
偲 11 ⿰亻思
偁 11 ⿰亻爯
㿠 11 ⿰白光
偓 11 ⿰亻屋
徛 11 ⿰彳奇
衒 11 ⿲彳玄亍
舳 11 ⿰舟由
舲 11 ⿰舟令
鸼 11 ⿰舟鸟
悆 11 ⿱余心
䝙 11 ⿰豸区
脶 11 ⿰月呙
脞 11 ⿰月坐
脟 11 ⿱月寽
䏲 11 ⿰月弟
鱾 11 ⿰鱼己
猇 11 ⿰犭虎
猊 11 ⿰犭兒
猄 11 ⿰犭京
觖 11 ⿰角夬
𠅤 11 ⿱亠思
庱 11 ⿸广夌
庼 11 ⿸广顷
庳 11 ⿸广卑
痓 11 ⿸疒至
堃 11 ⿱⿰方方土
阌 11 ⿵门受
羝 11 ⿰羊氐
羕 11 ⿱𦍌永
焆 11 ⿰火肙
烺 11 ⿰火良
焌 11 ⿰火夋
淏 11 ⿰氵昊
𬇹 11 ⿰氵国
淟 11 ⿰氵典
淜 11 ⿰氵朋
淴 11 ⿰氵忽
淯 11 ⿰氵育
湴 11 ⿰氵並
涴 11 ⿰氵宛
𬍡 11 ⿱汤玉
㥄 11 ⿰忄夌
惛 11 ⿰忄昏
惔 11 ⿰忄炎
悰 11 ⿰忄宗
惙 11 ⿰忄叕
寁 11 ⿱宀疌
逭 11 ⿺辶官
𬤇 11 ⿰讠垔
𫍯 11 ⿰讠咸
袼 11 ⿰衤各
裈 11 ⿰衤军
祲 11 ⿰礻𠬶
𬤊 11 ⿰讠是
𫍲 11 ⿰讠叟
谞 11 ⿰讠胥
艴 11 ⿰弗色
弸 11 ⿰弓朋
弶 11 ⿰弓京
婞 11 ⿰女幸
娵 11 ⿰女取
婼 11 ⿰女若
媖 11 ⿰女英
婳 11 ⿰女画
婍 11 ⿰女奇
婌 11 ⿰女叔
婫 11 ⿰女昆
婤 11 ⿰女周
婘 11 ⿰女卷
婠 11 ⿰女官
𬘬 11 ⿰纟青
𬘭 11 ⿰纟林
𬴂 11 ⿰马非
𫘦 11 ⿰马匋
绹 11 ⿰纟匋
𫟅 11 ⿰纟京
𬘯 11 ⿰纟享
骕 11 ⿰马肃
𫘧 11 ⿰马录
靬 11 ⿰革干
𠩺 11 
啇 11 亠丷冂古
𡕩 11 
啚 11 口十回
屚 11 尸雨
㣎 11 白小彡
悤 11 囱心
桼 11 木𠆢氺
𢛳 11 
悘 11 医心
旉 11 甫方
強 11 弓𧈧
欶 11 束欠
殸 11 声殳
殹 11 医殳
㳟 11 共氺
𤕻 11 
畧 11 田各
異 11 田共
翏 11 羽㐱
習 11 羽白
虘 11 虍且
虖 11 虍乎
豙 11 立𧰨
酓 11 今酉
𭾁 11 
𥬥 11 
鹵 11 
荆 12 ⿰茾刂
理 12 ⿰𤣩里
掷 12 ⿰扌郑
奢 12 ⿱大者
雀 12 ⿱小隹
野 12 ⿰里予
鄂 12 ⿰咢阝
象 12 ⿱⿻口𧰨
廊 12 ⿸广郎
着 12 ⿸目
渠 12 ⿱洰木
隋 12 ⿰阝⿱左月
堕 12 ⿱陏土
随 12 ⿰阝迶
隅 12 ⿰阝禺
隆 12 ⿰阝⿳夂一生
隐 12 ⿰阝急
巢 12 ⿱巛果
琴 12 ⿱玨今
琳 12 ⿰𤣩林
琼 12 ⿰𤣩京
斑 12 ⿲𤣩文王
替 12 ⿱㚘曰
揍 12 ⿰扌奏
款 12 ⿰⿱士示欠
堪 12 ⿰土甚
塔 12 ⿰土荅
搭 12 ⿰扌荅
堰 12 ⿰土匽
揩 12 ⿰扌皆
越 12 ⿺走戉
趁 12 ⿺走㐱
趋 12 ⿺走刍
超 12 ⿺走召
揽 12 ⿰扌览
堤 12 ⿰土是
提 12 ⿰扌是
博 12 ⿰十尃
揭 12 ⿰扌曷
喜 12 ⿱壴口
彭 12 ⿰壴彡
揣 12 ⿰扌耑
插 12 ⿰扌臿
揪 12 ⿰扌秋
搜 12 ⿰扌⿱⿻𦥑丨又
煮 12 ⿱者灬
援 12 ⿰扌爰
搀 12 ⿰扌𫥎
裁 12 ⿹𢦏衣
搁 12 ⿰扌阁
搂 12 ⿰扌娄
搅 12 ⿰扌觉
壹 12 ⿳士冖豆
握 12 ⿰扌屋
揉 12 ⿰扌柔
斯 12 ⿰其斤
期 12 ⿰其月
欺 12 ⿰其欠
联 12 ⿰耳关
葫 12 ⿱艹胡
散 12 ⿰⿱龷月攵
惹 12 ⿱若心
葬 12 ⿳艹死廾
募 12 ⿱莫力
葛 12 ⿱艹曷
董 12 ⿱艹重
葡 12 ⿱艹匍
敬 12 ⿰苟攵
葱 12 ⿱艹怱
蒂 12 ⿱艹帝
落 12 ⿱艹洛
韩 12 ⿰𠦝韦
朝 12 ⿰龺月
辜 12 ⿱古辛
葵 12 ⿱艹癸
棒 12 ⿰木奉
棱 12 ⿰木夌
棋 12 ⿰木其
植 12 ⿰木直
森 12 ⿱木林
焚 12 ⿱林火
椅 12 ⿰木奇
椒 12 ⿰木叔
棍 12 ⿰木昆
椎 12 ⿰木隹
棉 12 ⿰木帛
棚 12 ⿰木朋
棕 12 ⿰木宗
棺 12 ⿰木官
惠 12 ⿳⿻一申⿰丶心
惑 12 ⿱或心
逼 12 ⿺辶畐
粟 12 ⿱覀米
棘 12 ⿰朿朿
酣 12 ⿰酉甘
酥 12 ⿰酉禾
厨 12 ⿸厂𭔰
厦 12 ⿸厂夏
硬 12 ⿰石更
硝 12 ⿰石肖
确 12 ⿰石角
硫 12 ⿰石㐬
雁 12 ⿸厂倠
殖 12 ⿰歹直
裂 12 ⿱列衣
雄 12 ⿰厷隹
颊 12 ⿰夹页
雳 12 ⿱历
暂 12 ⿱斩日
雅 12 ⿰牙隹
翘 12 ⿺尧羽
辈 12 ⿱非车
悲 12 ⿱非心
紫 12 ⿱此糸
凿 12 ⿱业⿶凵𢆉
辉 12 ⿰光军
敞 12 ⿰尚攵
棠 12 ⿱𫩠木
赏 12 ⿱𫩠贝
掌 12 ⿱𫩠手
晴 12 ⿰日青
睐 12 ⿰目来
暑 12 ⿱日者
最 12 ⿱取
晰 12 ⿰日析
喷 12 ⿰口贲
喳 12 ⿰口查
晶 12 ⿱日昍
喇 12 ⿰口剌
遇 12 ⿺辶禺
喊 12 ⿰口咸
遏 12 ⿺辶曷
晾 12 ⿰日京
景 12 ⿱日京
畴 12 ⿰田寿
跋 12 ⿰𧾷犮
跌 12 ⿰𧾷失
跑 12 ⿰𧾷包
跛 12 ⿰𧾷皮
遗 12 ⿺辶贵
蛙 12 ⿰虫圭
蛛 12 ⿰虫朱
蛤 12 ⿰虫合
喝 12 ⿰口曷
鹃 12 ⿰肙鸟
喂 12 ⿰口畏
喘 12 ⿰口耑
喉 12 ⿰口侯
喻 12 ⿰口俞
啼 12 ⿰口帝
喧 12 ⿰口宣
嵌 12 ⿱山𣢟
幅 12 ⿰巾畐
帽 12 ⿰巾冒
赋 12 ⿰贝武
赌 12 ⿰贝者
赎 12 ⿰贝卖
赐 12 ⿰贝易
赔 12 ⿰贝咅
黑 12 ⿱⿻土⿻丷口灬
铸 12 ⿰钅寿
铺 12 ⿰钅甫
链 12 ⿰钅连
销 12 ⿰钅肖
锁 12 ⿰钅𭕆
锄 12 ⿰钅助
锅 12 ⿰钅呙
锈 12 ⿰钅秀
锋 12 ⿰钅夆
锌 12 ⿰钅辛
锐 12 ⿰钅兑
甥 12 ⿰生男
掰 12 ⿲手分手
短 12 ⿰矢豆
智 12 ⿱知日
氮 12 ⿹气炎
毯 12 ⿺毛炎
氯 12 ⿹气彔
鹅 12 ⿰我鸟
剩 12 ⿰乘刂
稍 12 ⿰禾肖
程 12 ⿰禾呈
稀 12 ⿰禾希
税 12 ⿰禾兑
筐 12 ⿱𥫗匡
等 12 ⿱𥫗寺
筑 12 ⿱𥫗巩
策 12 ⿱𥫗朿
筛 12 ⿱𥫗师
筒 12 ⿱𥫗同
筏 12 ⿱𥫗伐
答 12 ⿱𥫗合
筋 12 ⿱𥫗肋
筝 12 ⿱𥫗争
傅 12 ⿰亻尃
牌 12 ⿰片卑
堡 12 ⿱保土
集 12 ⿱隹木
焦 12 ⿱隹灬
傍 12 ⿰亻旁
储 12 ⿰亻诸
皓 12 ⿰白告
皖 12 ⿰白完
粤 12 ⿱⿱丿⿴囗米丂
奥 12 ⿱⿵⿱丿冂米大
街 12 ⿲彳圭亍
惩 12 ⿱征心
循 12 ⿰彳盾
舒 12 ⿰舍予
逾 12 ⿺辶俞
番 12 ⿱釆田
释 12 ⿰釆𠬤
腊 12 ⿰月昔
脾 12 ⿰月卑
腋 12 ⿰月夜
腔 12 ⿰空
腕 12 ⿰月宛
鲁 12 ⿱鱼日
猩 12 ⿰犭星
猬 12 ⿰犭胃
猴 12 ⿰犭侯
惫 12 ⿱夂思
然 12 ⿱⿰𱼀犬灬
馈 12 ⿰饣贵
馋 12 ⿰饣𫥎
装 12 ⿱壮衣
蛮 12 ⿱𰁜虫
就 12 ⿰京尤
敦 12 ⿰享攵
斌 12 ⿰文武
痘 12 ⿸疒豆
痢 12 ⿸疒利
痪 12 ⿸疒奂
痛 12 ⿸疒甬
竣 12 ⿰立夋
阔 12 ⿵门活
善 12 ⿻羊⿱䒑口
翔 12 ⿰羊羽
羡 12 ⿱𦍌次
普 12 ⿱並日
粪 12 ⿱米共
尊 12 ⿱酋寸
奠 12 ⿱酋大
道 12 ⿺辶首
遂 12 ⿺辶㒸
曾 12 ⿱丷𭥴
焰 12 ⿰火臽
港 12 ⿰氵巷
滞 12 ⿰氵帯
湖 12 ⿰氵胡
湘 12 ⿰氵相
渣 12 ⿰氵查
渤 12 ⿰氵勃
渺 12 ⿰氵眇
湿 12 ⿰氵显
温 12 ⿰氵昷
渴 12 ⿰氵曷
溃 12 ⿰氵贵
溅 12 ⿰氵贱
湃 12 ⿰氵拜
渝 12 ⿰氵俞
湾 12 ⿰氵弯
渡 12 ⿰氵度
游 12 ⿰氵斿
滋 12 ⿰氵兹
渲 12 ⿰氵宣
愤 12 ⿰忄贲
慌 12 ⿰忄荒
惰 12 ⿰忄⿱左月
愕 12 ⿰忄咢
愣 12 ⿰忄𬙙
惶 12 ⿰忄皇
愉 12 ⿰忄俞
割 12 ⿰害刂
寒 12 ⿱𡨄
富 12 ⿱宀畐
寓 12 ⿱宀禺
窜 12 ⿱穴串
窝 12 ⿱穴呙
窖 12 ⿱穴告
窗 12 ⿱穴囱
窘 12 ⿱穴君
遍 12 ⿺辶扁
雇 12 ⿸户隹
裕 12 ⿰衤谷
裤 12 ⿰衤库
裙 12 ⿰衤君
禄 12 ⿰礻录
谢 12 ⿰讠射
谣 12 ⿰讠䍃
谤 12 ⿰讠旁
谦 12 ⿰讠兼
犀 12 ⿸尸⿱氺牛
属 12 ⿸尸禹
屡 12 ⿸尸娄
强 12 ⿰弓虽
粥 12 ⿲弓米弓
疏 12 ⿰𤴔㐬
媒 12 ⿰女某
絮 12 ⿱如糸
嫂 12 ⿰女叟
媚 12 ⿰女眉
婿 12 ⿰女胥
登 12 ⿱癶豆
缅 12 ⿰纟面
缆 12 ⿰纟览
缉 12 ⿰纟咠
缎 12 ⿰纟段
缓 12 ⿰纟爰
缔 12 ⿰纟帝
缕 12 ⿰纟娄
骗 12 ⿰马扁
编 12 ⿰纟扁
骚 12 ⿰马蚤
缘 12 ⿰纟彖
靴 12 ⿰革化
靶 12 ⿰革巴
献 12 ⿰南犬
琤 12 ⿰𤣩争
揶 12 ⿰扌耶
赧 12 ⿰赤𠬝
郾 12 ⿰匽阝
鄄 12 ⿰垔阝
厩 12 ⿸厂既
啷 12 ⿰口郎
铤 12 ⿰钅廷
筇 12 ⿱𥫗邛
傀 12 ⿰亻鬼
馃 12 ⿰饣果
郿 12 ⿰眉阝
隈 12 ⿰阝畏
隍 12 ⿰阝皇
婊 12 ⿰女表
骒 12 ⿰马果
耠 12 ⿰耒合
琫 12 ⿰𤣩奉
琵 12 ⿱玨比
琶 12 ⿱玨巴
琪 12 ⿰𤣩其
瑛 12 ⿰𤣩英
琦 12 ⿰𤣩奇
琥 12 ⿰𤣩虎
琨 12 ⿰𤣩昆
靓 12 ⿰青见
琰 12 ⿰𤣩炎
琮 12 ⿰𤣩宗
琯 12 ⿰𤣩官
琬 12 ⿰𤣩宛
琛 12 ⿰𤣩罙
琚 12 ⿰𤣩居
辇 12 ⿱㚘车
鼋 12 ⿱元黾
揳 12 ⿰扌契
搽 12 ⿰扌茶
揸 12 ⿰扌查
揠 12 ⿰扌匽
堙 12 ⿰土垔
趄 12 ⿺走且
揖 12 ⿰扌咠
颉 12 ⿰吉页
塄 12 ⿰土𬙙
揿 12 ⿰扌钦
耋 12 ⿱老至
揄 12 ⿰扌俞
蛩 12 ⿱巩虫
蛰 12 ⿱执虫
塆 12 ⿰土弯
摒 12 ⿰扌屏
揆 12 ⿰扌癸
掾 12 ⿰扌彖
聒 12 ⿰耳舌
葑 12 ⿱艹封
葚 12 ⿰艹甚
葳 12 ⿱艹威
葺 12 ⿱艹咠
葸 12 ⿱艹思
萼 12 ⿱艹咢
葆 12 ⿱艹保
葩 12 ⿱艹皅
葶 12 ⿱艹亭
蒌 12 ⿱艹娄
萱 12 ⿱艹宣
戟 12 ⿰𠦝戈
葭 12 ⿱艹叚
楮 12 ⿰木者
棼 12 ⿱林分
椟 12 ⿰木卖
棹 12 ⿰木卓
椤 12 ⿰木罗
棰 12 ⿰木垂
赍 12 ⿳⿻十从冖贝
椋 12 ⿰木京
椁 12 ⿰木享
椪 12 ⿰木並
棣 12 ⿰木隶
椐 12 ⿰木居
鹁 12 ⿰孛鸟
覃 12 ⿱覀早
酤 12 ⿰酉古
酢 12 ⿰酉乍
酡 12 ⿰酉它
鹂 12 ⿰丽鸟
厥 12 ⿸厂欮
殚 12 ⿰歹单
殛 12 ⿰歹亟
雯 12 ⿱雨文
雱 12 ⿱雨方
辊 12 ⿰车昆
辋 12 ⿰车罔
椠 12 ⿱斩木
辍 12 ⿰车叕
辎 12 ⿰车甾
斐 12 ⿱非文
睄 12 ⿰目肖
睑 12 ⿰目佥
睇 12 ⿰目弟
睃 12 ⿰目夋
嗒 12 ⿰口荅
喃 12 ⿰口南
喹 12 ⿰口奎
晷 12 ⿱日咎
喈 12 ⿰口皆
跖 12 ⿰𧾷石
跗 12 ⿰𧾷付
跞 12 ⿰𧾷乐
跚 12 ⿰𧾷册
跎 12 ⿰𧾷它
跏 12 ⿰𧾷加
跆 12 ⿰𧾷台
蛱 12 ⿰虫夹
蛲 12 ⿰虫尧
蛭 12 ⿰虫至
蛳 12 ⿰虫师
蛐 12 ⿰虫曲
蛔 12 ⿰虫回
蛞 12 ⿰虫舌
蛴 12 ⿰虫齐
蛟 12 ⿰虫交
蛘 12 ⿰虫羊
喁 12 ⿰口禺
喟 12 ⿰口胃
啾 12 ⿰口秋
嗖 12 ⿰口叟
喑 12 ⿰口音
喽 12 ⿰口娄
嗞 12 ⿰口兹
喀 12 ⿰口客
喔 12 ⿰口屋
喙 12 ⿰口彖
嵘 12 ⿰山荣
嵖 12 ⿰山查
崴 12 ⿱山威
遄 12 ⿺辶耑
詈 12 ⿱罒言
嵎 12 ⿰山禺
崽 12 ⿱山思
嵛 12 ⿱山俞
嵝 12 ⿰山娄
嵫 12 ⿰山兹
幄 12 ⿰巾屋
嵋 12 ⿰山眉
赕 12 ⿰贝炎
铻 12 ⿰钅吾
铼 12 ⿰钅来
铿 12 ⿰钅坚
锃 12 ⿰钅呈
锆 12 ⿰钅告
锇 12 ⿰钅我
锉 12 ⿰钅坐
锏 12 ⿰钅间
锑 12 ⿰钅弟
锒 12 ⿰钅良
锔 12 ⿰钅局
掣 12 ⿱制手
矬 12 ⿰矢坐
氰 12 ⿹气青
毳 12 ⿱毛㲎
犊 12 ⿰牜卖
犄 12 ⿰牜奇
犋 12 ⿰牜具
鹄 12 ⿰告鸟
嵇 12 ⿰禾⿱尤山
黍 12 ⿳禾人氺
稃 12 ⿰禾孚
稂 12 ⿰禾良
筚 12 ⿱𥫗毕
筌 12 ⿱𥫗全
傣 12 ⿰亻泰
傈 12 ⿰亻栗
舄 12 ⿱臼⿹勹灬
牍 12 ⿰片卖
傥 12 ⿰亻党
傧 12 ⿰亻宾
遑 12 ⿺辶皇
傩 12 ⿰亻难
遁 12 ⿺辶盾
徨 12 ⿰彳皇
媭 12 ⿱须女
畲 12 ⿱佘田
弑 12 ⿰杀式
颌 12 ⿰合页
翕 12 ⿱合羽
釉 12 ⿰釆由
鹆 12 ⿰谷鸟
舜 12 ⿳爫冖舛
貂 12 ⿰豸召
腈 12 ⿰月青
腌 12 ⿰奄
腓 12 ⿰非
腆 12 ⿰月典
腴 12 ⿰月臾
腑 12 ⿰月府
腚 12 ⿰月定
鱿 12 ⿰鱼尤
鲀 12 ⿰鱼屯
鲂 12 ⿰鱼方
颍 12 ⿰⿱匕水页
猢 12 ⿰犭胡
猹 12 ⿰犭查
猥 12 ⿰犭畏
飓 12 ⿺风具
觞 12 ⿰角⿱𠂉𠃓
觚 12 ⿰角瓜
猱 12 ⿰犭柔
颎 12 ⿰⿱匕火页
飧 12 ⿰夕食
馇 12 ⿰饣查
馊 12 ⿰饣叟
亵 12 ⿳亠执𧘇
脔 12 ⿱𰁜肉
裒 12 ⿳亠𦥑𧘇
痣 12 ⿸疒志
痨 12 ⿸疒劳
痦 12 ⿸疒吾
痞 12 ⿸疒否
痤 12 ⿸疒坐
痫 12 ⿸疒闲
痧 12 ⿸疒沙
赓 12 ⿸庚贝
竦 12 ⿰立束
啻 12 ⿱帝口
颏 12 ⿰亥页
鹇 12 ⿰闲鸟
阑 12 ⿵门柬
阒 12 ⿵门狊
阕 12 ⿵门癸
粞 12 ⿰米西
遒 12 ⿺辶酋
孳 12 ⿱兹子
焯 12 ⿰火卓
焜 12 ⿰火昆
焙 12 ⿰火咅
焱 12 ⿱火炏
鹈 12 ⿰弟鸟
湛 12 ⿰氵甚
湮 12 ⿰氵垔
湎 12 ⿰氵面
湜 12 ⿰氵是
渭 12 ⿰氵胃
湍 12 ⿰氵耑
湫 12 ⿰氵秋
溲 12 ⿰氵叟
湟 12 ⿰氵皇
溆 12 ⿰涂又
湲 12 ⿰氵爰
湔 12 ⿰氵前
湉 12 ⿰氵恬
渥 12 ⿰氵屋
湄 12 ⿰氵眉
愠 12 ⿰忄昷
惺 12 ⿰忄星
愦 12 ⿰忄贵
惴 12 ⿰忄耑
愀 12 ⿰忄秋
愎 12 ⿰忄复
愔 12 ⿰忄音
喾 12 ⿱𰃮告
寐 12 ⿱宀⿰爿未
谟 12 ⿰讠莫
扉 12 ⿸户非
裢 12 ⿰衤连
裎 12 ⿰衤呈
裥 12 ⿰衤间
祾 12 ⿰礻夌
谠 12 ⿰讠党
幂 12 ⿱𠖇巾
谡 12 ⿰讠畟
谥 12 ⿰讠益
谧 12 ⿰讠𥁑
遐 12 ⿺辶叚
孱 12 ⿸尸孨
弼 12 ⿲弓百弓
巽 12 ⿱⿰巳巳共
媪 12 ⿰女昷
媛 12 ⿰女爰
婷 12 ⿰女亭
巯 12 ⿰𢀖㐬
翚 12 ⿱羽军
皴 12 ⿰夋皮
婺 12 ⿱敄女
骛 12 ⿰敄马
缃 12 ⿰纟相
缄 12 ⿰纟咸
彘 12 ⿱彑⿲匕矢匕
缇 12 ⿰纟是
缈 12 ⿰纟眇
缌 12 ⿰纟思
缑 12 ⿰纟侯
缒 12 ⿰纟追
缗 12 ⿰纟昬
飨 12 ⿰乡食
靳 12 ⿰革斤
颐 12 ⿰𦣞页
牒 12 ⿰片枼
梴 12 ⿰木延
烻 12 ⿰火延
䓬 12 ⿱艹卓
鿎 12 ⿰石达
𫟼 12 ⿰钅达
铘 12 ⿰钅邪
鄅 12 ⿰禹阝
鄃 12 ⿰俞阝
瓻 12 ⿰希瓦
𬯎 12 ⿰阝贵
隃 12 ⿰阝俞
絜 12 ⿱㓞糸
珷 12 ⿰𤣩武
琲 12 ⿰𤣩非
琡 12 ⿰𤣩叔
琟 12 ⿰𤣩隹
琔 12 ⿰𤣩定
琭 12 ⿰𤣩彔
堾 12 ⿰土春
堼 12 ⿱封土
揕 12 ⿰扌甚
㙘 12 ⿰土要
堧 12 ⿰土耎
喆 12 ⿰吉吉
堨 12 ⿰土曷
塅 12 ⿰土段
堠 12 ⿰土侯
絷 12 ⿱执糸
𪣻 12 ⿰土娄
𡎚 12 ⿰土扁
葜 12 ⿱艹契
惎 12 ⿱其心
萳 12 ⿱艹南
葙 12 ⿱艹相
葴 12 ⿱艹咸
蒇 12 ⿱艹⿵戊贝
蒈 12 ⿱艹皆
蒉 12 ⿱艹贵
萩 12 ⿱艹秋
葰 12 ⿱艹俊
葎 12 ⿱艹律
蒎 12 ⿱艹派
葖 12 ⿱艹突
蒄 12 ⿱艹冠
萹 12 ⿱艹扁
棤 12 ⿰木昔
棽 12 ⿱林今
棫 12 ⿰木或
椓 12 ⿰木豖
椑 12 ⿰木卑
𬃊 12 ⿰木质
鹀 12 ⿰巫鸟
椆 12 ⿰木周
棓 12 ⿰木咅
棬 12 ⿰木卷
棪 12 ⿰木炎
椀 12 ⿰木宛
𬷕 12 ⿰甫鸟
甦 12 ⿺更生
酦 12 ⿰酉发
觌 12 ⿰卖见
奡 12 ⿱𦣻夰
皕 12 ⿰百百
硪 12 ⿰石我
欹 12 ⿰奇欠
詟 12 ⿱龙言
𫐐 12 ⿰车兒
辌 12 ⿰车京
棐 12 ⿱非木
龂 12 ⿰齿斤
𬹼 12 ⿰齿介
黹 12 ⿱业㡀
牚 12 ⿱𫩠牙
睎 12 ⿰目希
晫 12 ⿰日卓
晪 12 ⿰日典
晱 12 ⿰日炎
𧿹 12 ⿰𧾷母
蛑 12 ⿰虫牟
畯 12 ⿰田夋
斝 12 ⿳吅冖斗
喤 12 ⿰口皇
崶 12 ⿱山封
嵁 12 ⿰山甚
𫶇 12 ⿰山带
崾 12 ⿰山要
嵅 12 ⿱山咸
崿 12 ⿰山咢
嵚 12 ⿱山钦
翙 12 ⿰岁羽
𫖮 12 ⿰岂页
圌 12 ⿴囗耑
圐 12 ⿴囗𬙙
赑 12 ⿱贝𲂻
淼 12 ⿱水沝
赒 12 ⿰贝周
鿏 12 ⿰钅麦
铹 12 ⿰钅劳
𬭊 12 ⿰钅杜
铽 12 ⿰钅忒
𨱇 12 ⿰钅求
𫓶 12 ⿰钅肙
锊 12 ⿰钅寽
锍 12 ⿰钅㐬
锎 12 ⿰钅𫔭
𬭎 12 ⿰钅宏
锓 12 ⿰钅𠬶
犇 12 ⿱牛牪
稌 12 ⿰禾余
筀 12 ⿱𥫗圭
筘 12 ⿱𥫗扣
筜 12 ⿱𥫗当
筅 12 ⿱𥫗先
傃 12 ⿰亻素
傉 12 ⿰亻辱
傒 12 ⿰亻奚
傕 12 ⿰亻隺
舾 12 ⿰舟西
畬 12 ⿱余田
𫖯 12 ⿰兆页
腘 12 ⿰月国
䐃 12 ⿰月囷
腙 12 ⿰月宗
腒 12 ⿰月居
𬱟 12 ⿰危页
鲃 12 ⿰鱼巴
猰 12 ⿰犭契
𫛭 12 ⿱狂鸟
猯 12 ⿰犭耑
㺄 12 ⿰犭俞
凓 12 ⿰冫栗
𫷷 12 ⿸广钦
廋 12 ⿸广叟
粢 12 ⿱次米
遆 12 ⿺辶帝
旐 12 ⿸𭤨兆
𬮱 12 ⿵门垔
焞 12 ⿰火享
𬊤 12 ⿰火单
欻 12 ⿰炎欠
𣸣 12 ⿰氵贲
溚 12 ⿰氵荅
溁 12 ⿰氵荣
湝 12 ⿰氵皆
渰 12 ⿰氵弇
湓 12 ⿰氵盆
㴔 12 ⿰氵急
渟 12 ⿰氵亭
渼 12 ⿰氵美
溇 12 ⿰氵娄
湣 12 ⿰氵昬
湑 12 ⿰氵胥
愐 12 ⿰忄面
愃 12 ⿰忄宣
敩 12 ⿰学攵
甯 12 ⿳宀心用
棨 12 ⿱𢼄木
扊 12 ⿸戶炎
裣 12 ⿰衤佥
婻 12 ⿰女南
媆 12 ⿰女耎
媞 12 ⿰女是
㛹 12 ⿰女便
媓 12 ⿰女皇
媂 12 ⿰女帝
媄 12 ⿰女美
毵 12 ⿰参毛
矞 12 ⿱矛冏
𬴃 12 ⿰马砉
𫘨 12 ⿰马是
缊 12 ⿰纟昷
缐 12 ⿰纟泉
骙 12 ⿰马癸
楪 12 ⿰木枼
兟 12 先先
㗊 12 吅吅
尌 12 壴寸
尞 12 昚小
嵒 12 品山
惢 12 心心心
棥 12 木爻木
幾 12 𢆶戈人
朁 12 兓曰
復 12 彳复
㷉 12 尸二火寸
甤 12 豕生
猋 12 犬㹜
盙 12 甫皿
絭 12 龹糸
粦 12 米舛
虛 12 虍业
䖵 12 虫虫
䖭 12 龹虫
菐 12 业䒑夫
賁 12 卉貝
黃 12 
搓 13 ⿰扌差
搔 13 ⿰扌蚤
蒋 13 ⿱艹将
椰 13 ⿰木耶
棵 13 ⿰木果
榔 13 ⿰木郎
椭 13 ⿰木陏
量 13 ⿱旦里
鼎 13 ⿶𤕰目
践 13 ⿰𧾷戋
蜓 13 ⿰虫廷
傲 13 ⿰亻敖
艇 13 ⿰舟廷
禽 13 ⿱𠆢离
猾 13 ⿰犭骨
童 13 ⿱立里
滑 13 ⿰氵骨
溉 13 ⿰氵既
愧 13 ⿰忄鬼
慨 13 ⿰忄既
禅 13 ⿰礻単
隔 13 ⿰阝鬲
隙 13 ⿰阝𡭴
隘 13 ⿰阝益
瑟 13 ⿱玨必
鹉 13 ⿰武鸟
瑞 13 ⿰𤣩耑
瑙 13 ⿰𤣩𡿺
肆 13 ⿰镸聿
摄 13 ⿰扌聂
摸 13 ⿰扌莫
填 13 ⿰土真
搏 13 ⿰扌尃
塌 13 ⿰土𦐇
鼓 13 ⿰壴支
摆 13 ⿰扌罢
携 13 ⿰扌隽
搬 13 ⿰扌般
摇 13 ⿰扌⿱爫缶
搞 13 ⿰扌高
塘 13 ⿰土唐
摊 13 ⿰扌难
聘 13 ⿰耳甹
斟 13 ⿰甚斗
蒜 13 ⿱艹祘
勤 13 ⿰堇力
鹊 13 ⿰昔鸟
蓝 13 ⿱艹监
墓 13 ⿱莫土
幕 13 ⿱莫巾
蓬 13 ⿱艹逢
蓄 13 ⿱艹畜
蒲 13 ⿱艹浦
蓉 13 ⿱艹容
蒙 13 ⿱艹冡
蒸 13 ⿱艹烝
椿 13 ⿰木春
禁 13 ⿱林示
楚 13 ⿱林疋
楷 13 ⿰木皆
榄 13 ⿰木览
想 13 ⿱相心
榆 13 ⿰木俞
楼 13 ⿰木娄
赖 13 ⿰束负
酪 13 ⿰酉各
酬 13 ⿰酉州
感 13 ⿱咸心
碍 13 ⿰石㝵
碘 13 ⿰石典
碑 13 ⿰石卑
碎 13 ⿰石卒
碰 13 ⿰石並
碗 13 ⿰石宛
碌 13 ⿰石录
尴 13 ⿺尢监
雷 13 ⿱田
零 13 ⿱令
雾 13 ⿱雨务
雹 13 ⿱雨包
辐 13 ⿰车畐
辑 13 ⿰车咠
输 13 ⿰车俞
督 13 ⿱叔目
频 13 ⿰步页
龄 13 ⿰齿令
鉴 13 ⿱𰀢金
睛 13 ⿰目青
睹 13 ⿰目者
睦 13 ⿰目坴
瞄 13 ⿰目苗
睫 13 ⿰目疌
睡 13 ⿰目垂
睬 13 ⿰目采
嗜 13 ⿰口耆
嗦 13 ⿰口索
愚 13 ⿱禺心
暖 13 ⿰日爰
盟 13 ⿱明皿
歇 13 ⿰曷欠
暗 13 ⿰日音
暇 13 ⿰日叚
照 13 ⿱昭灬
畸 13 ⿰田奇
跨 13 ⿰𧾷夸
跷 13 ⿰𧾷尧
跳 13 ⿰𧾷兆
跺 13 ⿰𧾷朵
跪 13 ⿰𧾷危
路 13 ⿰𧾷各
跤 13 ⿰𧾷交
跟 13 ⿰𧾷艮
遣 13 ⿺辶⿱𠀐㠯
蜈 13 ⿰虫吳
蜗 13 ⿰虫呙
蛾 13 ⿰虫我
蜂 13 ⿰虫夆
蜕 13 ⿰虫兑
嗅 13 ⿰口臭
嗡 13 ⿰口翁
嗓 13 ⿰口桑
署 13 ⿱罒者
置 13 ⿱罒直
罪 13 ⿱罒非
罩 13 ⿱罒卓
蜀 13 ⿱罒𠣜
幌 13 ⿰巾晃
错 13 ⿰钅昔
锚 13 ⿰钅苗
锡 13 ⿰钅易
锣 13 ⿰钅罗
锤 13 ⿰钅垂
锥 13 ⿰钅隹
锦 13 ⿰钅帛
锯 13 ⿰钅居
锰 13 ⿰钅孟
矮 13 ⿰矢委
辞 13 ⿰舌辛
稚 13 ⿰禾隹
稠 13 ⿰禾周
颓 13 ⿰秃页
愁 13 ⿱秋心
筹 13 ⿱𥫗寿
签 13 ⿱𥫗佥
简 13 ⿱𥫗间
筷 13 ⿱𥫗快
毁 13 ⿰𬛸殳
舅 13 ⿱臼男
鼠 13 ⿱臼⿲⿺𠄌⿺𠄌
催 13 ⿰亻崔
傻 13 ⿰亻𡕩
躲 13 ⿰身朵
衙 13 ⿲彳吾亍
微 13 ⿰彳𢼸
愈 13 ⿱俞心
遥 13 ⿺辶⿱爫缶
腻 13 ⿰月贰
腰 13 ⿰月要
腥 13 ⿰月星
腮 13 ⿰月思
腹 13 ⿰月复
腺 13 ⿰泉
鹏 13 ⿰朋鸟
腾 13 ⿰月𱅑
腿 13 ⿰退
鲍 13 ⿰鱼包
猿 13 ⿰犭袁
颖 13 ⿰⿱匕禾页
触 13 ⿰角虫
解 13 ⿰角𭷔
煞 13 ⿱⿰刍攵灬
雏 13 ⿰刍隹
馍 13 ⿰饣莫
馏 13 ⿰饣留
酱 13 ⿱⿰丬夕酉
禀 13 ⿱㐭示
痹 13 ⿸疒畀
痴 13 ⿸疒知
痰 13 ⿸疒炎
廉 13 ⿸广兼
靖 13 ⿰立青
新 13 ⿰亲斤
韵 13 ⿰音匀
意 13 ⿱音心
誊 13 ⿱龹言
粮 13 ⿰米良
数 13 ⿰娄攵
煎 13 ⿱前灬
塑 13 ⿱朔土
慈 13 ⿱兹心
煤 13 ⿰火某
煌 13 ⿰火皇
满 13 ⿰氵𬜯
漠 13 ⿰氵莫
滇 13 ⿰氵真
源 13 ⿰氵原
滤 13 ⿰氵虑
滥 13 ⿰氵监
滔 13 ⿰氵舀
溪 13 ⿰氵奚
溜 13 ⿰氵留
滚 13 ⿰氵衮
溢 13 ⿰氵益
溯 13 ⿰氵朔
滨 13 ⿰氵宾
溶 13 ⿰氵容
溺 13 ⿰氵弱
粱 13 ⿱⿰氵刅米
滩 13 ⿰氵难
慎 13 ⿰忄真
誉 13 ⿱兴言
塞 13 ⿱𡨄土
寞 13 ⿱宀莫
窥 13 ⿱穴规
窟 13 ⿱穴屈
寝 13 ⿱宀⿰丬𠬶
谨 13 ⿰讠堇
褂 13 ⿰衤卦
福 13 ⿰礻畐
谬 13 ⿰讠翏
群 13 ⿰君羊
殿 13 ⿰𡱒殳
辟 13 ⿰𡰪辛
媳 13 ⿰女息
嫉 13 ⿰女疾
嫌 13 ⿰女兼
嫁 13 ⿰女家
叠 13 ⿱叒冝
缚 13 ⿰纟尃
缝 13 ⿰纟逢
缠 13 ⿰纟㢆
缤 13 ⿰纟宾
蔗 13 ⿱艹庶
碟 13 ⿰石枼
舆 13 ⿳⿴𦥑车一八
僧 13 ⿰亻曾
遮 13 ⿺辶庶
䥽 13 ⿰钅发
隗 13 ⿰阝鬼
戢 13 ⿰咠戈
喱 13 ⿰口厘
嗟 13 ⿰口差
嵬 13 ⿱山鬼
嵯 13 ⿰山差
锂 13 ⿰钅里
锕 13 ⿰钅阿
毽 13 ⿺毛建
犍 13 ⿰牜建
腱 13 ⿰月建
瓿 13 ⿰咅瓦
滁 13 ⿰氵除
祺 13 ⿰礻其
骘 13 ⿱陟马
耢 13 ⿰耒劳
瑚 13 ⿰𤣩胡
瑁 13 ⿰𤣩冒
瑜 13 ⿰𤣩俞
瑗 13 ⿰𤣩爰
瑄 13 ⿰𤣩宣
瑕 13 ⿰𤣩叚
韫 13 ⿰韦昷
髡 13 ⿱髟兀
塬 13 ⿰土原
趔 13 ⿺走列
趑 13 ⿺走次
摅 13 ⿰扌虑
摁 13 ⿰扌恩
蜇 13 ⿱折虫
搋 13 ⿰扌虒
搪 13 ⿰扌唐
搐 13 ⿰扌畜
搛 13 ⿰扌兼
搠 13 ⿰扌朔
摈 13 ⿰扌宾
彀 13 ⿹𣪊弓
毂 13 ⿰⿳士冖车殳
搦 13 ⿰扌弱
搡 13 ⿰扌桑
蓁 13 ⿱艹秦
戡 13 ⿰甚戈
蓍 13 ⿱艹耆
蓐 13 ⿱艹辱
蓦 13 ⿱莫马
鹋 13 ⿰苗鸟
蒽 13 ⿱艹恩
蓓 13 ⿱艹倍
蓖 13 ⿱艹𣬉
蓊 13 ⿱艹翁
蓟 13 ⿱艹𬶀
蓑 13 ⿱艹衰
蒿 13 ⿱艹高
蒺 13 ⿱艹疾
蒟 13 ⿱艹竘
蒡 13 ⿱艹旁
蒹 13 ⿱艹兼
蒴 13 ⿱艹朔
蒗 13 ⿱艹浪
蓥 13 ⿱𫇦金
楔 13 ⿰木契
楠 13 ⿰木南
楂 13 ⿰木查
楝 13 ⿰木柬
楫 13 ⿰木咠
楸 13 ⿰木秋
椴 13 ⿰木段
槌 13 ⿰木追
楯 13 ⿰木盾
皙 13 ⿱析白
榈 13 ⿰木闾
榉 13 ⿰木举
楦 13 ⿰木宣
楣 13 ⿰木眉
楹 13 ⿰木盈
椽 13 ⿰木彖
裘 13 ⿱求衣
剽 13 ⿰票刂
酮 13 ⿰酉同
酰 13 ⿰酉先
酯 13 ⿰酉旨
酩 13 ⿰酉名
蜃 13 ⿸辰虫
碛 13 ⿰石责
碓 13 ⿰石隹
硼 13 ⿰石朋
碉 13 ⿰石周
碚 13 ⿰石咅
碇 13 ⿰石定
碜 13 ⿰石参
鹌 13 ⿰奄鸟
辏 13 ⿰车奏
龃 13 ⿰齿且
龅 13 ⿰齿包
訾 13 ⿱此言
粲 13 ⿱𣦼米
虞 13 ⿸虍吳
睚 13 ⿰目厓
嗪 13 ⿰口秦
韪 13 ⿺是韦
嗉 13 ⿰口素
睨 13 ⿰目兒
睢 13 ⿰目隹
雎 13 ⿰且隹
睥 13 ⿰目卑
嗑 13 ⿰口盍
嗫 13 ⿰口聂
嗬 13 ⿰口荷
嗔 13 ⿰口真
嗝 13 ⿰口鬲
戥 13 ⿰星戈
嗄 13 ⿰口夏
煦 13 ⿱昫灬
暄 13 ⿰日宣
遢 13 ⿺辶𦐇
暌 13 ⿰日癸
跬 13 ⿰𧾷圭
跶 13 ⿰𧾷达
跸 13 ⿰𧾷毕
跐 13 ⿰𧾷此
跣 13 ⿰𧾷先
跹 13 ⿰𧾷迁
跻 13 ⿰𧾷齐
蛸 13 ⿰虫肖
蜊 13 ⿰虫利
蜍 13 ⿰虫余
蜉 13 ⿰虫孚
畹 13 ⿰田宛
蛹 13 ⿰虫甬
嗣 13 ⿰⿱口𠕁司
嗯 13 ⿰口恩
嗥 13 ⿰口皋
嗲 13 ⿰口爹
嗳 13 ⿰口爱
嗌 13 ⿰口益
嗍 13 ⿰口朔
嗨 13 ⿰口海
嗐 13 ⿰口害
嗤 13 ⿰口蚩
嗵 13 ⿰口通
罨 13 ⿱罒奄
嵊 13 ⿰山乘
嵩 13 ⿱山高
嵴 13 ⿰山脊
锗 13 ⿰钅者
锛 13 ⿰钅奔
锜 13 ⿰钅奇
锝 13 ⿰钅㝵
锟 13 ⿰钅昆
锢 13 ⿰钅固
锨 13 ⿰钅欣
锩 13 ⿰钅卷
锭 13 ⿰钅定
锱 13 ⿰钅甾
雉 13 ⿰矢隹
氲 13 ⿹气昷
犏 13 ⿰牜扁
歃 13 ⿰臿欠
稗 13 ⿰禾卑
稔 13 ⿰禾念
筠 13 ⿱𥫗均
筢 13 ⿱𥫗把
筮 13 ⿱𥫗巫
筲 13 ⿱𥫗肖
筱 13 ⿱𥫗攸
煲 13 ⿱保火
敫 13 ⿰⿱白方攵
徭 13 ⿰彳䍃
愆 13 ⿱衍心
艄 13 ⿰舟肖
觎 13 ⿰俞见
毹 13 ⿰俞毛
貊 13 ⿰豸百
貅 13 ⿰豸休
貉 13 ⿰豸各
颔 13 ⿰含页
腠 13 ⿰奏
腩 13 ⿰月南
腼 13 ⿰月面
腭 13 ⿰月咢
腧 13 ⿰月俞
塍 13 ⿰月⿱龹土
媵 13 ⿰月⿱龹女
詹 13 ⿸厃⿱八言
鲅 13 ⿰鱼犮
鲆 13 ⿰鱼平
鲇 13 ⿰鱼占
鲈 13 ⿰鱼卢
稣 13 ⿰鱼禾
鲋 13 ⿰鱼付
鲐 13 ⿰鱼台
肄 13 ⿰𠤕聿
鹐 13 ⿰臽鸟
飕 13 ⿺风叟
觥 13 ⿰角光
遛 13 ⿺辶留
鹑 13 ⿰享鸟
亶 13 ⿱㐭旦
瘃 13 ⿸疒豖
痱 13 ⿸疒非
痼 13 ⿸疒固
痿 13 ⿸疒委
瘐 13 ⿸疒臾
瘁 13 ⿸疒卒
瘆 13 ⿸疒参
麂 13 ⿸鹿几
裔 13 ⿱衣冏
歆 13 ⿰音欠
旒 13 ⿸𭤨㐬
雍 13 ⿱亠𱁈
阖 13 ⿵门盍
阗 13 ⿵门真
阙 13 ⿵门欮
羧 13 ⿰羊夋
豢 13 ⿱龹豕
粳 13 ⿰米更
猷 13 ⿰酋犬
煳 13 ⿰火胡
煜 13 ⿰火昱
煨 13 ⿰火畏
煅 13 ⿰火段
煊 13 ⿰火宣
煸 13 ⿰火扁
煺 13 ⿰火退
滟 13 ⿰氵艳
溱 13 ⿰氵秦
溘 13 ⿰氵盍
漭 13 ⿰氵莽
滢 13 ⿰氵莹
溥 13 ⿰氵尃
溧 13 ⿰氵栗
溽 13 ⿰氵辱
裟 13 ⿱沙衣
溻 13 ⿰氵𦐇
溷 13 ⿰氵圂
滗 13 ⿰氵笔
溴 13 ⿰氵臭
滏 13 ⿰氵釜
滃 13 ⿰氵翁
滦 13 ⿰氵栾
溏 13 ⿰氵唐
滂 13 ⿰氵旁
滓 13 ⿰氵宰
溟 13 ⿰氵冥
滪 13 ⿰氵预
愫 13 ⿰忄素
慑 13 ⿰忄聂
慊 13 ⿰忄兼
鲎 13 ⿱𰃮鱼
骞 13 ⿱𡨄马
窦 13 ⿱穴卖
窣 13 ⿱穴卒
褚 13 ⿰衤者
裨 13 ⿰衤卑
裾 13 ⿰衤居
裰 13 ⿰衤叕
谩 13 ⿰讠曼
谪 13 ⿰讠啇
媾 13 ⿰女冓
嫫 13 ⿰女莫
媲 13 ⿰女𣬉
嫒 13 ⿰女爱
嫔 13 ⿰女宾
媸 13 ⿰女蚩
缙 13 ⿰纟晋
缜 13 ⿰纟真
缛 13 ⿰纟辱
辔 13 ⿱⿲纟车纟口
骝 13 ⿰马留
缟 13 ⿰纟高
缢 13 ⿰纟益
缣 13 ⿰纟兼
骟 13 ⿰马扇
摭 13 ⿰扌庶
靺 13 ⿰革末
靼 13 ⿰革旦
鞅 13 ⿰革央
靿 13 ⿰革幼
嘞 13 ⿰口勒
毓 13 ⿰每㐬
滕 13 ⿰月𣳾
䓖 13 ⿱艹穷
竫 13 ⿰立争
蓇 13 ⿱艹骨
蒐 13 ⿱艹鬼
鄑 13 ⿰晋阝
楗 13 ⿰木建
颋 13 ⿰廷页
筥 13 ⿱𥫗吕
翛 13 ⿲亻丨⿱夂羽
脿 13 ⿰月表
馉 13 ⿰饣骨
鄗 13 ⿰高阝
廆 13 ⿸广鬼
鄌 13 ⿰唐阝
溠 13 ⿰氵差
溞 13 ⿰氵蚤
祼 13 ⿰礻果
瑃 13 ⿰𤣩春
瑓 13 ⿰𤣩柬
瑅 13 ⿰𤣩是
瑆 13 ⿰𤣩星
瑖 13 ⿰𤣩段
瑝 13 ⿰𤣩皇
瑔 13 ⿰𤣩泉
瑀 13 ⿰𤣩禹
𤧛 13 ⿰𤣩帝
瑂 13 ⿰𤣩眉
瑑 13 ⿰𤣩彖
遘 13 ⿺辶冓
髢 13 ⿱髟也
塥 13 ⿰土鬲
堽 13 ⿰土罡
赪 13 ⿰赤贞
塝 13 ⿰土旁
搒 13 ⿰扌旁
搌 13 ⿰扌展
蒱 13 ⿱艹捕
蒨 13 ⿱艹倩
蓏 13 ⿱艹㼌
蓂 13 ⿱艹冥
蒻 13 ⿱艹弱
蓣 13 ⿱艹预
椹 13 ⿰木甚
榃 13 ⿱林田
榅 13 ⿰木昷
楒 13 ⿰木思
楞 13 ⿰木𬙙
楩 13 ⿰木便
榇 13 ⿰木亲
椸 13 ⿰木施
楙 13 ⿴林矛
歅 13 ⿰垔欠
𬪩 13 ⿰酉农
碃 13 ⿰石青
碏 13 ⿰石昔
𬒔 13 ⿰石肯
碈 13 ⿰石昏
䃅 13 ⿰石单
硿 13 ⿰石空
辒 13 ⿰车昷
𬨎 13 ⿰车酋
𫐓 13 ⿰车柔
龆 13 ⿰齿召
觜 13 ⿱此角
暕 13 ⿰日柬
鹍 13 ⿰昆鸟
𫫇 13 ⿰口恶
㬊 13 ⿱日爰
暅 13 ⿰日恒
跱 13 ⿰𧾷寺
蜐 13 ⿰虫劫
蜎 13 ⿰虫肙
嵲 13 ⿰山臬
赗 13 ⿰贝冒
锖 13 ⿰钅青
𫓹 13 ⿰钅其
锘 13 ⿰钅若
锳 13 ⿰钅英
锧 13 ⿰钅质
锪 13 ⿰钅忽
𬭚 13 ⿰钅享
锫 13 ⿰钅咅
锬 13 ⿰钅炎
𬭛 13 ⿰钅波
稑 13 ⿰禾坴
稙 13 ⿰禾直
䅟 13 ⿰禾参
𬕂 13 ⿱𥫗贡
筻 13 ⿱𥫗更
筼 13 ⿱𥫗员
筶 13 ⿱𥫗告
筦 13 ⿱𥫗完
筤 13 ⿱𥫗良
傺 13 ⿰亻祭
鹎 13 ⿰卑鸟
僇 13 ⿰亻翏
艅 13 ⿰舟余
艉 13 ⿰舟尾
谼 13 ⿰谷共
貆 13 ⿰豸亘
腽 13 ⿰月昷
腨 13 ⿰月耑
腯 13 ⿰月盾
鲉 13 ⿰鱼由
鲊 13 ⿰鱼乍
鲌 13 ⿰鱼白
𬶋 13 ⿰鱼句
𬶍 13 ⿰鱼它
鲏 13 ⿰鱼皮
雊 13 ⿰句隹
猺 13 ⿰犭䍃
飔 13 ⿺风思
觟 13 ⿰角圭
𦝼 13 ⿰月娄
馌 13 ⿰饣盍
裛 13 ⿳亠邑𧘇
瘀 13 ⿸疒於
瘅 13 ⿸疒单
鹒 13 ⿰庚鸟
麀 13 ⿸鹿匕
阘 13 ⿵门𦐇
𫔶 13 ⿵门臬
煁 13 ⿰火甚
煃 13 ⿰火奎
煴 13 ⿰火昷
煋 13 ⿰火星
煟 13 ⿰火胃
煓 13 ⿰火耑
滠 13 ⿰氵聂
溍 13 ⿰氵晋
溹 13 ⿰氵索
滆 13 ⿰氵鬲
滉 13 ⿰氵晃
溦 13 ⿰氵𢼸
溵 13 ⿰氵殷
滧 13 ⿰氵效
滘 13 ⿰氵⿱㓁𢀛
滍 13 ⿰氵蚩
愭 13 ⿰忄耆
慆 13 ⿰忄舀
塱 13 ⿱朗土
𫌀 13 ⿰衤责
裼 13 ⿰衤易
禋 13 ⿰礻垔
禘 13 ⿰礻帝
禒 13 ⿰礻彖
谫 13 ⿰讠剪
鹔 13 ⿰肃鸟
𫖳 13 ⿰君页
愍 13 ⿱敃心
嫄 13 ⿰女原
媱 13 ⿰女䍃
戤 13 ⿰盈戈
勠 13 ⿰翏力
戣 13 ⿰癸戈
𫘪 13 ⿰马原
𫘬 13 ⿰马奚
缞 13 ⿰纟衰
靽 13 ⿰革半
鞁 13 ⿰革皮
喿 13 品木
媷 13 女辱
奧 13 丿冂釆大
𣎆 13 
㨨 13 扌留
幹 13 𠦝𫢉
畺 13 一田一田一
𤿺 13 
睘 13 罒一𠮛𧘇
筳 13 𥫗廷
睪 13 罒幸
豦 13 虍豕
號 13 号虎
遀 13 辶左月
䩗 13 革月
雋 13 
䧹 13 广倠
豊 13 曲豆
𩐁 13 
鼡 13 
蜒 14 ⿰虫延
瑰 14 ⿰𤣩鬼
魂 14 ⿰云鬼
槐 14 ⿰木鬼
概 14 ⿰木既
鄙 14 ⿰啚阝
键 14 ⿰钅建
像 14 ⿰亻象
魁 14 ⿺鬼斗
廓 14 ⿸广郭
漓 14 ⿰氵离
裸 14 ⿰衤果
障 14 ⿰阝章
剿 14 ⿰巢刂
静 14 ⿰青争
碧 14 ⿱珀石
墙 14 ⿰土啬
墟 14 ⿰土虛
嘉 14 ⿱壴加
摧 14 ⿰扌崔
赫 14 ⿰赤赤
截 14 ⿹𢦏隹
誓 14 ⿱折言
境 14 ⿰土竟
摘 14 ⿰扌啇
摔 14 ⿰扌率
撇 14 ⿰扌敝
聚 14 ⿱取乑
慕 14 ⿱莫㣺
暮 14 ⿱莫日
摹 14 ⿱莫手
蔓 14 ⿱艹曼
蔑 14 ⿱𦭝戍
蔡 14 ⿱艹祭
蔽 14 ⿱艹敝
蔼 14 ⿱艹谒
熙 14 ⿱⿰𦣞巳灬
蔚 14 ⿱艹尉
兢 14 ⿰克克
模 14 ⿰木莫
槛 14 ⿰木监
榴 14 ⿰木留
榜 14 ⿰木旁
榨 14 ⿰木窄
榕 14 ⿰木容
歌 14 ⿰哥欠
遭 14 ⿺辶曹
酵 14 ⿰酉孝
酷 14 ⿰酉告
酿 14 ⿰酉良
酸 14 ⿰酉夋
碱 14 ⿰石咸
碳 14 ⿰石炭
磁 14 ⿰石兹
愿 14 ⿸原心
需 14 ⿱而
辖 14 ⿰车害
辗 14 ⿰车展
雌 14 ⿰此隹
裳 14 ⿱𫩠衣
瞅 14 ⿰目秋
墅 14 ⿱野土
嗽 14 ⿰口欶
踊 14 ⿰𧾷甬
蜻 14 ⿰虫青
蜡 14 ⿰虫昔
蝇 14 ⿰虫黾
蜘 14 ⿰虫知
嘛 14 ⿰口麻
嘀 14 ⿰口啇
赚 14 ⿰贝兼
锹 14 ⿰钅秋
锻 14 ⿰钅段
镀 14 ⿰钅度
舞 14 ⿱⿳𠂉卌一舛
舔 14 ⿰舌忝
稳 14 ⿰禾急
熏 14 
箕 14 ⿱𥫗其
算 14 ⿱𥫗𥃲
箩 14 ⿱𥫗罗
管 14 ⿱𥫗官
箫 14 ⿱𥫗肃
僚 14 ⿰亻尞
鼻 14 ⿱自畀
貌 14 ⿰豸皃
膜 14 ⿰月莫
膊 14 ⿰月尃
膀 14 ⿰旁
鲜 14 ⿰鱼羊
疑 14 ⿰𠤕⿱龴疋
孵 14 ⿰卵孚
馒 14 ⿰饣曼
敲 14 ⿰高攴
豪 14 ⿱⿳亠口冖豕
膏 14 ⿱高月
腐 14 ⿸府肉
瘩 14 ⿸疒荅
瘦 14 ⿸疒叟
辣 14 ⿰辛束
彰 14 ⿰章彡
竭 14 ⿰立曷
端 14 ⿰立耑
旗 14 ⿸𭤨其
精 14 ⿰米青
粹 14 ⿰米卒
歉 14 ⿰兼欠
弊 14 ⿱敝廾
熄 14 ⿰火息
熔 14 ⿰火容
煽 14 ⿰火扇
潇 14 ⿰氵萧
漆 14 ⿰氵桼
漱 14 ⿰氵欶
漂 14 ⿰氵票
漫 14 ⿰氵曼
滴 14 ⿰氵啇
漾 14 ⿰氵羕
演 14 ⿰氵寅
漏 14 ⿰氵屚
慢 14 ⿰忄曼
慷 14 ⿰忄康
寨 14 ⿱𡨄木
赛 14 ⿱𡨄贝
寡 14 ⿳宀頁刀
察 14 ⿱宀祭
蜜 14 ⿱宓虫
寥 14 ⿱宀翏
谭 14 ⿰讠覃
肇 14 ⿱𢼄聿
褐 14 ⿰衤曷
褪 14 ⿰衤退
谱 14 ⿰讠普
嫩 14 ⿰女敕
翠 14 ⿱羽卒
熊 14 ⿱能灬
凳 14 ⿱登几
骡 14 ⿰马累
缩 14 ⿰纟宿
鞋 14 ⿰革圭
鞍 14 ⿰革安
蝶 14 ⿰虫枼
憎 14 ⿰忄曾
筵 14 ⿱𥫗延
遨 14 ⿺辶敖
骜 14 ⿱敖马
鄢 14 ⿰焉阝
鄞 14 ⿰堇阝
蓠 14 ⿱艹离
槎 14 ⿰木差
甄 14 ⿰垔瓦
嗷 14 ⿰口敖
嘟 14 ⿰口都
蜣 14 ⿰虫羌
骰 14 ⿰骨殳
锞 14 ⿰钅果
稞 14 ⿰禾果
馐 14 ⿰饣羞
滫 14 ⿰氵脩
窠 14 ⿱穴果
裱 14 ⿰衤表
禊 14 ⿰礻契
缡 14 ⿰纟离
耥 14 ⿰耒尚
瑶 14 ⿰𤣩⿱爫缶
瑭 14 ⿰𤣩唐
觏 14 ⿰冓见
慝 14 ⿱匿心
嫠 14 ⿸𠩺女
韬 14 ⿰韦舀
叆 14 ⿰云爱
髦 14 ⿱髟毛
摽 14 ⿰扌票
墁 14 ⿰土曼
撂 14 ⿰扌畧
摞 14 ⿰扌累
撄 14 ⿰扌婴
翥 14 ⿱者羽
踅 14 ⿱折足
墉 14 ⿰土庸
墒 14 ⿰土商
榖 14 ⿹𣪊木
綦 14 ⿱其糸
蔫 14 ⿱艹焉
蔷 14 ⿱艹啬
蔸 14 ⿱艹兜
蔟 14 ⿱艹族
蔺 14 ⿱艹⿵门隹
戬 14 ⿰晋戈
蔻 14 ⿱艹寇
蓿 14 ⿱艹宿
斡 14 ⿸龺⿱人斗
鹕 14 ⿰胡鸟
蓼 14 ⿱艹翏
榛 14 ⿰木秦
榧 14 ⿰木匪
榻 14 ⿰木𦐇
榫 14 ⿰木隼
榭 14 ⿰木射
槔 14 ⿰木皋
榱 14 ⿰木衰
槁 14 ⿰木高
槟 14 ⿰木宾
槠 14 ⿰木诸
榷 14 ⿰木隺
僰 14 ⿱棘人
酽 14 ⿰酉严
酶 14 ⿰酉每
酹 14 ⿰酉寽
厮 14 ⿸厂斯
碡 14 ⿰石毒
碴 14 ⿰石查
碣 14 ⿰石曷
碲 14 ⿰石帝
臧 14 ⿵戕臣
豨 14 ⿰豕希
殡 14 ⿰歹宾
霁 14 ⿱齐
辕 14 ⿰车袁
蜚 14 ⿱非虫
裴 14 ⿱非衣
翡 14 ⿱非羽
龇 14 ⿰齿此
龈 14 ⿰齿艮
睿 14 ⿱𣦵⿳八𠆢目
䁖 14 ⿰目娄
睽 14 ⿰目癸
嘈 14 ⿰口曹
嘌 14 ⿰口票
嘁 14 ⿰口戚
嘎 14 ⿰口戛
暧 14 ⿰日爱
暝 14 ⿰日冥
踌 14 ⿰𧾷寿
踉 14 ⿰𧾷良
蜞 14 ⿰虫其
蜥 14 ⿰虫析
蜮 14 ⿰虫或
蝈 14 ⿰虫国
蜴 14 ⿰虫易
蜱 14 ⿰虫卑
蜩 14 ⿰虫周
蜷 14 ⿰虫卷
蜿 14 ⿰虫宛
蜢 14 ⿰虫孟
嘘 14 ⿰口虚
嘡 14 ⿰口堂
鹗 14 ⿰咢鸟
嘣 14 ⿰口崩
嘤 14 ⿰口婴
嘚 14 ⿰口得
嗾 14 ⿰口族
嘧 14 ⿰口密
罴 14 ⿳罒去灬
罱 14 ⿱罒南
幔 14 ⿰巾曼
嶂 14 ⿰山章
幛 14 ⿰巾章
赙 14 ⿰贝尃
罂 14 ⿱𲂻缶
锲 14 ⿰钅契
锴 14 ⿰钅皆
锶 14 ⿰钅思
锷 14 ⿰钅咢
锸 14 ⿰钅臿
锵 14 ⿰钅将
镁 14 ⿰钅美
镂 14 ⿰钅娄
犒 14 ⿰牜高
箐 14 ⿱𥫗青
箦 14 ⿱𥫗责
箧 14 ⿱𥫗⿷匚夹
箍 14 ⿱𥫗㧜
箸 14 ⿱𥫗者
箬 14 ⿱𥫗若
箅 14 ⿱𥫗畀
箔 14 ⿱𥫗泊
箜 14 ⿱𥫗空
箢 14 ⿱𥫗宛
箓 14 ⿱𥫗彔
僖 14 ⿰亻喜
儆 14 ⿰亻敬
僳 14 ⿰亻粟
僭 14 ⿰亻朁
劁 14 ⿰焦刂
睾 14 ⿱丿睪
艋 14 ⿰舟孟
膈 14 ⿰月鬲
膑 14 ⿰月宾
鲑 14 ⿰鱼圭
鲔 14 ⿰鱼有
鲚 14 ⿰鱼齐
鲛 14 ⿰鱼交
鲟 14 ⿰鱼寻
獐 14 ⿰犭章
觫 14 ⿰角束
雒 14 ⿰各隹
夤 14 ⿱夕寅
馑 14 ⿰饣堇
銮 14 ⿱𰁜金
塾 14 ⿱孰土
麽 14 ⿸麻么
瘌 14 ⿸疒剌
瘊 14 ⿸疒侯
瘘 14 ⿸疒娄
廖 14 ⿸广翏
韶 14 ⿰音召
旖 14 ⿸𭤨奇
膂 14 ⿱旅月
阚 14 ⿵门敢
鲞 14 ⿱龹鱼
粼 14 ⿰粦巜
粽 14 ⿰米宗
糁 14 ⿰米参
槊 14 ⿱朔木
鹚 14 ⿰兹鸟
熘 14 ⿰火留
熥 14 ⿰火通
潢 14 ⿰氵黄
漕 14 ⿰氵曹
滹 14 ⿰氵虖
漯 14 ⿰氵累
漶 14 ⿰氵患
潋 14 ⿰氵敛
潴 14 ⿰氵猪
漪 14 ⿰氵猗
漉 14 ⿰氵鹿
漳 14 ⿰氵章
漩 14 ⿰氵旋
澉 14 ⿰氵敢
潍 14 ⿰氵维
慵 14 ⿰忄庸
搴 14 ⿱𡨄手
窨 14 ⿱穴音
寤 14 ⿱宀𤕻
綮 14 ⿱𢼄糸
谮 14 ⿰讠朁
褡 14 ⿰衤荅
褙 14 ⿰衤背
褓 14 ⿰衤保
褛 14 ⿰衤娄
褊 14 ⿰衤扁
谯 14 ⿰讠焦
谰 14 ⿰讠阑
谲 14 ⿰讠矞
屣 14 ⿸尸徙
鹛 14 ⿰眉鸟
嫣 14 ⿰女焉
嫱 14 ⿰女啬
嫖 14 ⿰女票
嫦 14 ⿰女常
嫚 14 ⿰女曼
嫘 14 ⿰女累
嫡 14 ⿰女啇
翟 14 ⿱羽隹
瞀 14 ⿱敄目
鹜 14 ⿰敄鸟
骠 14 ⿰马票
缥 14 ⿰纟票
缦 14 ⿰纟曼
缧 14 ⿰纟累
缨 14 ⿰纟婴
骢 14 ⿰马悤
缪 14 ⿰纟翏
鞑 14 ⿰革达
鞒 14 ⿰革乔
噌 14 ⿰口曾
谳 14 ⿰讠献
䓫 14 ⿱艹奇
䓨 14 ⿱𫇦缶
䓛 14 ⿱艹屈
鄚 14 ⿰莫阝
瑳 14 ⿰𤣩差
嶅 14 ⿱敖山
摛 14 ⿰扌离
蔀 14 ⿱艹部
蓢 14 ⿱艹朗
鄠 14 ⿰雩阝
䣘 14 ⿰堂阝
骱 14 ⿰骨介
廒 14 ⿸广敖
鄘 14 ⿰庸阝
鄜 14 ⿰鹿阝
鄣 14 ⿰章阝
漷 14 ⿰氵郭
慥 14 ⿰忄造
禔 14 ⿰礻是
耤 14 ⿰耒昔
瑧 14 ⿰𤣩秦
瑨 14 ⿰𤣩晋
瑱 14 ⿰𤣩真
瑷 14 ⿰𤣩爱
瑢 14 ⿰𤣩容
斠 14 ⿰冓斗
摏 14 ⿰扌舂
墕 14 ⿰土焉
墈 14 ⿰土勘
墐 14 ⿰土堇
墘 14 ⿰土乾
摴 14 ⿰扌雩
銎 14 ⿱巩金
𡐓 14 ⿰土康
墚 14 ⿰土梁
撖 14 ⿰扌敢
𪤗 14 ⿰土翏
蔌 14 ⿱艹欶
蔈 14 ⿱艹票
蓰 14 ⿱艹徙
蔹 14 ⿱艹敛
蔊 14 ⿱艹焊
嘏 14 ⿰古叚
榰 14 ⿰木耆
榑 14 ⿰木尃
槚 14 ⿰木贾
𣗋 14 ⿰木党
槜 14 ⿰木隽
榍 14 ⿰木屑
疐 14 ⿳⿱十冖田疋
𬸘 14 ⿰匽鸟
酺 14 ⿰酉甫
酾 14 ⿰酉丽
酲 14 ⿰酉呈
酴 14 ⿰酉余
碶 14 ⿰石契
䃎 14 ⿰石奓
𬒗 14 ⿰石览
碨 14 ⿰石畏
碹 14 ⿰石宣
碥 14 ⿰石扁
劂 14 ⿰厥刂
𫚖 14 ⿱此鱼
瞍 14 ⿰目叟
鹖 14 ⿰曷鸟
㬎 14 ⿱日𢇁
跽 14 ⿰𧾷忌
幖 14 ⿰巾票
嶍 14 ⿰山習
圙 14 ⿴囗⿱八面
锺 14 ⿰钅重
锼 14 ⿰钅叟
锽 14 ⿰钅皇
𬭤 14 ⿰钅侯
锾 14 ⿰钅爰
锿 14 ⿰钅哀
镃 14 ⿰钅兹
镄 14 ⿰钅费
镅 14 ⿰钅眉
馝 14 ⿰香必
鹙 14 ⿱秋鸟
箨 14 ⿱𥫗择
箖 14 ⿱𥫗林
劄 14 ⿰答刂
僬 14 ⿰亻焦
僦 14 ⿰亻就
僔 14 ⿰亻尊
僎 14 ⿰亻巽
槃 14 ⿱般木
㙦 14 ⿱斜土
鲒 14 ⿰鱼吉
鲕 14 ⿰鱼而
𫚕 14 ⿰鱼师
鲖 14 ⿰鱼同
鲗 14 ⿰鱼则
鲘 14 ⿰鱼后
鲙 14 ⿰鱼会
𬶐 14 ⿰鱼兆
𬶏 14 ⿰鱼危
𩽾 14 ⿰鱼安
夐 14 ⿳⿱𠂊𠔿目夂
獍 14 ⿰犭竟
飗 14 ⿺风留
𬸚 14 ⿱狱鸟
凘 14 ⿰冫斯
廑 14 ⿸广堇
廙 14 ⿸广異
瘗 14 ⿸疒⿱夹土
瘕 14 ⿸疒叚
鲝 14 ⿱鱼
熇 14 ⿰火高
漹 14 ⿰氵焉
漖 14 ⿰氵教
潆 14 ⿰氵萦
漤 14 ⿰氵婪
潩 14 ⿰氵異
漼 14 ⿰氵崔
漴 14 ⿰氵崇
㽏 14 ⿱洽甘
漈 14 ⿰氵祭
漻 14 ⿰氵翏
慬 14 ⿰忄堇
窬 14 ⿱穴俞
窭 14 ⿱穴娄
𬤝 14 ⿰讠惠
褕 14 ⿰衤俞
禚 14 ⿰礻羔
嫕 14 ⿰女悘
嫭 14 ⿰女虖
嫜 14 ⿰女章
嫪 14 ⿰女翏
𬙂 14 ⿰纟寅
漦 14 ⿸𠩺水
瑬 14 ⿱流玉
褯 14 ⿰衤席
㕡 14 䜭又
僕 14 亻菐
槀 14 高木
𮅕 14 
蒦 14 艹隻
萠 14 艹朋
臺 14 吉冖至
豩 14 豕豕
貍 14 豸里
適 14 辶啇
遠 14 辶袁
璃 15 ⿰𤣩离
赘 15 ⿱敖贝
熬 15 ⿱敖灬
颗 15 ⿰果页
蝉 15 ⿰虫单
魄 15 ⿰白鬼
魅 15 ⿺鬼未
裹 15 ⿳亠果𧘇
瘟 15 ⿸疒昷
隧 15 ⿰阝遂
慧 15 ⿱彗心
撵 15 ⿰扌辇
撕 15 ⿰扌斯
撒 15 ⿰扌散
撩 15 ⿰扌尞
趣 15 ⿺走取
趟 15 ⿺走尚
撑 15 ⿰扌掌
撮 15 ⿰扌最
撬 15 ⿰扌毳
播 15 ⿰扌番
墩 15 ⿰土敦
撤 15 ⿲扌育攵
增 15 ⿰土曾
撰 15 ⿰扌巽
聪 15 ⿰耳总
蕉 15 ⿱艹焦
蕊 15 ⿱艹惢
蔬 15 ⿱艹疏
蕴 15 ⿱艹缊
横 15 ⿰木黄
槽 15 ⿰木曹
樱 15 ⿰木婴
樟 15 ⿰木章
橄 15 ⿰木敢
敷 15 ⿰旉攵
豌 15 ⿰豆宛
飘 15 ⿰票风
醋 15 ⿰酉昔
醇 15 ⿰酉享
醉 15 ⿰酉卒
磕 15 ⿰石盍
磊 15 ⿱石砳
磅 15 ⿰石旁
碾 15 ⿰石展
震 15 ⿱辰
霄 15 ⿱雨肖
霉 15 ⿱每
瞒 15 ⿰目𬜯
题 15 ⿺是页
暴 15 ⿱日㳟
瞎 15 ⿰目害
嘻 15 ⿰口喜
嘶 15 ⿰口斯
嘲 15 ⿰口朝
嘹 15 ⿰口尞
影 15 ⿰景彡
踢 15 ⿰𧾷易
踏 15 ⿰𧾷沓
踩 15 ⿰𧾷采
踪 15 ⿰𧾷宗
蝴 15 ⿰虫胡
蝠 15 ⿰虫畐
蝎 15 ⿰虫曷
蝌 15 ⿰虫科
蝗 15 ⿰虫皇
蝙 15 ⿰虫扁
嘿 15 ⿰口黑
嘱 15 ⿰口属
墨 15 ⿱黑土
镇 15 ⿰钅真
镐 15 ⿰钅高
镑 15 ⿰钅旁
靠 15 ⿱告非
稽 15 ⿰禾⿱尤旨
稻 15 ⿰禾舀
黎 15 ⿳𥝢𠆢氺
稿 15 ⿰禾高
稼 15 ⿰禾家
箱 15 ⿱𥫗相
篓 15 ⿱𥫗娄
箭 15 ⿱𥫗前
篇 15 ⿱𥫗扁
僵 15 ⿰亻畺
躺 15 ⿰身尚
僻 15 ⿰亻辟
德 15 ⿰彳𢛳
艘 15 ⿰舟叟
膝 15 ⿰桼
膛 15 ⿰月堂
熟 15 ⿱孰灬
摩 15 ⿸麻手
褒 15 ⿳亠保𧘇
瘪 15 ⿸疒⿱自仑
瘤 15 ⿸疒留
瘫 15 ⿸疒难
凛 15 ⿰冫禀
颜 15 ⿰彦页
毅 15 ⿰豙殳
糊 15 ⿰米胡
遵 15 ⿺辶尊
憋 15 ⿱敝心
潜 15 ⿰氵替
澎 15 ⿰氵彭
潮 15 ⿰氵朝
潭 15 ⿰氵覃
鲨 15 ⿱沙鱼
澳 15 ⿰氵奧
潘 15 ⿰氵番
澈 15 ⿰氵⿰育攵
澜 15 ⿰氵阑
澄 15 ⿰氵登
懂 15 ⿰忄董
憔 15 ⿰忄焦
额 15 ⿰客页
翩 15 ⿰扁羽
褥 15 ⿰衤辱
谴 15 ⿰讠遣
鹤 15 ⿰隺鸟
憨 15 ⿱敢心
慰 15 ⿱尉心
劈 15 ⿱辟刀
履 15 ⿸尸復
缭 15 ⿰纟尞
器 15 ⿱哭吅
璈 15 ⿰𤣩敖
獒 15 ⿱敖犬
甍 15 ⿱⿳艹罒冖瓦
蕖 15 ⿱艹渠
磋 15 ⿰石差
霆 15 ⿱雨廷
螂 15 ⿰虫郎
骷 15 ⿰骨古
骶 15 ⿰骨氐
鹘 15 ⿰骨鸟
箪 15 ⿱𥫗单
僮 15 ⿰亻童
魃 15 ⿺鬼犮
魆 15 ⿺鬼戉
鄱 15 ⿰番阝
瘙 15 ⿸疒蚤
鄯 15 ⿰善阝
粿 15 ⿰米果
暨 15 ⿱既旦
鼐 15 ⿱乃鼎
缫 15 ⿰纟巢
耦 15 ⿰耒禺
耧 15 ⿰耒娄
瑾 15 ⿰𤣩堇
璜 15 ⿰𤣩黄
璀 15 ⿰𤣩崔
璎 15 ⿰𤣩婴
璁 15 ⿰𤣩悤
璋 15 ⿰𤣩章
璇 15 ⿰𤣩旋
奭 15 ⿻大皕
髯 15 ⿱髟冉
髫 15 ⿱髟召
撷 15 ⿰扌颉
撅 15 ⿰扌厥
赭 15 ⿰赤者
撸 15 ⿰扌鲁
鋆 15 ⿱均金
撙 15 ⿰扌尊
撺 15 ⿰扌窜
墀 15 ⿰土犀
聩 15 ⿰耳贵
觐 15 ⿰堇见
蕙 15 ⿱艹惠
蕈 15 ⿱艹覃
蕨 15 ⿱艹厥
蕤 15 ⿱艹甤
蕞 15 ⿱艹最
瞢 15 ⿱⿳艹罒冖目
蕃 15 ⿱艹番
蕲 15 ⿱艹⿰单斤
赜 15 ⿰𦣞责
槿 15 ⿰木堇
樯 15 ⿰木啬
槭 15 ⿰木戚
樗 15 ⿰木雩
樘 15 ⿰木堂
樊 15 ⿱棥大
槲 15 ⿰木斛
醌 15 ⿰酉昆
醅 15 ⿰酉咅
靥 15 ⿸厌面
餍 15 ⿸厌食
磔 15 ⿰石桀
磙 15 ⿰石衮
霈 15 ⿱雨沛
辘 15 ⿰车鹿
龉 15 ⿰齿吾
龊 15 ⿰齿足
觑 15 ⿰虚见
瞌 15 ⿰目盍
瞋 15 ⿰目真
瞑 15 ⿰目冥
嘭 15 ⿰口彭
噎 15 ⿰口壹
噶 15 ⿰口葛
颙 15 ⿰禺页
暹 15 ⿺辶⿱日隹
噘 15 ⿰口厥
踔 15 ⿰𧾷卓
踟 15 ⿰𧾷知
踒 15 ⿰𧾷委
踬 15 ⿰𧾷质
踮 15 ⿰𧾷店
踞 15 ⿰𧾷居
蝽 15 ⿰虫春
蝾 15 ⿰虫荣
蝻 15 ⿰虫南
蝰 15 ⿰虫奎
蝮 15 ⿰虫复
螋 15 ⿰虫叟
蝓 15 ⿰虫俞
蝣 15 ⿰虫斿
蝼 15 ⿰虫娄
噗 15 ⿰口菐
嘬 15 ⿰口最
颚 15 ⿰咢页
噍 15 ⿰口焦
噜 15 ⿰口鲁
噔 15 ⿰口登
颛 15 ⿰耑页
幞 15 ⿰巾菐
幡 15 ⿰巾番
嶙 15 ⿰山粦
嶝 15 ⿰山登
镊 15 ⿰钅聂
镉 15 ⿰钅鬲
镌 15 ⿰钅隽
镍 15 ⿰钅臬
镏 15 ⿰钅留
镒 15 ⿰钅益
镓 15 ⿰钅家
镔 15 ⿰钅宾
稷 15 ⿰禾畟
箴 15 ⿱𥫗咸
篑 15 ⿱𥫗贵
篁 15 ⿱𥫗皇
篌 15 ⿱𥫗侯
篆 15 ⿱𥫗彖
牖 15 ⿰片⿸户甫
儋 15 ⿰亻詹
徵 15 ⿲彳⿳山一𡈼攵
磐 15 ⿱般石
虢 15 ⿰寽虎
鹞 15 ⿰䍃鸟
膘 15 ⿰月票
鲠 15 ⿰鱼更
鲡 15 ⿰鱼丽
鲢 15 ⿰鱼连
鲣 15 ⿰鱼坚
鲥 15 ⿰鱼时
鲧 15 ⿰鱼系
鲩 15 ⿰鱼完
獗 15 ⿰犭厥
獠 15 ⿰犭尞
觯 15 ⿰角单
馓 15 ⿰饣散
馔 15 ⿰饣巽
麾 15 ⿸麻毛
廛 15 ⿸广⿳里八土
瘛 15 ⿸疒恝
瘼 15 ⿸疒莫
瘢 15 ⿸疒般
瘠 15 ⿸疒脊
齑 15 ⿵齐韭
羯 15 ⿰羊曷
羰 15 ⿰羊炭
𥻗 15 ⿰米查
遴 15 ⿺辶粦
糌 15 ⿰米昝
糍 15 ⿰米兹
糅 15 ⿰米柔
熜 15 ⿰火悤
熵 15 ⿰火商
熠 15 ⿰火習
澍 15 ⿰氵尌
澌 15 ⿰氵斯
潸 15 ⿰氵⿱林月
潦 15 ⿰氵尞
潲 15 ⿰氵稍
鋈 15 ⿱沃金
潟 15 ⿰氵舄
潺 15 ⿰氵孱
憬 15 ⿰忄景
寮 15 ⿱宀尞
窳 15 ⿱穴㼌
褴 15 ⿰衤监
褟 15 ⿰衤𦐇
褫 15 ⿰衤虒
谵 15 ⿰讠詹
熨 15 ⿱尉火
屦 15 ⿸尸⿰彳娄
嬉 15 ⿰女喜
勰 15 ⿰劦思
戮 15 ⿰翏戈
蝥 15 ⿱敄虫
缬 15 ⿰纟颉
缮 15 ⿰纟善
缯 15 ⿰纟曾
骣 15 ⿰马孱
畿 15 ⿹幾人田
鞘 15 ⿰革肖
蹀 15 ⿰𧾷枼
蟒 15 ⿰虫莽
鹧 15 ⿰庶鸟
䴓 15 ⿰帀鸟
𫞩 15 ⿰𤣩𬜯
𥔲 15 ⿰石咢
夥 15 ⿰果多
蜾 15 ⿰虫果
𨱏 15 ⿰钅荅
瘥 15 ⿸疒差
鄫 15 ⿰曾阝
漋 15 ⿰氵隆
㮾 15 ⿱朗木
禛 15 ⿰礻真
隩 15 ⿰阝奧
㻬 15 ⿰𤣩雩
麹 15 ⿰麦匊
璆 15 ⿰𤣩翏
叇 15 ⿰云逮
墣 15 ⿰土菐
墦 15 ⿰土番
墡 15 ⿰土善
蕰 15 ⿱艹温
蔃 15 ⿱艹强
槱 15 ⿰木⿱酉灬
鹝 15 ⿰鬲鸟
磏 15 ⿰石兼
磉 15 ⿰石桑
殣 15 ⿰歹堇
霅 15 ⿱言
暵 15 ⿰日𦰩
暲 15 ⿰日章
暶 15 ⿰日旋
踦 15 ⿰𧾷奇
踣 15 ⿰𧾷咅
䗖 15 ⿰虫带
蝘 15 ⿰虫匽
蝲 15 ⿰虫剌
蝤 15 ⿰虫酋
噂 15 ⿰口尊
噀 15 ⿰口巽
罶 15 ⿱罒留
嶓 15 ⿰山番
㠇 15 ⿱山就
嶟 15 ⿰山尊
嶒 15 ⿰山曾
镆 15 ⿰钅莫
镈 15 ⿰钅尃
镋 15 ⿰钅党
镎 15 ⿰钅拿
𬭩 15 ⿰钅翁
镕 15 ⿰钅容
稹 15 ⿰禾真
儇 15 ⿰亻睘
皞 15 ⿰白皋
皛 15 ⿱白㿟
艎 15 ⿰舟皇
艏 15 ⿰舟首
鹟 15 ⿰翁鸟
𩾃 15 ⿰鱼免
鲦 15 ⿰鱼条
鲪 15 ⿰鱼君
鲬 15 ⿰鱼甬
橥 15 ⿱猪木
觭 15 ⿰角奇
鹠 15 ⿰留鸟
鹡 15 ⿰脊鸟
糇 15 ⿰米侯
糈 15 ⿰米胥
翦 15 ⿱前羽
鹢 15 ⿰益鸟
鹣 15 ⿰兼鸟
熛 15 ⿰火票
潖 15 ⿰氵琶
潵 15 ⿰氵散
㵐 15 ⿰氵厥
澂 15 ⿰氵⿰⿳山一王攵
澛 15 ⿰氵鲁
潽 15 ⿰氵普
潾 15 ⿰氵粦
潏 15 ⿰氵矞
憭 15 ⿰忄尞
憕 15 ⿰忄登
𬸣 15 ⿱𡨄鸟
戭 15 ⿰寅戈
禤 15 ⿰礻⿱罒羽
𫍽 15 ⿰讠睘
嫽 15 ⿰女尞
遹 15 ⿺辶矞
𬴊 15 ⿰马粦
鞔 15 ⿰革免
蕗 15 ⿱艹路
嘼 15 㽞𠮛
巤 15 巛龱𠄌𠄌
憂 15 㥑夂
熱 15 埶灬
畾 15 田田田
穀 15 士冖一禾殳
麃 15 鹿灬
擒 16 ⿰扌禽
撞 16 ⿰扌童
橡 16 ⿰木象
幢 16 ⿰巾童
鲤 16 ⿰鱼里
鲫 16 ⿰鱼即
懊 16 ⿰忄奧
豫 16 ⿰予象
撼 16 ⿰扌感
擂 16 ⿰扌雷
操 16 ⿰扌喿
擅 16 ⿰扌亶
燕 16 ⿳廿⿴北口灬
蕾 16 ⿱艹雷
薯 16 ⿱艹署
薛 16 ⿱艹⿰𠂤辛
薇 16 ⿱艹微
擎 16 ⿱敬手
薪 16 ⿱艹新
薄 16 ⿱艹溥
颠 16 ⿰真页
翰 16 ⿰龺⿱𠆢羽
噩 16 ⿻王㗊
橱 16 ⿰木厨
橙 16 ⿰木登
橘 16 ⿰木矞
整 16 ⿱敕正
融 16 ⿰鬲虫
瓢 16 ⿰票瓜
醒 16 ⿰酉星
霍 16 ⿱隹
霎 16 ⿱雨妾
辙 16 ⿲车育攵
冀 16 ⿱北異
餐 16 ⿱𣦼食
嘴 16 ⿰口觜
踱 16 ⿰𧾷度
蹄 16 ⿰𧾷帝
蹂 16 ⿰𧾷柔
蟆 16 ⿰虫莫
螃 16 ⿰虫旁
噪 16 ⿰口喿
鹦 16 ⿰婴鸟
赠 16 ⿰贝曾
默 16 ⿰黑犬
黔 16 ⿰黑今
镜 16 ⿰钅竟
赞 16 ⿱兟贝
穆 16 ⿰禾㣎
篮 16 ⿱𥫗监
篡 16 ⿳𥬥大厶
篷 16 ⿱𥫗逢
儒 16 ⿰亻需
邀 16 ⿺辶敫
衡 16 ⿲彳𩵋亍
膨 16 ⿰月彭
雕 16 ⿰周隹
鲸 16 ⿰鱼京
磨 16 ⿸麻石
瘸 16 ⿸疒𦙲
凝 16 ⿰冫疑
辨 16 ⿲辛⿰丿丿辛
辩 16 ⿲辛讠辛
糙 16 ⿰米造
糖 16 ⿰米唐
糕 16 ⿰米羔
燃 16 ⿰火然
濒 16 ⿰氵频
澡 16 ⿰氵喿
激 16 ⿰氵敫
懒 16 ⿰忄赖
憾 16 ⿰忄感
懈 16 ⿰忄解
壁 16 ⿱辟土
避 16 ⿺辶辟
缰 16 ⿰纟畺
缴 16 ⿰纟敫
鞠 16 ⿰革匊
徽 16 ⿲彳⿱山系攵
藤 16 ⿱艹滕
蒯 16 ⿰萠刂
蕺 16 ⿱艹戢
魇 16 ⿸厌鬼
踝 16 ⿰𧾷果
踯 16 ⿰𧾷郑
踺 16 ⿰𧾷建
噢 16 ⿰口奥
噙 16 ⿰口禽
骺 16 ⿰骨后
骼 16 ⿰骨各
骸 16 ⿰骨亥
潼 16 ⿰氵童
憧 16 ⿰忄童
耩 16 ⿰耒冓
耨 16 ⿰耒辱
耪 16 ⿰耒旁
璞 16 ⿰𤣩菐
璟 16 ⿰𤣩景
靛 16 ⿰青定
璠 16 ⿰𤣩番
璘 16 ⿰𤣩粦
髻 16 ⿱髟吉
髭 16 ⿱髟此
髹 16 ⿱髟休
擀 16 ⿰扌幹
熹 16 ⿱喜灬
擞 16 ⿰扌数
縠 16 ⿹𣪊糸
磬 16 ⿱殸石
颞 16 ⿰聂页
蕻 16 ⿱艹⿰镸共
颟 16 ⿰𬜯页
薤 16 ⿱艹𩐁
薨 16 ⿱⿳卝罒冖死
檠 16 ⿱敬木
薏 16 ⿱艹意
薮 16 ⿱艹数
薜 16 ⿱艹辟
薅 16 ⿱艹媷
樾 16 ⿰木越
橛 16 ⿰木厥
橇 16 ⿰木毳
樵 16 ⿰木焦
橹 16 ⿰木鲁
樽 16 ⿰木尊
樨 16 ⿰木犀
橼 16 ⿰木缘
墼 16 ⿱⿰⿱車凵殳土
橐 16 ⿳𰀉冖䂞
翮 16 ⿰鬲羽
醛 16 ⿰酉荃
醐 16 ⿰酉胡
醍 16 ⿰酉是
醚 16 ⿰酉迷
赝 16 ⿸雁贝
飙 16 ⿰猋风
殪 16 ⿰歹壹
霖 16 ⿱雨林
霏 16 ⿱非
霓 16 ⿱兒
錾 16 ⿱斩金
辚 16 ⿰车粦
臻 16 ⿰至秦
遽 16 ⿺辶豦
氅 16 ⿱敞毛
瞟 16 ⿰目票
瞠 16 ⿰目堂
嚄 16 ⿰口蒦
嚆 16 ⿰口蒿
噤 16 ⿰口禁
暾 16 ⿰日敦
踹 16 ⿰𧾷耑
踵 16 ⿰𧾷重
踽 16 ⿰𧾷禹
蹁 16 ⿰𧾷扁
螨 16 ⿰虫𬜯
螈 16 ⿰虫原
螅 16 ⿰虫息
螠 16 ⿰虫益
螟 16 ⿰虫冥
噱 16 ⿰口豦
噬 16 ⿰口筮
噫 16 ⿰口意
噻 16 ⿰口塞
噼 16 ⿰口辟
罹 16 ⿱罒惟
圜 16 ⿴囗睘
镖 16 ⿰钅票
镗 16 ⿰钅堂
镘 16 ⿰钅曼
镚 16 ⿰钅崩
镛 16 ⿰钅庸
镝 16 ⿰钅啇
镞 16 ⿰钅族
镠 16 ⿰钅翏
氇 16 ⿺毛鲁
氆 16 ⿺毛普
憩 16 ⿱⿰舌自心
穑 16 ⿰禾啬
篝 16 ⿱𥫗冓
篥 16 ⿱𥫗栗
篦 16 ⿱𥫗𣬉
篪 16 ⿱𥫗虒
篙 16 ⿱𥫗高
盥 16 ⿱⿴𦥑水皿
劓 16 ⿰鼻刂
翱 16 ⿰皋羽
徼 16 ⿰彳敫
歙 16 ⿰翕欠
膳 16 ⿰月善
膦 16 ⿰月粦
膙 16 ⿰強
鲮 16 ⿰鱼夌
鲱 16 ⿰鱼非
鲲 16 ⿰鱼昆
鲳 16 ⿰鱼昌
鲴 16 ⿰鱼固
鲵 16 ⿰鱼兒
鲷 16 ⿰鱼周
鲻 16 ⿰鱼甾
獴 16 ⿰犭蒙
獭 16 ⿰犭赖
獬 16 ⿰犭解
邂 16 ⿺辶解
廨 16 ⿸广解
赟 16 ⿱斌贝
瘰 16 ⿸疒累
廪 16 ⿸广禀
瘿 16 ⿸疒婴
瘵 16 ⿸疒祭
瘴 16 ⿸疒章
瘳 16 ⿸疒翏
斓 16 ⿰文阑
麇 16 ⿸鹿禾
麈 16 ⿸鹿主
嬴 16 ⿵𣎆女
壅 16 ⿱雍土
羲 16 ⿱𦍌⿹⿰禾戈丂
糗 16 ⿰米臭
瞥 16 ⿱敝目
甑 16 ⿰曾瓦
燎 16 ⿰火尞
燠 16 ⿰火奧
燔 16 ⿰火番
燧 16 ⿰火遂
濑 16 ⿰氵赖
濉 16 ⿰氵睢
潞 16 ⿰氵路
澧 16 ⿰氵豊
澹 16 ⿰氵詹
澥 16 ⿰氵解
澶 16 ⿰氵亶
濂 16 ⿰氵廉
褰 16 ⿱𡨄衣
寰 16 ⿱宀睘
窸 16 ⿱穴悉
褶 16 ⿰衤習
嬖 16 ⿱辟女
犟 16 ⿱强牛
嬗 16 ⿰女亶
颡 16 ⿰桑页
缱 16 ⿰纟遣
缲 16 ⿰纟喿
缳 16 ⿰纟睘
鞡 16 ⿰革拉
鲽 16 ⿰鱼枼
䲟 16 ⿰鱼印
劐 16 ⿰蒦刂
薁 16 ⿱艹奧
鼒 16 ⿱才鼎
慭 16 ⿱⿰来犬心
噇 16 ⿰口童
嶲 16 ⿱山雋
璥 16 ⿰𤣩敬
璲 16 ⿰𤣩遂
璒 16 ⿰𤣩登
憙 16 ⿱喜心
擐 16 ⿰扌睘
薳 16 ⿱艹遠
𬞟 16 ⿱艹频
薢 16 ⿱艹解
蕹 16 ⿱艹雍
橞 16 ⿰木惠
橑 16 ⿰木尞
醑 16 ⿰酉胥
觱 16 ⿱咸角
磡 16 ⿰石勘
𥕢 16 ⿰石曹
磜 16 ⿰石祭
豮 16 ⿰豕贲
𬺈 16 ⿰齿奇
𫠜 16 ⿰齿兒
鹾 16 ⿰卤差
虤 16 ⿰虎虎
暿 16 ⿰日喜
曌 16 ⿱明空
㬚 16 ⿲日育攵
蹅 16 ⿰𧾷查
踶 16 ⿰𧾷是
䗛 16 ⿰虫脩
螗 16 ⿰虫唐
疁 16 ⿰田翏
㠓 16 ⿰山蒙
幪 16 ⿰巾蒙
𪩘 16 ⿰山献
嶦 16 ⿰山詹
𬭬 16 ⿰钅彗
𬭯 16 ⿰钅敝
馞 16 ⿰香孛
穄 16 ⿰禾祭
篚 16 ⿱𥫗匪
篯 16 ⿱𥫗钱
鼽 16 ⿰鼻九
衠 16 ⿲彳真亍
盦 16 ⿱酓皿
螣 16 ⿰月䖭
縢 16 ⿰月絭
鲭 16 ⿰鱼青
鲯 16 ⿰鱼其
鲰 16 ⿰鱼取
鲺 16 ⿰鱼虱
鲹 16 ⿰鱼参
𫗴 16 ⿰饣亶
亸 16 ⿰享单
癀 16 ⿸疒黄
瘭 16 ⿸疒票
𬸦 16 ⿱族鸟
羱 16 ⿰羊原
糒 16 ⿰米𤰇
燋 16 ⿰火焦
熻 16 ⿰火翕
燊 16 ⿱焱木
燚 16 ⿰炎炎
燏 16 ⿰火矞
濩 16 ⿰氵蒦
濋 16 ⿰氵楚
澪 16 ⿰氵零
澽 16 ⿰氵豦
澴 16 ⿰氵睘
澭 16 ⿰氵雍
澼 16 ⿰氵辟
憷 16 ⿰忄楚
憺 16 ⿰忄詹
懔 16 ⿰忄禀
嬛 16 ⿰女睘
鹨 16 ⿰翏鸟
翯 16 ⿱羽高
𫄷 16 ⿰纟意
簕 16 ⿱𥫗勒
縣 16 𠀃三小系
雔 16 隹隹
鍂 16 釒金
韰 16 𣦼韭
鬳 16 虍鬲
篱 17 ⿱𥫗离
瘾 17 ⿸疒隐
窿 17 ⿱穴隆
戴 17 ⿹𢦏異
擦 17 ⿰扌察
藉 17 ⿱艹耤
藏 17 ⿱艹臧
藐 17 ⿱艹貌
檬 17 ⿰木蒙
檐 17 ⿰木詹
檀 17 ⿰木亶
礁 17 ⿰石焦
磷 17 ⿰石粦
霜 17 ⿱雨相
霞 17 ⿱叚
瞭 17 ⿰目尞
瞧 17 ⿰目焦
瞬 17 ⿰目舜
瞩 17 ⿰目属
瞪 17 ⿰目登
曙 17 ⿰日署
蹋 17 ⿰𧾷𦐇
蹈 17 ⿰𧾷舀
螺 17 ⿰虫⿱田糸
蟋 17 ⿰虫悉
蟀 17 ⿰虫率
嚎 17 ⿰口豪
赡 17 ⿰贝詹
穗 17 ⿰禾惠
簧 17 ⿱𥫗黄
簇 17 ⿱𥫗族
繁 17 ⿱敏糸
朦 17 ⿰月蒙
臊 17 ⿰喿
鳄 17 ⿰鱼咢
癌 17 ⿸疒嵒
辫 17 ⿲辛纟辛
赢 17 ⿱吂⿲月贝凡
糟 17 ⿰米曹
糠 17 ⿰米康
燥 17 ⿰火喿
懦 17 ⿰忄需
豁 17 ⿰害谷
臀 17 ⿱殿月
臂 17 ⿱辟月
翼 17 ⿱羽異
骤 17 ⿰马聚
鞭 17 ⿰革便
聱 17 ⿱敖耳
螯 17 ⿱敖虫
甏 17 ⿱彭瓦
檎 17 ⿰木禽
磲 17 ⿰石渠
瞰 17 ⿰目敢
蹉 17 ⿰𧾷差
螭 17 ⿰虫离
魉 17 ⿺鬼两
魈 17 ⿺鬼肖
癃 17 ⿸疒隆
禧 17 ⿰礻喜
隰 17 ⿰阝㬎
璨 17 ⿰𤣩粲
璩 17 ⿰𤣩豦
璐 17 ⿰𤣩路
璪 17 ⿰𤣩喿
螫 17 ⿱赦虫
擤 17 ⿰扌鼻
壕 17 ⿰土豪
觳 17 ⿹𣪊角
罄 17 ⿱殸缶
擢 17 ⿰扌翟
薹 17 ⿱艹臺
鞬 17 ⿰革建
薷 17 ⿱艹需
薰 17 ⿱艹熏
藓 17 ⿱艹鲜
藁 17 ⿱艹槀
檄 17 ⿰木敫
檩 17 ⿰木禀
懋 17 ⿱楙心
醢 17 ⿰酉𥁓
翳 17 ⿱殹羽
礅 17 ⿰石敦
磴 17 ⿰石登
鹩 17 ⿰尞鸟
龋 17 ⿰齿禹
龌 17 ⿰齿屋
豳 17 ⿻山豩
壑 17 ⿱㕡土
黻 17 ⿰黹犮
嚏 17 ⿰口疐
嚅 17 ⿰口需
蹑 17 ⿰𧾷聂
蹒 17 ⿰𧾷𬜯
蹊 17 ⿰𧾷奚
蟥 17 ⿰虫黄
螬 17 ⿰虫曹
螵 17 ⿰虫票
螳 17 ⿰虫堂
蟑 17 ⿰虫章
嚓 17 ⿰口察
羁 17 ⿱罒⿰革马
罽 17 ⿱罒⿸厂剡
罾 17 ⿱罒曾
嶷 17 ⿱山疑
黜 17 ⿰黑出
黝 17 ⿰黑幼
镡 17 ⿰钅覃
镢 17 ⿰钅厥
镣 17 ⿰钅尞
镦 17 ⿰钅敦
镧 17 ⿰钅阑
镩 17 ⿰钅窜
镪 17 ⿰钅强
镫 17 ⿰钅登
罅 17 ⿰缶虖
黏 17 ⿰黍占
簌 17 ⿱𥫗欶
篾 17 ⿳𥫗罒戍
篼 17 ⿱𥫗兜
簖 17 ⿱𥫗断
鼢 17 ⿰鼠分
黛 17 ⿱代黑
儡 17 ⿰亻畾
鹪 17 ⿰焦鸟
鼾 17 ⿰鼻干
皤 17 ⿰白番
龠 17 ⿳亼𠱠𠕁
繇 17 ⿰䍃系
貘 17 ⿰豸莫
邈 17 ⿺辶貌
貔 17 ⿰豸𣬉
臌 17 ⿰月鼓
膻 17 ⿰亶
臆 17 ⿰月意
臃 17 ⿰月雍
鲼 17 ⿰鱼賁
鳀 17 ⿰鱼是
鳃 17 ⿰鱼思
鳅 17 ⿰鱼秋
鳇 17 ⿰鱼皇
鳊 17 ⿰鱼扁
螽 17 ⿱冬䖵
燮 17 ⿱⿲火言火又
鹫 17 ⿱就鸟
襄 17 ⿳亠⿱吅𠀎𧘇
糜 17 ⿸麻米
縻 17 ⿸麻糸
膺 17 ⿸䧹月
癍 17 ⿸疒斑
麋 17 ⿸鹿米
懑 17 ⿱满心
濡 17 ⿰氵需
濮 17 ⿰氵僕
濞 17 ⿰氵鼻
濠 17 ⿰氵豪
濯 17 ⿰氵翟
蹇 17 ⿱𡨄足
謇 17 ⿱𡨄言
邃 17 ⿺辶⿱穴㒸
襁 17 ⿰衤强
檗 17 ⿱辟木
擘 17 ⿱辟手
孺 17 ⿰子需
嬷 17 ⿰女麽
蟊 17 ⿱矛䖵
鹬 17 ⿰矞鸟
鍪 17 ⿱敄金
鞯 17 ⿰革荐
鞨 17 ⿰革曷
鞫 17 ⿰革訇
鞧 17 ⿰革酋
鞣 17 ⿰革柔
糨 17 ⿰米强
鎏 17 ⿱流金
䴕 17 ⿱列鸟
䴔 17 ⿰交鸟
鄹 17 ⿰聚阝
黇 17 ⿰黄占
橦 17 ⿰木童
𫟦 17 ⿰车遂
曈 17 ⿰日童
𨱑 17 ⿰钅黄
簉 17 ⿱𥫗造
黉 17 ⿱𰃮黄
璱 17 ⿰𤣩瑟
𤩽 17 ⿰𤣩献
璬 17 ⿰𤣩敫
璮 17 ⿰𤣩亶
髽 17 ⿱髟坐
擿 17 ⿰扌適
薿 17 ⿱艹疑
薸 17 ⿱艹漂
檑 17 ⿰木雷
檞 17 ⿰木解
繄 17 ⿱殹糸
磹 17 ⿰石覃
磻 17 ⿰石番
瞫 17 ⿰目覃
瞵 17 ⿰目粦
蹐 17 ⿰𧾷脊
蟏 17 ⿰虫萧
𬭳 17 ⿰钅喜
镤 17 ⿰钅菐
𬭶 17 ⿰钅黑
𫔍 17 ⿰钅番
镥 17 ⿰钅鲁
镨 17 ⿰钅普
𬭸 17 ⿰钅粦
𨱔 17 ⿰钅尊
𬭼 17 ⿰钅遂
𫔎 17 ⿰钅矞
矰 17 ⿰矢曾
穙 17 ⿰禾菐
穟 17 ⿰禾遂
簃 17 ⿱𥫗移
簏 17 ⿱𥫗鹿
儦 17 ⿰亻麃
斶 17 ⿰斤蜀
艚 17 ⿰舟曹
𬸪 17 ⿰番鸟
谿 17 ⿰奚谷
𬶟 17 ⿰鱼剌
鲾 17 ⿰鱼畐
𬶠 17 ⿰鱼柬
鲿 17 ⿰鱼尝
鳁 17 ⿰鱼昷
鳂 17 ⿰鱼畏
鳈 17 ⿰鱼泉
鳉 17 ⿰鱼将
獯 17 ⿰犭熏
䗪 17 ⿸庶虫
馘 17 ⿰首或
襕 17 ⿰衤阑
襚 17 ⿰衤遂
𬶨 17 ⿱既鱼
螱 17 ⿱尉虫
嬬 17 ⿰女需
嬥 17 ⿰女翟
𦈡 17 ⿰纟需
𫄸 17 ⿰纟熏
鞳 17 ⿰革荅
鞮 17 ⿰革是
戲 17 䖒戈
毚 17 㲋兔
糞 17 米異
韱 17 㦰韭
霝 17 𠱠
瞳 18 ⿰目童
魏 18 ⿰委鬼
爵 18 ⿳爫罒𡬠
藕 18 ⿱艹耦
覆 18 ⿱覀復
瞻 18 ⿰目詹
蹦 18 ⿰𧾷崩
嚣 18 ⿳吅页吅
镰 18 ⿰钅廉
翻 18 ⿰番羽
鳍 18 ⿰鱼耆
鹰 18 ⿸䧹鸟
瀑 18 ⿰氵暴
襟 18 ⿰衤禁
璧 18 ⿱辟玉
戳 18 ⿰翟戈
疃 18 ⿰田童
髀 18 ⿰骨卑
簋 18 ⿱𥫗𭾁
魍 18 ⿺鬼罔
隳 18 ⿱隋𠇍
鬈 18 ⿱髟卷
鬃 18 ⿱髟宗
瞽 18 ⿱鼓目
藜 18 ⿱艹黎
藠 18 ⿱艹皛
藩 18 ⿱艹潘
醪 18 ⿰酉翏
蹙 18 ⿱戚足
礓 18 ⿰石畺
燹 18 ⿱豩火
餮 18 ⿱殄食
瞿 18 ⿱䀠隹
曛 18 ⿰日熏
颢 18 ⿰景页
曜 18 ⿰日翟
躇 18 ⿰𧾷著
蹚 18 ⿰𧾷堂
鹭 18 ⿱路鸟
蟛 18 ⿰虫彭
蟪 18 ⿰虫惠
蟠 18 ⿰虫番
蟮 18 ⿰虫善
鹮 18 ⿰睘鸟
黠 18 ⿰黑吉
黟 18 ⿰黑多
镬 18 ⿰钅蒦
镭 18 ⿰钅雷
镯 18 ⿰钅蜀
馥 18 ⿰香复
簟 18 ⿱𥫗覃
簪 18 ⿱𥫗朁
鼬 18 ⿰鼠由
雠 18 ⿴雔讠
鳎 18 ⿰鱼𦐇
鳏 18 ⿰鱼眔
鳐 18 ⿰鱼䍃
癞 18 ⿸疒赖
癔 18 ⿸疒意
癜 18 ⿸疒殿
癖 18 ⿸疒辟
蹩 18 ⿱敝足
彝 18 ⿳彑⿰米糸廾
邋 18 ⿺辶巤
鞲 18 ⿰革冓
鞴 18 ⿰革𤰇
鳓 18 ⿰鱼勒
櫆 18 ⿰木魁
醨 18 ⿰酉离
㘎 18 ⿰口阚
穜 18 ⿰禾童
魋 18 ⿺鬼隹
甓 18 ⿱辟瓦
瓀 18 ⿰𤣩需
釐 18 ⿸𠩺里
鬶 18 ⿱规鬲
爇 18 ⿱艹熱
𬟁 18 ⿱艹鹝
藟 18 ⿱艹畾
藦 18 ⿱艹摩
藨 18 ⿱艹麃
檫 18 ⿰木察
黡 18 ⿸厌黑
礞 18 ⿰石蒙
礌 18 ⿰石雷
𥖨 18 ⿰石喿
蹢 18 ⿰𧾷啇
蹜 18 ⿰𧾷宿
蟫 18 ⿰虫覃
嚚 18 ⿳吅臣吅
镮 18 ⿰钅睘
镱 18 ⿰钅意
簠 18 ⿱𥫗盙
簝 18 ⿱𥫗尞
簰 18 ⿱𥫗牌
鼫 18 ⿰鼠石
鼩 18 ⿰鼠句
皦 18 ⿰白敫
臑 18 ⿰月需
鳑 18 ⿰鱼旁
鳒 18 ⿰鱼兼
鹱 18 ⿰鸟蒦
鹯 18 ⿰亶鸟
癗 18 ⿸疒雷
𦒍 18 ⿰童羽
翷 18 ⿰粦羽
冁 18 ⿰单展
䎖 18 ⿰曾羽
瀔 18 ⿰氵穀
瀍 18 ⿰氵廛
瀌 18 ⿰氵麃
襜 18 ⿰衤詹
𬙊 18 ⿰纟墨
巂 18 崔冏
羴 18 羊羊
豐 18 𠁳豆
雚 18 艹𨾴
孽 19 ⿱薛子
警 19 ⿱敬言
蘑 19 ⿱艹磨
藻 19 ⿱艹澡
攀 19 ⿱樊手
曝 19 ⿰日暴
蹲 19 ⿰𧾷尊
蹭 19 ⿰𧾷曾
蹬 19 ⿰𧾷登
巅 19 ⿱山颠
簸 19 ⿱𥫗𤿺
簿 19 ⿱𥫗溥
蟹 19 ⿱解虫
颤 19 ⿰亶页
靡 19 ⿸麻非
癣 19 ⿸疒鲜
瓣 19 ⿲辛瓜辛
羹 19 ⿱羔美
鳖 19 ⿱敝鱼
爆 19 ⿰火暴
疆 19 ⿰⿹弓土畺
髁 19 ⿰骨果
鏊 19 ⿱敖金
鳌 19 ⿱敖鱼
髅 19 ⿰骨娄
髂 19 ⿰骨客
艟 19 ⿰舟童
懵 19 ⿰忄瞢
鬏 19 ⿱髟秋
攉 19 ⿰扌霍
攒 19 ⿰扌赞
藿 19 ⿱艹霍
蘧 19 ⿱艹遽
蘅 19 ⿱艹衡
麓 19 ⿱林鹿
醮 19 ⿰酉焦
醯 19 ⿰酉⿱㐬皿
霪 19 ⿱雨淫
霭 19 ⿱谒
霨 19 ⿱雨尉
黼 19 ⿰黹甫
嚯 19 ⿰口霍
蹰 19 ⿰𧾷厨
蹶 19 ⿰𧾷厥
蹽 19 ⿰𧾷尞
蹼 19 ⿰𧾷菐
蹴 19 ⿰𧾷就
蹾 19 ⿰𧾷敦
蹿 19 ⿰𧾷窜
蠖 19 ⿰虫蒦
蠓 19 ⿰虫蒙
蟾 19 ⿰虫詹
蠊 19 ⿰虫廉
黢 19 ⿰黑夋
镲 19 ⿰钅察
籀 19 ⿱𥫗㨨
籁 19 ⿱𥫗赖
齁 19 ⿰鼻句
艨 19 ⿰舟蒙
鳔 19 ⿰鱼票
鳕 19 ⿰鱼雪
鳗 19 ⿰鱼曼
鳙 19 ⿰鱼庸
麒 19 ⿰鹿其
鏖 19 ⿸鹿金
羸 19 ⿱吂⿲月羊凡
㸆 19 ⿰火靠
瀚 19 ⿰氵翰
瀣 19 ⿰氵韰
瀛 19 ⿰氵嬴
襦 19 ⿰衤需
谶 19 ⿰讠韱
襞 19 ⿱辟衣
骥 19 ⿰马冀
缵 19 ⿰纟赞
䴖 19 ⿰青鸟
鹲 19 ⿰蒙鸟
䗴 19 ⿰虫筳
髃 19 ⿰骨禺
酂 19 ⿰赞阝
馧 19 ⿰香昷
旞 19 ⿸𭤨遂
嚭 19 ⿰喜否
㰀 19 ⿰木黎
鬷 19 ⿰鬲㚇
醭 19 ⿰酉菐
蹯 19 ⿰𧾷番
蠋 19 ⿰虫蜀
翾 19 ⿰睘羽
鳘 19 ⿱敏鱼
儳 19 ⿰亻毚
儴 19 ⿰亻襄
鼗 19 ⿱兆鼓
𬶭 19 ⿰鱼祭
𩾌 19 ⿰鱼康
鳚 19 ⿰鱼㷉
鳛 19 ⿰鱼習
麑 19 ⿸鹿兒
麖 19 ⿸鹿京
蠃 19 ⿱吂⿲月虫凡
彟 19 ⿰寻蒦
嬿 19 ⿰女燕
夒 19 一止自巳八夂
舋 19 𦥑同冝
鬓 20 ⿱髟宾
壤 20 ⿰土襄
馨 20 ⿱殸香
耀 20 ⿰光翟
躁 20 ⿰𧾷喿
蠕 20 ⿰虫需
嚷 20 ⿰口襄
籍 20 ⿱𥫗耤
鳞 20 ⿰鱼粦
糯 20 ⿰米需
灌 20 ⿰氵雚
譬 20 ⿱辟言
䦃 20 ⿰钅著
酃 20 ⿰霝阝
髋 20 ⿰骨宽
髌 20 ⿰骨宾
瓒 20 ⿰𤣩赞
攘 20 ⿰扌襄
蘩 20 ⿱艹繁
蘖 20 ⿱薛木
醴 20 ⿰酉豊
霰 20 ⿱雨散
矍 20 ⿱瞿又
曦 20 ⿰日羲
躅 20 ⿰𧾷蜀
鼍 20 ⿱嘼电
巉 20 ⿰山毚
黩 20 ⿰黑卖
黥 20 ⿰黑京
黪 20 ⿰黑参
镳 20 ⿰钅麃
镴 20 ⿰钅巤
黧 20 ⿱𥝢黑
纂 20 ⿱𮅕糸
璺 20 ⿳⿴𦥑同冖玉
鼯 20 ⿰鼠吾
臜 20 ⿰月赞
鳜 20 ⿰鱼厥
鳝 20 ⿰鱼善
鳟 20 ⿰鱼尊
獾 20 ⿰犭雚
孀 20 ⿰女霜
骧 20 ⿰马襄
䴗 20 ⿰狊鸟
䲠 20 ⿰鱼春
鬒 20 ⿱髟真
蘘 20 ⿱艹襄
欂 20 ⿰木薄
醵 20 ⿰酉豦
颥 20 ⿰需页
𨟠 20 ⿰瞿阝
巇 20 ⿰山戲
犨 20 ⿱雔牛
𬶮 20 ⿰鱼喜
𨭉 20 ⿱斌金
㸌 20 ⿰火霍
爔 20 ⿰火羲
瀱 20 ⿰氵罽
瀹 20 ⿰氵龠
瀼 20 ⿰氵襄
瀵 20 ⿰氵糞
襫 20 ⿰衤奭
孅 20 ⿰女韱
骦 20 ⿰马霜
𬙋 20 ⿰纟襄
嚼 21 ⿰口爵
巍 21 ⿱山魏
魔 21 ⿸麻鬼
蠢 21 ⿱春䖵
霸 21 ⿱䩗
露 21 ⿱路
霹 21 ⿱雨辟
躏 21 ⿰𧾷蔺
黯 21 ⿰黑音
赣 21 ⿰章⿱夂贡
魑 21 ⿺鬼离
酆 21 ⿰豐阝
瓘 21 ⿰𤣩雚
鼙 21 ⿱鼓卑
醺 21 ⿰酉熏
礴 21 ⿰石薄
颦 21 ⿱频卑
曩 21 ⿱日襄
鳢 21 ⿰鱼豊
癫 21 ⿸疒颠
麝 21 ⿸鹿射
夔 21 ⿱丷夒
灏 21 ⿰氵颢
鐾 21 ⿱辟金
羼 21 ⿸尸羴
蠡 21 ⿱彖䖵
䴘 21 ⿰虒鸟
䲢 21 ⿰月鲞
甗 21 ⿰鬳瓦
酅 21 ⿰巂阝
髎 21 ⿰骨翏
耰 21 ⿰耒憂
𤫉 21 ⿰𤣩燮
瓖 21 ⿰𤣩襄
鬘 21 ⿱髟曼
趯 21 ⿺走翟
𬺓 21 ⿰齿楚
罍 21 ⿱畾缶
鼱 21 ⿰鼠青
鳠 21 ⿰鱼蒦
鳡 21 ⿰鱼感
鳣 21 ⿰鱼亶
爟 21 ⿰火雚
爚 21 ⿰火龠
灈 21 ⿰氵瞿
韂 21 ⿰革詹
亹 21 ⿱亠舋
髓 22 ⿰骨遀
囊 22 ⿳⿳𰀉冖吅𠀎𧘇
镶 22 ⿰钅襄
瓤 22 ⿰襄瓜
爝 22 ⿰火爵
禳 22 ⿰礻襄
耱 22 ⿰耒磨
懿 22 ⿰壹恣
蘸 22 ⿱艹醮
鹳 22 ⿰雚鸟
氍 22 ⿰瞿毛
饕 22 ⿱號食
躐 22 ⿰𧾷巤
镵 22 ⿰钅毚
穰 22 ⿰禾襄
饔 22 ⿱雍食
鬻 22 ⿱粥鬲
蘼 22 ⿱艹靡
礵 22 ⿰石霜
鹴 22 ⿰霜鸟
躔 22 ⿰𧾷廛
龢 22 ⿰龠禾
鳤 22 ⿰鱼管
罐 23 ⿰缶雚
霾 23 ⿱雨貍
髑 23 ⿰骨蜀
鬟 23 ⿱髟睘
趱 23 ⿺走赞
攫 23 ⿰扌矍
攥 23 ⿰扌纂
颧 23 ⿰雚页
躜 23 ⿰𧾷赞
鼹 23 ⿰鼠晏
癯 23 ⿸疒瞿
麟 23 ⿰鹿粦
蠲 23 ⿰益蜀
糵 23 ⿱薛米
皭 23 ⿰白爵
籥 23 ⿱𥫗龠
鼷 23 ⿰鼠奚
𫚭 23 ⿰鱼巤
玃 23 ⿰犭矍
矗 24 ⿱直⿰直直
蠹 24 ⿳⿱𰀉冖石䖵
躞 24 ⿰𧾷燮
衢 24 ⿲彳瞿亍
鑫 24 ⿱金鍂
灞 24 ⿰氵霸
襻 24 ⿰衤攀
纛 24 ⿱毒縣
䴙 24 ⿰辟鸟
醾 24 ⿰酉糜
鬣 25 ⿱髟巤
攮 25 ⿰扌囊
囔 25 ⿰口囊
馕 25 ⿰饣囊
戆 25 ⿱赣心
齇 25 ⿰鼻虘
觿 25 ⿰角巂
蠼 26 ⿰虫矍
爨 30 ⿱⿱⿴𦥑同冖⿳林大火
齉 36 ⿰鼻囊