1 一 yi1 0 "二 er4, 十 shi2, 丁 ding1, 厂 chang3, 三 san1"
2 乙 yi3 1 "乞 qi3, 亿 yi4, 艺 yi4, 忆 yi4, 钇 yi3"
3 二 er4 2 "三 san1, 夫 fu1, 云 yun2, 专 zhuan1, 毛 mao2"
4 十 shi2 3 "干 gan1, 土 tu3, 士 shi4, 千 qian1, 木 mu4"
5 丁 ding1 4 "厅 ting1, 牙 ya2, 订 ding4, 打 da3, 可 ke3"
6 厂 chang3 5 "广 guang3, 厅 ting1, 历 li4, 厉 li4, 压 ya1"
7 七 qi1 6 "切 qie4, 皂 zao4, 柒 qi1"
8 卜 bu3 7 "下 xia4, 仆 pu2, 扑 pu1, 卡 ka3, 外 wai4"
9 八 ba1 8 "小 xiao3, 父 fu4, 分 fen1, 公 gong1, 六 liu4"
10 人 ren2 9 "大 da4, 夫 fu1, 贝 bei4, 内 nei4, 介 jie4"
11 入 ru4 10 "汆 cuan1"
12 儿 er2 11 "匹 pi3, 见 jian4, 允 yun3, 兄 xiong1, 先 xian1"
13 匕 bi3 12 "比 bi3, 仑 lun2, 北 bei3, 它 ta1, 尼 ni2"
14 几 ji3 13 "凡 fan2, 亢 kang4, 冗 rong3, 讥 ji1, 叽 ji1"
15 九 jiu3 14 "丸 wan2, 仇 chou2, 轨 gui3, 杂 za2, 旭 xu4"
16 刁 diao1 15 "叼 diao1"
17 了 liao3 16 "子 zi3, 辽 liao2, 疗 liao2, 承 cheng2, 孑 jie2"
18 刀 dao1 17 "刃 ren4, 切 qie4, 分 fen1, 叨 dao1, 召 zhao4"
19 力 li4 18 "历 li4, 为 wei2, 办 ban4, 劝 quan4, 功 gong1"
20 乃 nai3 19 "仍 reng2, 扔 reng1, 奶 nai3, 孕 yun4, 秀 xiu4"
21 又 you4 20 "叉 cha1, 支 zhi1, 友 you3, 仅 jin3, 反 fan3"
22 三 san1 21 "丰 feng1, 兰 lan2, 寿 shou4, 直 zhi2, 非 fei1"
23 干 gan1 22 "刊 kan1, 平 ping2, 汗 han4, 奸 jian1, 杆 gan1"
24 于 yu2 23 "迂 yu1, 芋 yu4, 吁 xu1, 宇 yu3, 圩 wei2"
25 亏 kui1 24 "夸 kua1, 污 wu1, 圬 wu1, 肟 wo4"
26 工 gong1 25 "巧 qiao3, 功 gong1, 左 zuo3, 式 shi4, 扛 gang1"
27 土 tu3 26 "王 wang2, 去 qu4, 冉 ran3, 生 sheng1, 圣 sheng4"
28 士 shi4 27 "壬 ren2, 吉 ji2, 壮 zhuang4, 壳 ke2, 志 zhi4"
29 才 cai2 28 "团 tuan2, 闭 bi4, 材 cai2, 财 cai2, 豺 chai2"
30 下 xia4 29 "吓 xia4, 虾 xia1, 忑 te4"
31 寸 cun4 30 "付 fu4, 讨 tao3, 对 dui4, 寺 si4, 过 guo4"
32 大 da4 31 "天 tian1, 犬 quan3, 太 tai4, 夭 yao1, 夯 hang1"
33 丈 zhang4 32 "仗 zhang4, 杖 zhang4"
34 与 yu3 33 "写 xie3, 屿 yu3, 玙 yu2, 欤 yu2"
35 万 wan4 34 "方 fang1, 厉 li4, 迈 mai4, 劢 mai4"
36 上 shang4 35 "卡 ka3, 让 rang4, 忐 tan3"
37 小 xiao3 36 "示 shi4, 东 dong1, 尔 er3, 乐 le4, 尘 chen2"
38 口 kou3 37 "中 zhong1, 古 gu3, 可 ke3, 石 shi2, 右 you4"
39 山 shan1 38 "击 ji1, 仙 xian1, 屿 yu3, 屹 yi4, 岁 sui4"
40 巾 jin1 39 "币 bi4, 布 bu4, 帅 shuai4, 吊 diao4, 帆 fan1"
41 千 qian1 40 "舌 she2, 迁 qian1, 纤 xian1, 歼 jian1, 乖 guai1"
42 𠂉 jiu3 41 
43 乞 qi3 42 "吃 chi1, 屹 yi4, 迄 qi4, 疙 ge1, 乾 qian2"
44 川 chuan1 43 "训 xun4, 州 zhou1, 驯 xun4, 顺 shun4, 卅 sa4"
45 亿 yi4 44 
46 个 ge4 45 
47 夕 xi1 46 "歹 dai3, 外 wai4, 岁 sui4, 名 ming2, 多 duo1"
48 久 jiu3 47 "玖 jiu3, 灸 jiu3, 疚 jiu4"
49 厶 si1 48 "么 me5, 云 yun2, 公 gong1, 勾 gou1, 允 yun3"
50 么 me5 49 "仫 mu4"
51 勺 shao2 50 "约 yue1, 灼 zhuo2, 钓 diao4, 的 de5, 酌 zhuo2"
52 凡 fan2 51 "巩 gong3, 帆 fan1, 矾 fan2, 恐 kong3, 赢 ying2"
53 丸 wan2 52 "执 zhi2, 芄 wan2, 纨 wan2, 孰 shu2"
54 及 ji2 53 "圾 ji1, 吸 xi1, 级 ji2, 极 ji2, 芨 ji1"
55 广 guang3 54 "扩 kuo4, 庄 zhuang1, 庆 qing4, 旷 kuang4, 床 chuang2"
56 亠 tou2 55 "亡 wang2, 丹 dan1, 六 liu4, 文 wen2, 亢 kang4"
57 亡 wang2 56 "芒 mang2, 妄 wang4, 忙 mang2, 忘 wang4, 盲 mang2"
58 门 men2 57 "们 men5, 闪 shan3, 闭 bi4, 问 wen4, 闯 chuang3"
59 丫 ya1 58 
60 乂 yi4 59 "义 yi4, 父 fu4, 文 wen2, 艾 ai4, 史 shi3"
61 义 yi4 60 "仪 yi2, 议 yi4, 蚁 yi3"
62 之 zhi1 61 "乏 fa2, 芝 zhi1"
63 尸 shi1 62 "户 hu4, 尺 chi3, 卢 lu2, 尼 ni2, 层 ceng2"
64 己 ji3 63 "记 ji4, 岂 qi3, 妃 fei1, 纪 ji4, 改 gai3"
65 已 yi3 64 
66 巳 si4 65 "巴 ba1, 包 bao1, 导 dao3, 异 yi4, 祀 si4"
67 弓 gong1 66 "引 yin3, 弗 fu2, 弘 hong2, 夷 yi2, 弛 chi2"
68 子 zi3 67 "孔 kong3, 仔 zai3, 孕 yun4, 存 cun2, 字 zi4"
69 卫 wei4 68 
70 乜 mie1 69 "也 ye3"
71 也 ye3 70 "他 ta1, 地 di4, 池 chi2, 弛 chi2, 她 ta1"
72 女 nü3 71 "奶 nai3, 奴 nu2, 妆 zhuang1, 妄 wang4, 汝 ru3"
73 刃 ren4 72 "纫 ren4, 韧 ren4, 忍 ren3, 涩 se4, 仞 ren4"
74 飞 fei1 73 
75 习 xi2 74 "羽 yu3"
76 叉 cha1 75 "汊 cha4, 杈 cha1, 钗 chai1"
77 马 ma3 76 "乌 wu1, 冯 feng2, 吗 ma2, 闯 chuang3, 妈 ma1"
78 乡 xiang1 77 "芗 xiang1"
79 丰 feng1 78 "邦 bang1, 拜 bai4, 艳 yan4, 蚌 bang4, 害 hai4"
80 王 wang2 79 "主 zhu3, 全 quan2, 弄 nong4, 呈 cheng2, 狂 kuang2"
81 开 kai1 80 "刑 xing2, 并 bing4, 形 xing2, 研 yan2, 邢 xing2"
82 井 jing3 81 "讲 jiang3, 进 jin4, 耕 geng1, 阱 jing3"
83 天 tian1 82 "关 guan1, 吞 tun1, 吴 wu2, 奏 zou4, 癸 gui3"
84 夫 fu1 83 "失 shi1, 扶 fu2, 芙 fu2, 规 gui1, 肤 fu1"
85 兀 wu4 84 "元 yuan2, 尧 yao2, 光 guang1, 杌 wu4"
86 元 yuan2 85 "远 yuan3, 园 yuan2, 完 wan2, 玩 wan2, 顽 wan2"
87 尢 wang1 86 "无 wu2, 尤 you2, 尬 ga4, 尴 gan1, 尥 liao4"
88 无 wu2 87 "抚 fu3, 芜 wu2, 呒 m2, 庑 wu3, 怃 wu3"
89 云 yun2 88 "动 dong4, 会 hui4, 运 yun4, 坛 tan2, 层 ceng2"
90 专 zhuan1 89 "传 chuan2, 转 zhuan3, 砖 zhuan1, 抟 tuan2"
91 丐 gai4 90 "钙 gai4"
92 扌 shou3 91 "扎 zha1, 打 da3, 扑 pu1, 扒 ba1, 扔 reng1"
93 扎 zha1 92 
94 艹 cao3 93 "艺 yi4, 艾 ai4, 节 jie2, 芋 yu4, 芒 mang2"
95 艺 yi4 94 "呓 yi4"
96 木 mu4 95 "未 wei4, 末 mo4, 本 ben3, 术 shu4, 禾 he2"
97 五 wu3 96 "伍 wu3, 吾 wu2"
98 支 zhi1 97 "技 ji4, 吱 zhi1, 妓 ji4, 枝 zhi1, 歧 qi2"
99 厅 ting1 98 
100 不 bu4 99 "坏 huai4, 否 fou3, 还 huan2, 怀 huai2, 环 huan2"
101 犬 quan3 100 "厌 yan4, 伏 fu2, 吠 fei4, 状 zhuang4, 狱 yu4"
102 太 tai4 101 "汰 tai4, 态 tai4, 呔 dai1"
103 区 qu1 102 "抠 kou1, 呕 ou3, 岖 qu1, 驱 qu1, 枢 shu1"
104 历 li4 103 "沥 li4, 雳 li4, 苈 li4, 呖 li4, 枥 li4"
105 歹 dai3 104 "列 lie4, 死 si3, 歼 jian1, 残 can2, 殃 yang1"
106 友 you3 105 "爱 ai4, 爰 yuan2"
107 尤 you2 106 "优 you1, 扰 rao3, 犹 you2, 忧 you1, 就 jiu4"
108 匹 pi3 107 
109 车 che1 108 "轧 ya4, 轨 gui3, 军 jun1, 阵 zhen4, 连 lian2"
110 巨 ju4 109 "拒 ju4, 柜 gui4, 炬 ju4, 矩 ju3, 距 ju4"
111 牙 ya2 110 "邪 xie2, 讶 ya4, 芽 ya2, 呀 ya1, 鸦 ya1"
112 屯 tun2 111 "吨 dun1, 囤 dun4, 纯 chun2, 盹 dun3, 钝 dun4"
113 弋 yi4 112 "戈 ge1, 代 dai4, 式 shi4, 武 wu3, 贰 er4"
114 戈 ge1 113 "戊 wu4, 戎 rong2, 划 hua4, 伐 fa2, 戏 xi4"
115 比 bi3 114 "毕 bi4, 批 pi1, 庇 bi4, 屁 pi4, 昆 kun1"
116 互 hu4 115 
117 切 qie4 116 "彻 che4, 砌 qi4, 窃 qie4, 沏 qi1"
118 瓦 wa3 117 "瓷 ci2, 瓶 ping2, 佤 wa3, 瓯 ou1"
119 止 zhi3 118 "正 zheng4, 此 ci3, 企 qi3, 址 zhi3, 扯 che3"
120 少 shao3 119 "劣 lie4, 抄 chao1, 吵 chao3, 沙 sha1, 妙 miao4"
121 曰 yue1 120 "曲 qu3, 昌 chang1, 曹 cao2, 曼 man4, 替 ti4"
122 日 ri4 121 "旧 jiu4, 旦 dan4, 甲 jia3, 申 shen1, 电 dian4"
123 中 zhong1 122 "虫 chong2, 仲 zhong4, 冲 chong1, 忠 zhong1, 肿 zhong3"
124 贝 bei4 123 "页 ye4, 贞 zhen1, 则 ze2, 负 fu4, 贡 gong4"
125 冈 gang1 124 "刚 gang1, 岗 gang3, 纲 gang1, 钢 gang1"
126 内 nei4 125 "丙 bing3, 肉 rou4, 呐 na4, 纳 na4, 钠 na4"
127 水 shui3 126 "冰 bing1, 汞 gong3, 尿 niao4, 泵 beng4, 泉 quan2"
128 见 jian4 127 "观 guan1, 现 xian4, 规 gui1, 觅 mi4, 视 shi4"
129 午 wu3 128 "许 xu3, 缶 fou3, 仵 wu3, 迕 wu3, 忤 wu3"
130 牛 niu2 129 "件 jian4, 牡 mu3, 牢 lao2, 制 zhi4, 牵 qian1"
131 手 shou3 130 "挚 zhi4, 拿 na2, 拳 quan2, 掌 zhang3, 掰 bai1"
132 气 qi4 131 "汽 qi4, 氛 fen1, 氢 qing1, 氧 yang3, 氨 an1"
133 毛 mao2 132 "尾 wei3, 毡 zhan1, 耗 hao4, 笔 bi3, 毫 hao2"
134 壬 ren2 133 "任 ren4, 饪 ren4, 妊 ren4, 纴 ren4"
135 升 sheng1 134 
136 夭 yao1 135 "乔 qiao2, 沃 wo4, 妖 yao1, 袄 ao3, 笑 xiao4"
137 长 zhang3 136 "帐 zhang4, 张 zhang1, 账 zhang4, 胀 zhang4, 伥 chang1"
138 仁 ren2 137 "佞 ning4"
139 什 shen2 138 
140 片 pian4 139 "版 ban3, 牌 pai2"
141 仆 pu2 140 
142 化 hua4 141 "华 hua2, 讹 e2, 花 hua1, 货 huo4, 靴 xue1"
143 仇 chou2 142 
144 币 bi4 143 
145 仍 reng2 144 
146 仅 jin3 145 
147 斤 jin1 146 "丘 qiu1, 斥 chi4, 匠 jiang4, 折 zhe2, 芹 qin2"
148 爪 zhao3 147 "抓 zhua1, 爬 pa2"
149 反 fan3 148 "扳 ban1, 返 fan3, 饭 fan4, 板 ban3, 贩 fan4"
150 介 jie4 149 "价 jia4, 阶 jie1, 芥 jie4, 尬 ga4, 界 jie4"
151 父 fu4 150 "爷 ye2, 交 jiao1, 斧 fu3, 爸 ba4, 爹 die1"
152 从 cong2 151 "丛 cong2, 众 zhong4, 巫 wu1, 两 liang3, 坐 zuo4"
153 仑 lun2 152 "伦 lun2, 论 lun4, 抡 lun1, 沦 lun2, 轮 lun2"
154 今 jin1 153 "吟 yin2, 含 han2, 贪 tan1, 念 nian4, 琴 qin2"
155 凶 xiong1 154 "匈 xiong1, 汹 xiong1, 酗 xu4"
156 分 fen1 155 "份 fen4, 扮 ban4, 芬 fen1, 吩 fen1, 岔 cha4"
157 乏 fa2 156 "泛 fan4, 贬 bian3, 眨 zha3"
158 公 gong1 157 "讼 song4, 松 song1, 蚣 gong1, 颂 song4, 翁 weng1"
159 仓 cang1 158 "创 chuang4, 抢 qiang3, 苍 cang1, 呛 qiang1, 沧 cang1"
160 月 yue4 159 "甩 shuai3, 有 you3, 阴 yin1, 肖 xiao4, 肝 gan1"
161 氏 shi4 160 "纸 zhi3, 昏 hun1, 氐 di1, 芪 qi2"
162 勿 wu4 161 "匆 cong1, 吻 wen3, 易 yi4, 物 wu4, 忽 hu1"
163 ⺈ yi4 162 "欠 qian4, 尔 er3, 负 fu4, 争 zheng1, 色 se4"
164 欠 qian4 163 "次 ci4, 欢 huan1, 坎 kan3, 吹 chui1, 饮 yin3"
165 风 feng1 164 "讽 feng3, 枫 feng1, 疯 feng1, 飘 piao1, 岚 lan2"
166 丹 dan1 165 "彤 tong2, 坍 tan1"
167 匀 yun2 166 "均 jun1, 钧 jun1, 韵 yun4, 昀 yun2"
168 乌 wu1 167 "鸟 niao3, 呜 wu1, 邬 wu1, 坞 wu4"
169 勾 gou1 168 "沟 gou1, 构 gou4, 购 gou4, 钩 gou1"
170 凤 feng4 169 
171 六 liu4 170 
172 文 wen2 171 "刘 liu2, 齐 qi2, 坟 fen2, 吝 lin4, 这 zhe4"
173 亢 kang4 172 "坑 keng1, 抗 kang4, 吭 keng1, 杭 hang2, 肮 ang1"
174 方 fang1 173 "仿 fang3, 访 fang3, 防 fang2, 坊 fang1, 芳 fang1"
175 火 huo3 174 "灭 mie4, 灰 hui1, 伙 huo3, 灯 deng1, 灸 jiu3"
176 为 wei2 175 "伪 wei3, 沩 wei2, 妫 gui1"
177 斗 dou4 176 "抖 dou3, 科 ke1, 蚪 dou3, 料 liao4, 斜 xie2"
178 忄 xin1 177 "忆 yi4, 忙 mang2, 怀 huai2, 忧 you1, 忱 chen2"
179 忆 yi4 178 
180 讠 yan2 179 "计 ji4, 订 ding4, 认 ren4, 讥 ji1, 讨 tao3"
181 计 ji4 180 
182 订 ding4 181 
183 户 hu4 182 "护 hu4, 芦 lu2, 庐 lu2, 沪 hu4, 启 qi3"
184 认 ren4 183 
185 冖 mi4 184 "冗 rong3, 写 xie3, 军 jun1, 农 nong2, 受 shou4"
186 冗 rong3 185 "壳 ke2, 沉 chen2, 亮 liang4"
187 讥 ji1 186 
188 心 xin1 187 "必 bi4, 志 zhi4, 芯 xin1, 忘 wang4, 闷 men4"
189 尺 chi3 188 "尽 jin4, 迟 chi2, 昼 zhou4"
190 引 yin3 189 "蚓 yin3, 吲 yin3"
191 丑 chou3 190 "扭 niu3, 纽 niu3, 钮 niu3, 羞 xiu1, 忸 niu3"
192 巴 ba1 191 "色 se4, 把 ba3, 芭 ba1, 吧 ba1, 邑 yi4"
193 孔 kong3 192 "吼 hou3"
194 阝 fu4 193 "队 dui4, 邓 deng4, 邦 bang1, 邪 xie2, 那 na4"
195 队 dui4 194 "坠 zhui4"
196 办 ban4 195 "协 xie2, 苏 su1, 胁 xie2"
197 以 yi3 196 "似 si4, 拟 ni3, 苡 yi3, 姒 si4"
198 允 yun3 197 "吮 shun3, 狁 yun3"
199 龴 jue2 198 "予 yu3, 令 ling4, 疑 yi2, 甬 yong3"
200 予 yu3 199 "矛 mao2, 抒 shu1, 序 xu4, 预 yu4, 野 ye3"
201 邓 deng4 200 
202 劝 quan4 201 
203 双 shuang1 202 "轰 hong1, 聂 nie4, 㧐 song3"
204 书 shu1 203 
205 幺 yao1 204 "幻 huan4, 玄 xuan2, 幼 you4, 吆 yao1"
206 幻 huan4 205 
207 玉 yu4 206 "国 guo2, 宝 bao3, 莹 ying2, 璧 bi4"
208 刂 dao1 207 "刊 kan1, 刑 xing2, 列 lie4, 划 hua4, 师 shi1"
209 刊 kan1 208 
210 未 wei4 209 "朱 zhu1, 来 lai2, 味 wei4, 妹 mei4, 昧 mei4"
211 末 mo4 210 "抹 mo3, 茉 mo4, 沫 mo4, 袜 wa4"
212 示 shi4 211 "际 ji4, 奈 nai4, 宗 zong1, 标 biao1, 祟 sui4"
213 击 ji1 212 "陆 lu4"
214 打 da3 213 
215 巧 qiao3 214 "窍 qiao4"
216 正 zheng4 215 "证 zheng4, 征 zheng1, 怔 zheng4, 政 zheng4, 歪 wai1"
217 扑 pu1 216 
218 卉 hui4 217 "奔 ben1, 贲 ben1"
219 扒 ba1 218 
220 功 gong1 219 
221 扔 reng1 220 
222 去 qu4 221 "丢 diu1, 却 que4, 劫 jie2, 法 fa3, 怯 qie4"
223 廿 nian4 222 "甘 gan1, 世 shi4, 度 du4, 席 xi2, 庶 shu4"
224 甘 gan1 223 "某 mou3, 柑 gan1, 钳 qian2, 甜 tian2, 酣 han1"
225 世 shi4 224 "泄 xie4, 屉 ti4"
226 艾 ai4 225 "哎 ai1"
227 古 gu3 226 "克 ke4, 估 gu1, 苦 ku3, 咕 gu1, 固 gu4"
228 节 jie2 227 
229 本 ben3 228 "体 ti3, 笨 ben4, 苯 ben3"
230 术 shu4 229 "述 shu4"
231 可 ke3 230 "何 he2, 阿 a1, 坷 ke1, 苛 ke1, 奇 qi2"
232 丙 bing3 231 "柄 bing3, 病 bing4, 邴 bing3"
233 左 zuo3 232 "佐 zuo3, 隋 sui2, 惰 duo4"
234 厉 li4 233 "励 li4"
235 石 shi2 234 "拓 tuo4, 矾 fan2, 矿 kuang4, 码 ma3, 岩 yan2"
236 右 you4 235 "佑 you4, 若 ruo4"
237 布 bu4 236 "希 xi1, 怖 bu4"
238 夯 hang1 237 
239 戊 wu4 238 "戌 xu1, 成 cheng2, 茂 mao4, 戚 qi1, 戍 shu4"
240 龙 long2 239 "拢 long3, 垄 long3, 咙 long2, 庞 pang2, 宠 chong3"
241 平 ping2 240 "评 ping2, 坪 ping2, 苹 ping2, 砰 peng1, 秤 cheng4"
242 灭 mie4 241 
243 轧 ya4 242 
244 东 dong1 243 "冻 dong4, 陈 chen2, 栋 dong4"
245 卡 ka3 244 "拤 qia2, 咔 ka1"
246 北 bei3 245 "乖 guai1, 背 bei4, 乘 cheng2, 燕 yan1, 冀 ji4"
247 占 zhan4 246 "帖 tie3, 店 dian4, 沾 zhan1, 玷 dian4, 战 zhan4"
248 凸 tu1 247 
249 卢 lu2 248 "颅 lu2, 垆 lu2"
250 䒑 cao3 249 "业 ye4, 立 li4, 夹 jia1, 羊 yang2, 严 yan2"
251 业 ye4 250 "亚 ya4, 显 xian3, 壶 hu2, 虚 xu1, 凿 zao2"
252 旧 jiu4 251 
253 帅 shuai4 252 
254 归 gui1 253 "岿 kui1"
255 旦 dan4 254 "但 dan4, 坦 tan3, 担 dan1, 查 cha2, 胆 dan3"
256 目 mu4 255 "自 zi4, 盯 ding1, 盲 mang2, 泪 lei4, 相 xiang1"
257 且 qie3 256 "助 zhu4, 县 xian4, 阻 zu3, 沮 ju3, 宜 yi2"
258 叶 ye4 257 
259 甲 jia3 258 "匣 xia2, 押 ya1, 闸 zha2, 鸭 ya1, 钾 jia3"
260 申 shen1 259 "伸 shen1, 坤 kun1, 畅 chang4, 呻 shen1, 审 shen3"
261 叮 ding1 260 
262 电 dian4 261 "龟 gui1, 奄 yan3, 黾 min3"
263 号 hao4 262 
264 田 tian2 263 "里 li3, 男 nan2, 佃 dian4, 甸 dian4, 亩 mu3"
265 由 you2 264 "邮 you2, 抽 chou1, 迪 di2, 庙 miao4, 油 you2"
266 只 zhi3 265 "识 shi2, 帜 zhi4, 织 zhi1, 积 ji1, 职 zhi2"
267 叭 ba1 266 
268 史 shi3 267 "吏 li4, 驶 shi3"
269 央 yang1 268 "英 ying1, 殃 yang1, 映 ying4, 鸯 yang1, 秧 yang1"
270 兄 xiong1 269 "况 kuang4, 兑 dui4, 祝 zhu4, 竞 jing4"
271 叽 ji1 270 
272 叼 diao1 271 
273 叫 jiao4 272 
274 叩 kou4 273 "命 ming4"
275 叨 dao1 274 
276 另 ling4 275 "别 bie2, 拐 guai3"
277 叹 tan4 276 
278 冉 ran3 277 "再 zai4, 苒 ran3"
279 皿 min3 278 "血 xue4, 孟 meng4, 盆 pen2, 盈 ying2, 盏 zhan3"
280 凹 ao1 279 "兕 si4"
281 囚 qiu2 280 
282 四 si4 281 
283 生 sheng1 282 "性 xing4, 姓 xing4, 星 xing1, 牲 sheng1, 胜 sheng4"
284 矢 shi3 283 "医 yi1, 矣 yi3, 知 zhi1, 矩 ju3, 侯 hou2"
285 失 shi1 284 "迭 die2, 铁 tie3, 秩 zhi4, 跌 die1, 佚 yi4"
286 乍 zha4 285 "作 zuo4, 诈 zha4, 咋 za3, 昨 zuo2, 怎 zen3"
287 禾 he2 286 "利 li4, 秃 tu1, 秀 xiu4, 私 si1, 秆 gan3"
288 丘 qiu1 287 "乒 ping1, 乓 pang1, 兵 bing1, 岳 yue4, 蚯 qiu1"
289 付 fu4 288 "附 fu4, 咐 fu4, 府 fu3, 符 fu2, 拊 fu3"
290 仗 zhang4 289 
291 代 dai4 290 "贷 dai4, 袋 dai4, 岱 dai4"
292 仙 xian1 291 
293 们 men5 292 
294 仪 yi2 293 
295 白 bai2 294 "百 bai3, 伯 bo2, 皂 zao4, 拍 pai1, 帕 pa4"
296 仔 zai3 295 
297 他 ta1 296 
298 斥 chi4 297 "诉 su4, 拆 chai1, 坼 che4"
299 瓜 gua1 298 "狐 hu2, 弧 hu2, 孤 gu1, 瓢 piao2, 瓣 ban4"
300 乎 hu1 299 "呼 hu1"
301 丛 cong2 300 
302 令 ling4 301 "伶 ling2, 邻 lin2, 冷 leng3, 拎 lin1, 岭 ling3"
303 用 yong4 302 "佣 yong1, 角 jiao3, 拥 yong1, 甬 yong3"
304 甩 shuai3 303 
305 印 yin4 304 "茚 yin4"
306 尔 er3 305 "你 ni3, 弥 mi2, 称 cheng1"
307 乐 le4 306 "烁 shuo4, 砾 li4"
308 句 ju4 307 "拘 ju1, 苟 gou3, 狗 gou3, 驹 ju1, 够 gou4"
309 匆 cong1 308 
310 册 ce4 309 "删 shan1, 珊 shan1, 栅 zha4"
311 卯 mao3 310 "柳 liu3, 聊 liao2, 茆 mao2, 峁 mao3"
312 犭 quan3 311 "犯 fan4, 狂 kuang2, 犹 you2, 狈 bei4, 狐 hu2"
313 犯 fan4 312 
314 外 wai4 313 
315 处 chu4 314 
316 冬 dong1 315 "图 tu2, 终 zhong1, 疼 teng2, 佟 tong2, 咚 dong1"
317 鸟 niao3 316 "岛 dao3, 鸡 ji1, 鸣 ming2, 鸥 ou1, 鸦 ya1"
318 务 wu4 317 "雾 wu4"
319 包 bao1 318 "刨 bao4, 抱 bao4, 苞 bao1, 饱 bao3, 泡 pao4"
320 饣 shi2 319 "饥 ji1, 饭 fan4, 饮 yin3, 饰 shi4, 饱 bao3"
321 饥 ji1 320 
322 主 zhu3 321 "住 zhu4, 拄 zhu3, 往 wang3, 注 zhu4, 驻 zhu4"
323 市 shi4 322 "闹 nao4, 柿 shi4"
324 立 li4 323 "位 wei4, 辛 xin1, 垃 la1, 拉 la1, 泣 qi4"
325 冯 feng2 324 
326 玄 xuan2 325 "弦 xian2, 炫 xuan4, 畜 chu4, 率 shuai4"
327 闪 shan3 326 
328 兰 lan2 327 "拦 lan2, 栏 lan2, 烂 lan4"
329 半 ban4 328 "伴 ban4, 判 pan4, 拌 ban4, 绊 ban4, 胖 pang4"
330 氵 shui3 329 "汁 zhi1, 汇 hui4, 汉 han4, 汗 han4, 污 wu1"
331 汁 zhi1 330 
332 汇 hui4 331 "㧟 kuai3"
333 头 tou2 332 "买 mai3, 实 shi2"
334 汉 han4 333 
335 宀 mian2 334 "宁 ning2, 穴 xue2, 它 ta1, 宇 yu3, 守 shou3"
336 宁 ning2 335 "拧 ning2, 狞 ning2, 泞 ning4, 柠 ning2, 咛 ning2"
337 穴 xue2 336 "究 jiu1, 穷 qiong2, 空 kong1, 帘 lian2, 突 tu1"
338 它 ta1 337 "驼 tuo2, 鸵 tuo2, 蛇 she2, 舵 duo4, 佗 tuo2"
339 讨 tao3 338 
340 写 xie3 339 "泻 xie4"
341 让 rang4 340 
342 礼 li3 341 
343 训 xun4 342 
344 议 yi4 343 
345 必 bi4 344 "泌 mi4, 秘 mi4, 瑟 se4, 宓 mi4"
346 讯 xun4 345 
347 记 ji4 346 
348 永 yong3 347 "咏 yong3, 泳 yong3, 脉 mai4, 羕 yang4"
349 司 si1 348 "伺 ci4, 词 ci2, 饲 si4, 祠 ci2"
350 尼 ni2 349 "呢 ni2, 泥 ni2, 妮 ni1, 坭 ni2"
351 民 min2 350 "氓 mang2, 眠 mian2, 抿 min3, 岷 min2"
352 弗 fu2 351 "佛 fo2, 拂 fu2, 沸 fei4, 费 fei4, 茀 fu2"
353 弘 hong2 352 
354 出 chu1 353 "拙 zhuo1, 茁 zhuo2, 咄 duo1, 屈 qu1, 础 chu3"
355 辽 liao2 354 
356 奶 nai3 355 
357 奴 nu2 356 "努 nu3, 怒 nu4, 呶 nao2"
358 召 zhao4 357 "招 zhao1, 沼 zhao3, 迢 tiao2, 绍 shao4, 昭 zhao1"
359 加 jia1 358 "茄 qie2, 咖 ga1, 驾 jia4, 架 jia4, 贺 he4"
360 皮 pi2 359 "坡 po1, 披 pi1, 彼 bi3, 波 bo1, 玻 bo1"
361 边 bian1 360 
362 孕 yun4 361 
363 发 fa1 362 "拨 bo1, 废 fei4, 泼 po1"
364 圣 sheng4 363 "茎 jing1, 怪 guai4"
365 对 dui4 364 "树 shu4"
366 台 tai2 365 "冶 ye3, 抬 tai2, 苔 tai2, 治 zhi4, 怡 yi2"
367 矛 mao2 366 "茅 mao2, 柔 rou2, 矞 yu4"
368 纟 si1 367 "纠 jiu1, 红 hong2, 纤 xian1, 约 yue1, 级 ji2"
369 纠 jiu1 368 
370 母 mu3 369 "每 mei3, 拇 mu3, 姆 mu3, 毒 du2, 呣 m2"
371 幼 you4 370 "拗 ao4, 坳 ao4, 呦 you1"
372 丝 si1 371 "咝 si1"
373 邦 bang1 372 "帮 bang1, 绑 bang3, 梆 bang1"
374 式 shi4 373 "试 shi4, 拭 shi4"
375 迂 yu1 374 
376 刑 xing2 375 "型 xing2"
377 戎 rong2 376 "绒 rong2, 贼 zei2"
378 动 dong4 377 
379 扛 gang1 378 
380 寺 si4 379 "侍 shi4, 诗 shi1, 持 chi2, 待 dai4, 恃 shi4"
381 吉 ji2 380 "洁 jie2, 结 jie2, 桔 jie2, 秸 jie1, 劼 jie2"
382 扣 kou4 381 
383 考 kao3 382 "拷 kao3, 烤 kao3, 铐 kao4"
384 托 tuo1 383 
385 老 lao3 384 "姥 lao3, 佬 lao3, 耆 qi2"
386 巩 gong3 385 "筑 zhu4"
387 圾 ji1 386 
388 执 zhi2 387 "势 shi4, 垫 dian4, 挚 zhi4, 热 re4"
389 扩 kuo4 388 
390 扫 sao3 389 
391 地 di4 390 
392 场 chang3 391 
393 扬 yang2 392 
394 耳 er3 393 "取 qu3, 茸 rong2, 饵 er3, 闻 wen2, 耻 chi3"
395 芋 yu4 394 
396 共 gong4 395 "其 qi2, 供 gong1, 拱 gong3, 巷 xiang4, 哄 hong1"
397 芒 mang2 396 
398 亚 ya4 397 "哑 ya3, 晋 jin4, 恶 e4"
399 芝 zhi1 398 
400 朽 xiu3 399 
401 朴 pu3 400 
402 机 ji1 401 
403 权 quan2 402 
404 过 guo4 403 
405 臣 chen2 404 "卧 wo4, 宦 huan4, 臧 zang1"
406 吏 li4 405 "使 shi3"
407 再 zai4 406 
408 协 xie2 407 
409 西 xi1 408 "酉 you3, 洒 sa3, 栖 qi1, 晒 shai4, 牺 xi1"
410 压 ya1 409 
411 厌 yan4 410 
412 戌 qu5 411 "咸 xian2, 威 wei1"
413 在 zai4 412 "茬 cha2"
414 百 bai3 413 "陌 mo4, 佰 bai3"
415 有 you3 414 "郁 yu4, 肴 yao2, 贿 hui4, 侑 you4"
416 存 cun2 415 "荐 jian4"
417 而 er2 416 "耐 nai4, 耍 shua3, 斋 zhai1, 需 xu1, 耑 duan1"
418 页 ye4 417 "顶 ding3, 顷 qing3, 项 xiang4, 顺 shun4, 须 xu1"
419 匠 jiang4 418 
420 夸 kua1 419 "垮 kua3, 挎 kua4, 跨 kua4, 刳 ku1, 侉 kua3"
421 夺 duo2 420 
422 灰 hui1 421 "恢 hui1, 盔 kui1"
423 达 da2 422 
424 列 lie4 423 "例 li4, 咧 lie3, 烈 lie4, 裂 lie4"
425 死 si3 424 "毙 bi4, 葬 zang4"
426 成 cheng2 425 "诚 cheng2, 城 cheng2, 盛 sheng4"
427 夹 jia1 426 "侠 xia2, 陕 shan3, 挟 xie2, 峡 xia2, 狭 xia2"
428 夷 yi2 427 "姨 yi2, 胰 yi2"
429 轨 gui3 428 
430 邪 xie2 429 
431 尧 yao2 430 "侥 jiao3, 挠 nao2, 饶 rao2, 浇 jiao1, 绕 rao4"
432 划 hua4 431 
433 迈 mai4 432 
434 毕 bi4 433 
435 至 zhi4 434 "到 dao4, 侄 zhi2, 室 shi4, 屋 wu1, 致 zhi4"
436 此 ci3 435 "些 xie1, 柴 chai2, 紫 zi3, 雌 ci2, 觜 zi1"
437 贞 zhen1 436 "侦 zhen1"
438 师 shi1 437 "狮 shi1, 筛 shai1"
439 尘 chen2 438 
440 尖 jian1 439 
441 劣 lie4 440 
442 光 guang1 441 "恍 huang3, 晃 huang4, 辉 hui1, 耀 yao4"
443 当 dang1 442 "挡 dang3, 档 dang4, 铛 cheng1"
444 早 zao3 443 "卓 zhuo2, 草 cao3, 章 zhang1, 覃 qin2"
445 吁 xu1 444 
446 吐 tu3 445 
447 吓 xia4 446 
448 虫 chong2 447 "茧 jian3, 虹 hong2, 虾 xia1, 蚁 yi3, 蚂 ma3"
449 曲 qu3 448 "曹 cao2"
450 团 tuan2 449 
451 吕 lü3 450 "串 chuan4, 侣 lü3, 宫 gong1, 营 ying2, 铝 lü3"
452 同 tong2 451 "洞 dong4, 桐 tong2, 铜 tong2, 筒 tong3, 侗 dong4"
453 吊 diao4 452 
454 吃 chi1 453 
455 因 yin1 454 "茵 yin1, 咽 yan4, 姻 yin1, 恩 en1, 烟 yan1"
456 吸 xi1 455 
457 吗 ma2 456 
458 吆 yao1 457 
459 屿 yu3 458 
460 屹 yi4 459 
461 岁 sui4 460 "秽 hui4, 刿 gui4"
462 帆 fan1 461 
463 回 hui2 462 "徊 huai2, 啬 se4"
464 岂 qi3 463 "凯 kai3, 剀 kai3"
465 则 ze2 464 "厕 ce4, 侧 ce4, 测 ce4"
466 刚 gang1 465 
467 网 wang3 466 
468 肉 rou4 467 "腐 fu3"
469 年 nian2 468 
470 朱 zhu1 469 "珠 zhu1, 株 zhu1, 殊 shu1, 蛛 zhu1, 邾 zhu1"
471 先 xian1 470 "选 xuan3, 洗 xi3, 宪 xian4"
472 丢 diu1 471 
473 廷 ting2 472 "挺 ting3, 庭 ting2, 蜓 ting2, 艇 ting3"
474 舌 she2 473 "乱 luan4, 刮 gua1, 话 hua4, 括 kuo4, 适 shi4"
475 竹 zhu2 474 
476 迁 qian1 475 
477 乔 qiao2 476 "侨 qiao2, 娇 jiao1, 骄 jiao1, 桥 qiao2, 轿 jiao4"
478 迄 qi4 477 
479 韦 wei2 478 "伟 wei3, 讳 hui4, 违 wei2, 韧 ren4, 苇 wei3"
480 伟 wei3 479 
481 传 chuan2 480 
482 乒 ping1 481 
483 乓 pang1 482 
484 休 xiu1 483 
485 伍 wu3 484 
486 伏 fu2 485 "袱 fu2"
487 优 you1 486 
488 臼 jiu4 487 "舀 yao3, 舅 jiu4, 鼠 shu3, 臾 yu2"
489 伐 fa2 488 "阀 fa2, 筏 fa2"
490 延 yan2 489 "诞 dan4, 蜒 yan2"
491 仲 zhong4 490 
492 件 jian4 491 
493 任 ren4 492 "凭 ping2, 赁 lin4"
494 伤 shang1 493 
495 价 jia4 494 
496 伦 lun2 495 
497 份 fen4 496 
498 华 hua2 497 "哗 hua1, 桦 hua4"
499 卬 ang2 498 "仰 yang3, 抑 yi4, 迎 ying2, 昂 ang2"
500 仰 yang3 499 
501 仿 fang3 500 
502 伙 huo3 501 
503 伪 wei3 502 
504 自 zi4 503 "咱 zan2, 臭 chou4, 息 xi1, 鼻 bi2, 瘪 bie3"
505 尹 yin3 504 "伊 yi1, 君 jun1, 笋 sun3"
506 伊 yi1 505 
507 血 xue4 506 "恤 xu4, 衅 xin4"
508 向 xiang4 507 "响 xiang3, 晌 shang3"
509 似 si4 508 
510 后 hou4 509 "垢 gou4"
511 彳 chi4 510 "行 xing2, 彻 che4, 役 yi4, 征 zheng1, 往 wang3"
512 亍 chu4 511 "行 xing2"
513 行 xing2 512 "衍 yan3, 衔 xian2, 街 jie1, 衙 ya2, 衡 heng2"
514 舟 zhou1 513 "舰 jian4, 舱 cang1, 般 ban1, 航 hang2, 盘 pan2"
515 全 quan2 514 "拴 shuan1, 栓 shuan1, 痊 quan2"
516 会 hui4 515 "绘 hui4, 侩 kuai4"
517 杀 sha1 516 
518 合 he2 517 "拾 shi2, 哈 ha1, 洽 qia4, 恰 qia4, 给 gei3"
519 兆 zhao4 518 "挑 tiao3, 逃 tao2, 姚 yao2, 桃 tao2, 跳 tiao4"
520 企 qi3 519 
521 众 zhong4 520 
522 爷 ye2 521 
523 伞 san3 522 
524 创 chuang4 523 
525 肌 ji1 524 
526 肋 lei4 525 "筋 jin1"
527 朵 duo3 526 "垛 duo3, 跺 duo4, 躲 duo3"
528 杂 za2 527 
529 危 wei1 528 "诡 gui3, 脆 cui4, 跪 gui4"
530 旬 xun2 529 "询 xun2, 绚 xuan4, 殉 xun4"
531 旨 zhi3 530 "指 zhi3, 脂 zhi1, 稽 ji1"
532 旭 xu4 531 
533 负 fu4 532 "赖 lai4"
534 匈 xiong1 533 "胸 xiong1"
535 名 ming2 534 "铭 ming2"
536 各 ge4 535 "阁 ge2, 洛 luo4, 客 ke4, 骆 luo4, 络 luo4"
537 多 duo1 536 "侈 chi3, 哆 duo1, 爹 die1, 移 yi2, 够 gou4"
538 争 zheng1 537 "净 jing4, 狰 zheng1, 睁 zheng1, 筝 zheng1, 静 jing4"
539 色 se4 538 "绝 jue2, 艳 yan4"
540 壮 zhuang4 539 "装 zhuang1"
541 冲 chong1 540 
542 妆 zhuang1 541 
543 冰 bing1 542 
544 庄 zhuang1 543 "桩 zhuang1, 赃 zang1, 脏 zang1"
545 庆 qing4 544 
546 亦 yi4 545 "迹 ji4"
547 刘 liu2 546 "浏 liu2"
548 齐 qi2 547 "剂 ji4, 挤 ji3, 济 ji4, 脐 qi2"
549 交 jiao1 548 "郊 jiao1, 咬 yao3, 狡 jiao3, 饺 jiao3, 绞 jiao3"
550 衣 yi1 549 "依 yi1, 衰 shuai1, 衷 zhong1, 袭 xi2, 袋 dai4"
551 次 ci4 550 "咨 zi1, 姿 zi1, 瓷 ci2, 资 zi1, 盗 dao4"
552 产 chan3 551 "萨 sa4, 铲 chan3, 彦 yan4"
553 夬 guai4 552 "决 jue2, 诀 jue2, 块 kuai4, 快 kuai4, 缺 que1"
554 决 jue2 553 
555 亥 hai4 554 "刻 ke4, 该 gai1, 咳 ke2, 孩 hai2, 骇 hai4"
556 充 chong1 555 "统 tong3"
557 妄 wang4 556 
558 闭 bi4 557 
559 问 wen4 558 
560 闯 chuang3 559 
561 羊 yang2 560 "详 xiang2, 洋 yang2, 样 yang4, 氧 yang3, 祥 xiang2"
562 并 bing4 561 "拼 pin1, 饼 bing3, 屏 ping2, 瓶 ping2"
563 关 guan1 562 "郑 zheng4, 送 song4, 联 lian2"
564 米 mi3 563 "咪 mi1, 类 lei4, 迷 mi2, 籽 zi3, 娄 lou2"
565 灯 deng1 564 
566 州 zhou1 565 "洲 zhou1, 酬 chou2"
567 汗 han4 566 
568 污 wu1 567 
569 江 jiang1 568 "鸿 hong2"
570 汛 xun4 569 
571 池 chi2 570 
572 汝 ru3 571 
573 汤 tang1 572 "荡 dang4, 烫 tang4"
574 忙 mang2 573 
575 兴 xing1 574 "举 ju3, 誉 yu4"
576 宇 yu3 575 
577 守 shou3 576 
578 宅 zhai2 577 
579 字 zi4 578 
580 安 an1 579 "按 an4, 氨 an1, 案 an4, 鞍 an1"
581 讲 jiang3 580 
582 讳 hui4 581 
583 军 jun1 582 "挥 hui1, 荤 hun1, 浑 hun2, 晕 yun1, 辉 hui1"
584 讶 ya4 583 
585 许 xu3 584 
586 讹 e2 585 
587 论 lun4 586 
588 讼 song4 587 
589 农 nong2 588 "浓 nong2, 脓 nong2"
590 讽 feng3 589 
591 殳 shu1 590 "设 she4, 投 tou2, 役 yi4, 没 mei2, 殴 ou1"
592 设 she4 591 
593 访 fang3 592 
594 诀 jue2 593 
595 寻 xun2 594 
596 那 na4 595 "挪 nuo2, 哪 na3, 娜 na4"
597 迅 xun4 596 
598 尽 jin4 597 
599 导 dao3 598 
600 异 yi4 599 
601 弛 chi2 600 
602 孙 sun1 601 "逊 xun4"
603 阵 zhen4 602 
604 阳 yang2 603 
605 攵 pu1 604 "收 shou1, 攻 gong1, 改 gai3, 玫 mei2, 枚 mei2"
606 收 shou1 605 
607 阶 jie1 606 
608 阴 yin1 607 "荫 yin1"
609 防 fang2 608 
610 奸 jian1 609 
611 如 ru2 610 "恕 shu4, 絮 xu4"
612 妇 fu4 611 
613 妃 fei1 612 
614 好 hao3 613 
615 她 ta1 614 
616 妈 ma1 615 
617 戏 xi4 616 
618 羽 yu3 617 "翅 chi4, 翁 weng1, 扇 shan4, 翘 qiao4, 翔 xiang2"
619 观 guan1 618 
620 欢 huan1 619 
621 买 mai3 620 "卖 mai4"
622 红 hong2 621 
623 驮 duo4 622 
624 纤 xian1 623 
625 驯 xun4 624 
626 约 yue1 625 "药 yao4, 哟 yo1"
627 级 ji2 626 
628 纪 ji4 627 
629 驰 chi2 628 
630 纫 ren4 629 
631 巡 xun2 630 
632 寿 shou4 631 "涛 tao1, 祷 dao3, 畴 chou2, 铸 zhu4, 筹 chou2"
633 弄 nong4 632 
634 麦 mai4 633 
635 玖 jiu3 634 
636 玛 ma3 635 
637 彡 shan1 636 "形 xing2, 杉 shan1, 彤 tong2, 衫 shan1, 参 can1"
638 形 xing2 637 
639 进 jin4 638 
640 戒 jie4 639 "诫 jie4, 械 xie4"
641 吞 tun1 640 
642 远 yuan3 641 
643 违 wei2 642 
644 韧 ren4 643 
645 运 yun4 644 
646 扶 fu2 645 
647 抚 fu3 646 
648 坛 tan2 647 
649 技 ji4 648 
650 坏 huai4 649 
651 抠 kou1 650 
652 扰 rao3 651 
653 厄 e4 652 "扼 e4, 顾 gu4, 呃 e4, 轭 e4"
654 扼 e4 653 
655 拒 ju4 654 
656 找 zhao3 655 
657 批 pi1 656 
658 址 zhi3 657 
659 扯 che3 658 
660 走 zou3 659 "赴 fu4, 赵 zhao4, 陡 dou3, 赶 gan3, 起 qi3"
661 抄 chao1 660 
662 贡 gong4 661 "赣 gan4"
663 汞 gong3 662 
664 坝 ba4 663 
665 攻 gong1 664 
666 赤 chi4 665 "赦 she4, 赫 he4"
667 折 zhe2 666 "哲 zhe2, 逝 shi4, 浙 zhe4, 誓 shi4"
668 抓 zhua1 667 
669 扳 ban1 668 
670 抡 lun1 669 
671 扮 ban4 670 
672 抢 qiang3 671 
673 孝 xiao4 672 "哮 xiao4, 教 jiao4, 酵 jiao4"
674 坎 kan3 673 
675 均 jun1 674 
676 抑 yi4 675 
677 抛 pao1 676 
678 投 tou2 677 
679 坟 fen2 678 
680 坑 keng1 679 
681 抗 kang4 680 
682 坊 fang1 681 
683 抖 dou3 682 
684 护 hu4 683 
685 壳 ke2 684 
686 志 zhi4 685 
687 块 kuai4 686 
688 扭 niu3 687 
689 声 sheng1 688 
690 把 ba3 689 
691 报 bao4 690 
692 拟 ni3 691 
693 却 que4 692 "脚 jiao3"
694 抒 shu1 693 
695 劫 jie2 694 
696 芙 fu2 695 
697 芜 wu2 696 
698 苇 wei3 697 
699 芽 ya2 698 
700 花 hua1 699 
701 芹 qin2 700 
702 芥 jie4 701 
703 芬 fen1 702 
704 苍 cang1 703 
705 芳 fang1 704 
706 严 yan2 705 
707 芦 lu2 706 
708 芯 xin1 707 
709 劳 lao2 708 "捞 lao1, 唠 lao2, 涝 lao4"
710 克 ke4 709 "兢 jing1"
711 芭 ba1 710 
712 苏 su1 711 
713 杆 gan1 712 
714 杠 gang4 713 
715 杜 du4 714 
716 材 cai2 715 
717 村 cun1 716 
718 杖 zhang4 717 
719 杏 xing4 718 
720 杉 shan1 719 
721 巫 wu1 720 "诬 wu1"
722 极 ji2 721 
723 李 li3 722 
724 杨 yang2 723 
725 求 qiu2 724 "球 qiu2, 救 jiu4"
726 甫 fu3 725 "捕 bu3, 哺 bu3, 圃 pu3, 浦 pu3, 辅 fu3"
727 匣 xia2 726 
728 更 geng1 727 "便 bian4, 埂 geng3, 梗 geng3, 硬 ying4"
729 束 shu4 728 "柬 jian3, 速 su4, 赖 lai4, 辣 la4, 剌 la4"
730 吾 wu2 729 "语 yu3, 捂 wu3, 悟 wu4, 梧 wu2, 衙 ya2"
731 豆 dou4 730 "逗 dou4, 壹 yi1, 短 duan3, 痘 dou4, 登 deng1"
732 两 liang3 731 "俩 lia3, 辆 liang4, 𬜯 liang3"
733 酉 you3 732 "酌 zhuo2, 配 pei4, 酒 jiu3, 酝 yun4, 酗 xu4"
734 丽 li4 733 
735 医 yi1 734 
736 辰 chen2 735 "振 zhen4, 辱 ru3, 唇 chun2, 晨 chen2, 震 zhen4"
737 励 li4 736 
738 否 fou3 737 
739 还 huan2 738 
740 尬 ga4 739 
741 歼 jian1 740 
742 来 lai2 741 "莱 lai2, 睐 lai4"
743 连 lian2 742 "莲 lian2, 链 lian4"
744 轩 xuan1 743 
745 步 bu4 744 "涉 she4, 频 pin2"
746 卤 lu3 745 
747 坚 jian1 746 
748 肖 xiao4 747 "削 xue1, 俏 qiao4, 捎 shao1, 哨 shao4, 峭 qiao4"
749 旱 han4 748 "捍 han4, 悍 han4, 焊 han4"
750 盯 ding1 749 
751 呈 cheng2 750 "逞 cheng3, 程 cheng2"
752 时 shi2 751 
753 吴 wu2 752 "误 wu4, 娱 yu2"
754 助 zhu4 753 "锄 chu2"
755 县 xian4 754 "悬 xuan2"
756 里 li3 755 "厘 li2, 重 zhong4, 埋 mai2, 哩 li1, 狸 li2"
757 呆 dai1 756 "保 bao3"
758 吱 zhi1 757 
759 吠 fei4 758 
760 呕 ou3 759 
761 园 yuan2 760 
762 旷 kuang4 761 
763 围 wei2 762 
764 呀 ya1 763 
765 吨 dun1 764 
766 足 zu2 765 "促 cu4, 捉 zhuo1"
767 邮 you2 766 
768 男 nan2 767 "甥 sheng1, 舅 jiu4"
769 困 kun4 768 "捆 kun3"
770 吵 chao3 769 
771 串 chuan4 770 "患 huan4, 窜 cuan4"
772 员 yuan2 771 "勋 xun1, 陨 yun3, 损 sun3, 圆 yuan2"
773 呐 na4 772 
774 听 ting1 773 
775 吟 yin2 774 
776 吩 fen1 775 
777 呛 qiang1 776 
778 吻 wen3 777 
779 吹 chui1 778 
780 呜 wu1 779 
781 吭 keng1 780 
782 吧 ba1 781 
783 邑 yi4 782 
784 吼 hou3 783 
785 囤 dun4 784 
786 别 bie2 785 "捌 ba1"
787 吮 shun3 786 
788 岖 qu1 787 
789 岗 gang3 788 
790 帐 zhang4 789 
791 财 cai2 790 
792 钅 jin1 791 "针 zhen1, 钉 ding1, 钓 diao4, 钙 gai4, 钝 dun4"
793 针 zhen1 792 
794 钉 ding1 793 
795 牡 mu3 794 
796 告 gao4 795 "造 zao4, 浩 hao4, 皓 hao4, 窖 jiao4, 酷 ku4"
797 我 wo3 796 "俄 e2, 哦 e2, 峨 e2, 饿 e4, 娥 e2"
798 乱 luan4 797 
799 利 li4 798 "俐 li4, 莉 li4, 梨 li2, 犁 li2, 痢 li4"
800 秃 tu1 799 "颓 tui2"
801 秀 xiu4 800 "诱 you4, 透 tou4, 绣 xiu4, 锈 xiu4"
802 私 si1 801 
803 每 mei3 802 "侮 wu3, 诲 hui4, 海 hai3, 悔 hui3, 梅 mei2"
804 兵 bing1 803 "宾 bin1"
805 估 gu1 804 
806 体 ti3 805 
807 何 he2 806 "荷 he2"
808 佐 zuo3 807 
809 佑 you4 808 
810 但 dan4 809 
811 伸 shen1 810 
812 佃 dian4 811 
813 作 zuo4 812 
814 伯 bo2 813 
815 伶 ling2 814 
816 佣 yong1 815 
817 氐 di1 816 "低 di1, 抵 di3, 底 di3, 邸 di3, 诋 di3"
818 低 di1 817 
819 你 ni3 818 "您 nin2"
820 住 zhu4 819 
821 位 wei4 820 
822 伴 ban4 821 
823 身 shen1 822 "射 she4, 躬 gong1, 躯 qu1, 躲 duo3, 躺 tang3"
824 皂 zao4 823 
825 伺 ci4 824 
826 佛 fo2 825 
827 囱 cong1 826 "窗 chuang1"
828 近 jin4 827 
829 彻 che4 828 
830 役 yi4 829 
831 返 fan3 830 
832 余 yu2 831 "叙 xu4, 除 chu2, 徐 xu2, 途 tu2, 涂 tu2"
833 希 xi1 832 "稀 xi1"
834 坐 zuo4 833 "挫 cuo4, 座 zuo4"
835 谷 gu3 834 "俗 su2, 浴 yu4, 容 rong2, 欲 yu4, 裕 yu4"
836 妥 tuo3 835 "馁 nei3"
837 含 han2 836 
838 邻 lin2 837 
839 岔 cha4 838 
840 肝 gan1 839 
841 肛 gang1 840 
842 肚 du4 841 
843 肘 zhou3 842 
844 肠 chang2 843 
845 龟 gui1 844 
846 甸 dian4 845 
847 免 mian3 846 "兔 tu4, 勉 mian3, 挽 wan3, 晚 wan3"
848 狂 kuang2 847 "逛 guang4"
849 犹 you2 848 
850 狈 bei4 849 
851 角 jiao3 850 "确 que4, 触 chu4, 解 jie3, 觜 zi1"
852 删 shan1 851 
853 条 tiao2 852 "涤 di2"
854 彤 tong2 853 
855 卵 luan3 854 "孵 fu1"
856 灸 jiu3 855 
857 岛 dao3 856 "捣 dao3"
858 刨 bao4 857 
859 迎 ying2 858 
860 饭 fan4 859 
861 饮 yin3 860 
862 系 xi4 861 "徽 hui1"
863 言 yan2 862 "信 xin4, 唁 yan4, 誊 teng2, 誉 yu4, 誓 shi4"
864 冻 dong4 863 
865 状 zhuang4 864 
866 亩 mu3 865 
867 况 kuang4 866 
868 床 chuang2 867 
869 库 ku4 868 "裤 ku4"
870 庇 bi4 869 
871 疗 liao2 870 
872 吝 lin4 871 
873 应 ying4 872 
874 这 zhe4 873 
875 冷 leng3 874 
876 庐 lu2 875 
877 序 xu4 876 
878 辛 xin1 877 "宰 zai3, 辜 gu1, 锌 xin1, 辞 ci2, 辟 pi4"
879 弃 qi4 878 
880 冶 ye3 879 
881 忘 wang4 880 
882 闰 run4 881 "润 run4"
883 闲 xian2 882 
884 间 jian1 883 "涧 jian4, 简 jian3"
885 闷 men4 884 
886 判 pan4 885 
887 兑 dui4 886 "说 shuo1, 阅 yue4, 悦 yue4, 脱 tuo1, 锐 rui4"
888 灶 zao4 887 
889 灿 can4 888 
890 灼 zhuo2 889 
891 弟 di4 890 "剃 ti4, 递 di4, 涕 ti4, 梯 ti1"
892 汪 wang1 891 
893 沐 mu4 892 
894 沛 pei4 893 
895 汰 tai4 894 
896 沥 li4 895 
897 沙 sha1 896 "鲨 sha1"
898 汽 qi4 897 
899 沃 wo4 898 
900 沦 lun2 899 
901 汹 xiong1 900 
902 泛 fan4 901 
903 沧 cang1 902 
904 没 mei2 903 
905 沟 gou1 904 
906 沪 hu4 905 
907 沈 shen3 906 
908 沉 chen2 907 
909 沁 qin4 908 
910 怀 huai2 909 
911 忧 you1 910 
912 忱 chen2 911 
913 快 kuai4 912 "筷 kuai4"
914 完 wan2 913 "院 yuan4, 皖 wan3"
915 宋 song4 914 
916 宏 hong2 915 
917 牢 lao2 916 
918 究 jiu1 917 
919 穷 qiong2 918 
920 灾 zai1 919 
921 艮 gen3 920 "良 liang2, 限 xian4, 艰 jian1, 很 hen3, 狠 hen3"
922 良 liang2 921 "郎 lang2, 食 shi2, 狼 lang2, 浪 lang4, 朗 lang3"
923 证 zheng4 922 
924 启 qi3 923 
925 评 ping2 924 
926 衤 yi1 925 "补 bu3, 初 chu1, 衬 chen4, 衫 shan1, 袄 ao3"
927 补 bu3 926 
928 初 chu1 927 
929 社 she4 928 
930 祀 si4 929 
931 识 shi2 930 
932 诈 zha4 931 
933 诉 su4 932 
934 罕 han3 933 
935 诊 zhen3 934 
936 词 ci2 935 
937 译 yi4 936 
938 君 jun1 937 "窘 jiong3, 裙 qun2, 群 qun2"
939 灵 ling2 938 
940 即 ji2 939 "唧 ji1, 卿 qing1, 鲫 ji4"
941 层 ceng2 940 
942 屁 pi4 941 
943 尿 niao4 942 
944 尾 wei3 943 
945 迟 chi2 944 
946 局 ju2 945 
947 改 gai3 946 
948 张 zhang1 947 "涨 zhang3"
949 忌 ji4 948 
950 际 ji4 949 
951 陆 lu4 950 
952 阿 a1 951 "啊 a1"
953 陈 chen2 952 
954 阻 zu3 953 
955 附 fu4 954 
956 坠 zhui4 955 
957 妓 ji4 956 
958 妙 miao4 957 
959 妖 yao1 958 
960 姊 zi3 959 
961 妨 fang2 960 
962 妒 du4 961 
963 努 nu3 962 
964 忍 ren3 963 
965 劲 jin4 964 
966 矣 yi3 965 "埃 ai1, 挨 ai1, 唉 ai1"
967 鸡 ji1 966 
968 纬 wei3 967 
969 驱 qu1 968 
970 纯 chun2 969 
971 纱 sha1 970 
972 纲 gang1 971 
973 纳 na4 972 
974 爻 yao2 973 "驳 bo2"
975 驳 bo2 974 
976 纵 zong4 975 
977 纷 fen1 976 
978 纸 zhi3 977 
979 纹 wen2 978 
980 纺 fang3 979 
981 驴 lü2 980 
982 纽 niu3 981 
983 奉 feng4 982 "捧 peng3, 棒 bang4"
984 玩 wan2 983 
985 环 huan2 984 
986 武 wu3 985 "赋 fu4, 斌 bin1, 鹉 wu3"
987 青 qing1 986 "请 qing3, 猜 cai1, 清 qing1, 情 qing2, 晴 qing2"
988 责 ze2 987 "债 zhai4, 绩 ji4"
989 现 xian4 988 
990 玫 mei2 989 
991 表 biao3 990 
992 规 gui1 991 "窥 kui1"
993 抹 mo3 992 
994 圭 gui1 993 "卦 gua4, 佳 jia1, 挂 gua4, 封 feng1, 哇 wa1"
995 卦 gua4 994 "褂 gua4"
996 坷 ke1 995 
997 丕 pi1 996 "坯 pi1, 胚 pei1, 邳 pi1, 苤 pie3, 呸 pei1"
998 坯 pi1 997 
999 拓 tuo4 998 
1000 拢 long3 999 
1001 拔 ba2 1000 
1002 坪 ping2 1001 
1003 拣 jian3 1002 
1004 坦 tan3 1003 
1005 担 dan1 1004 
1006 坤 kun1 1005 
1007 押 ya1 1006 
1008 抽 chou1 1007 
1009 拐 guai3 1008 
1010 拖 tuo1 1009 
1011 者 zhe3 1010 "都 du1, 诸 zhu1, 堵 du3, 著 zhu4, 奢 she1"
1012 拍 pai1 1011 "啪 pa1"
1013 顶 ding3 1012 
1014 拆 chai1 1013 
1015 拎 lin1 1014 
1016 拥 yong1 1015 
1017 抵 di3 1016 
1018 拘 ju1 1017 
1019 势 shi4 1018 
1020 抱 bao4 1019 
1021 拄 zhu3 1020 
1022 垃 la1 1021 
1023 拉 la1 1022 "啦 la1"
1024 拦 lan2 1023 
1025 幸 xing4 1024 
1026 拌 ban4 1025 
1027 拧 ning2 1026 
1028 拂 fu2 1027 
1029 拙 zhuo1 1028 
1030 招 zhao1 1029 
1031 坡 po1 1030 
1032 披 pi1 1031 
1033 拨 bo1 1032 
1034 择 ze2 1033 
1035 抬 tai2 1034 
1036 拇 mu3 1035 
1037 拗 ao4 1036 
1038 其 qi2 1037 "基 ji1, 斯 si1, 期 qi1, 欺 qi1, 棋 qi2"
1039 取 qu3 1038 "娶 qu3, 最 zui4, 聚 ju4, 趣 qu4"
1040 茉 mo4 1039 
1041 苦 ku3 1040 
1042 昔 xi1 1041 "借 jie4, 措 cuo4, 猎 lie4, 惜 xi1, 腊 la4"
1043 苛 ke1 1042 
1044 若 ruo4 1043 "匿 ni4, 诺 nuo4, 惹 re3"
1045 茂 mao4 1044 
1046 苹 ping2 1045 
1047 苗 miao2 1046 "描 miao2, 猫 mao1, 瞄 miao2, 锚 mao2"
1048 英 ying1 1047 
1049 苟 gou3 1048 "敬 jing4"
1050 苑 yuan4 1049 
1051 苞 bao1 1050 
1052 氾 fan2 1051 "范 fan4"
1053 范 fan4 1052 
1054 直 zhi2 1053 "值 zhi2, 植 zhi2, 殖 zhi2, 置 zhi4, 矗 chu4"
1055 茁 zhuo2 1054 
1056 茄 qie2 1055 
1057 茎 jing1 1056 
1058 苔 tai2 1057 
1059 茅 mao2 1058 
1060 枉 wang3 1059 
1061 林 lin2 1060 "彬 bin1, 梦 meng4, 婪 lan2, 麻 ma2, 淋 lin2"
1062 枝 zhi1 1061 
1063 杯 bei1 1062 
1064 枢 shu1 1063 
1065 柜 gui4 1064 
1066 枚 mei2 1065 
1067 析 xi1 1066 "晰 xi1"
1068 板 ban3 1067 
1069 松 song1 1068 
1070 枪 qiang1 1069 
1071 枫 feng1 1070 
1072 构 gou4 1071 
1073 杭 hang2 1072 
1074 灬 huo3 1073 "杰 jie2, 点 dian3, 热 re4, 烈 lie4, 羔 gao1"
1075 杰 jie2 1074 
1076 述 shu4 1075 
1077 枕 zhen3 1076 
1078 丧 sang4 1077 
1079 或 huo4 1078 "域 yu4, 惑 huo4"
1080 画 hua4 1079 
1081 卧 wo4 1080 
1082 事 shi4 1081 
1083 刺 ci4 1082 
1084 枣 zao3 1083 
1085 雨 yu3 1084 "雾 wu4, 雹 bao2, 霄 xiao1, 霎 sha4, 霜 shuang1"
1086 卖 mai4 1085 "读 du2, 续 xu4, 赎 shu2"
1087 郁 yu4 1086 
1088 矾 fan2 1087 
1089 矿 kuang4 1088 
1090 码 ma3 1089 
1091 厕 ce4 1090 
1092 奈 nai4 1091 "捺 na4"
1093 奔 ben1 1092 
1094 奇 qi2 1093 "倚 yi3, 崎 qi2, 寄 ji4, 骑 qi2, 椅 yi3"
1095 奋 fen4 1094 
1096 态 tai4 1095 
1097 欧 ou1 1096 
1098 殴 ou1 1097 
1099 垄 long3 1098 
1100 妻 qi1 1099 "凄 qi1"
1101 轰 hong1 1100 
1102 顷 qing3 1101 "倾 qing1"
1103 转 zhuan3 1102 
1104 斩 zhan3 1103 "崭 zhan3, 渐 jian4, 暂 zan4"
1105 轮 lun2 1104 
1106 软 ruan3 1105 
1107 到 dao4 1106 "倒 dao3"
1108 非 fei1 1107 "韭 jiu3, 匪 fei3, 诽 fei3, 排 pai2, 菲 fei1"
1109 叔 shu1 1108 "淑 shu1, 寂 ji4, 椒 jiao1, 督 du1"
1110 歧 qi2 1109 
1111 肯 ken3 1110 "啃 ken3"
1112 齿 chi3 1111 "龄 ling2"
1113 些 xie1 1112 
1114 卓 zhuo2 1113 "掉 diao4, 悼 dao4, 绰 chuo4, 罩 zhao4"
1115 虎 hu3 1114 "彪 biao1, 唬 hu3"
1116 虏 lu3 1115 
1117 肾 shen4 1116 
1118 贤 xian2 1117 
1119 尚 shang4 1118 "倘 tang3, 淌 tang3, 敞 chang3, 趟 tang4, 躺 tang3"
1120 旺 wang4 1119 
1121 具 ju4 1120 "真 zhen1, 俱 ju4, 惧 ju4"
1122 味 wei4 1121 
1123 果 guo3 1122 "课 ke4, 巢 chao2, 棵 ke1, 裸 luo3, 颗 ke1"
1124 昆 kun1 1123 "混 hun4, 棍 gun4"
1125 国 guo2 1124 
1126 哎 ai1 1125 
1127 咕 gu1 1126 
1128 昌 chang1 1127 "倡 chang4, 唱 chang4, 猖 chang1"
1129 呵 he1 1128 
1130 畅 chang4 1129 
1131 明 ming2 1130 "萌 meng2, 盟 meng2"
1132 易 yi4 1131 "剔 ti1, 惕 ti4, 赐 ci4, 锡 xi1, 踢 ti1"
1133 咙 long2 1132 
1134 昂 ang2 1133 
1135 迪 di2 1134 
1136 典 dian3 1135 "碘 dian3"
1137 固 gu4 1136 
1138 忠 zhong1 1137 
1139 呻 shen1 1138 
1140 咒 zhou4 1139 
1141 咋 za3 1140 
1142 咐 fu4 1141 
1143 呼 hu1 1142 
1144 鸣 ming2 1143 
1145 咏 yong3 1144 
1146 呢 ni2 1145 
1147 咄 duo1 1146 
1148 咖 ga1 1147 
1149 岸 an4 1148 
1150 岩 yan2 1149 
1151 帖 tie3 1150 
1152 罗 luo2 1151 "萝 luo2, 啰 luo1, 逻 luo2, 锣 luo2, 箩 luo2"
1153 帜 zhi4 1152 
1154 帕 pa4 1153 
1155 岭 ling3 1154 
1156 凯 kai3 1155 
1157 败 bai4 1156 
1158 账 zhang4 1157 
1159 贩 fan4 1158 
1160 贬 bian3 1159 
1161 购 gou4 1160 
1162 贮 zhu4 1161 
1163 图 tu2 1162 
1164 钓 diao4 1163 
1165 制 zhi4 1164 
1166 知 zhi1 1165 "智 zhi4, 痴 chi1, 蜘 zhi1"
1167 迭 die2 1166 
1168 氛 fen1 1167 
1169 垂 chui2 1168 "捶 chui2, 唾 tuo4, 睡 shui4, 锤 chui2"
1170 牧 mu4 1169 
1171 物 wu4 1170 
1172 乖 guai1 1171 
1173 刮 gua1 1172 
1174 秆 gan3 1173 
1175 和 he2 1174 
1176 季 ji4 1175 
1177 委 wei3 1176 "萎 wei3, 矮 ai3, 魏 wei4"
1178 秉 bing3 1177 
1179 佳 jia1 1178 
1180 侍 shi4 1179 
1181 岳 yue4 1180 
1182 供 gong1 1181 
1183 使 shi3 1182 
1184 例 li4 1183 
1185 侠 xia2 1184 
1186 侥 jiao3 1185 
1187 版 ban3 1186 
1188 侄 zhi2 1187 
1189 侦 zhen1 1188 
1190 侣 lü3 1189 
1191 侧 ce4 1190 
1192 凭 ping2 1191 
1193 侨 qiao2 1192 
1194 佩 pei4 1193 
1195 货 huo4 1194 
1196 侈 chi3 1195 
1197 依 yi1 1196 
1198 卑 bei1 1197 "啤 pi2, 牌 pai2, 脾 pi2, 碑 bei1"
1199 的 de5 1198 
1200 迫 po4 1199 
1201 质 zhi4 1200 
1202 欣 xin1 1201 "掀 xian1"
1203 征 zheng1 1202 "惩 cheng2"
1204 往 wang3 1203 
1205 爬 pa2 1204 
1206 彼 bi3 1205 
1207 径 jing4 1206 
1208 所 suo3 1207 
1209 舍 she3 1208 "啥 sha2, 舒 shu1"
1210 金 jin1 1209 "鉴 jian4"
1211 刹 sha1 1210 
1212 命 ming4 1211 
1213 肴 yao2 1212 "淆 xiao2"
1214 斧 fu3 1213 
1215 爸 ba4 1214 
1216 采 cai3 1215 "菜 cai4, 彩 cai3, 睬 cai3, 踩 cai3"
1217 觅 mi4 1216 
1218 受 shou4 1217 "授 shou4"
1219 孚 fu2 1218 "乳 ru3, 俘 fu2, 浮 fu2, 孵 fu1"
1220 乳 ru3 1219 
1221 贪 tan1 1220 
1222 念 nian4 1221 "捻 nian3"
1223 贫 pin2 1222 
1224 忿 fen4 1223 
1225 肤 fu1 1224 
1226 肺 fei4 1225 
1227 肢 zhi1 1226 
1228 肿 zhong3 1227 
1229 胀 zhang4 1228 
1230 朋 peng2 1229 "崩 beng1, 绷 beng1, 棚 peng2, 鹏 peng2"
1231 股 gu3 1230 
1232 肮 ang1 1231 
1233 肪 fang2 1232 
1234 肥 fei2 1233 
1235 服 fu2 1234 
1236 胁 xie2 1235 
1237 周 zhou1 1236 "调 diao4, 绸 chou2, 稠 chou2, 雕 diao1"
1238 昏 hun1 1237 "婚 hun1"
1239 鱼 yu2 1238 "渔 yu2, 鲁 lu3, 鲍 bao4, 鲜 xian1, 鲤 li3"
1240 兔 tu4 1239 "冤 yuan1, 逸 yi4"
1241 狐 hu2 1240 
1242 忽 hu1 1241 
1243 狗 gou3 1242 
1244 狞 ning2 1243 
1245 备 bei4 1244 
1246 饰 shi4 1245 
1247 饱 bao3 1246 
1248 饲 si4 1247 
1249 变 bian4 1248 
1250 京 jing1 1249 "凉 liang2, 谅 liang4, 掠 lüe4, 惊 jing1, 琼 qiong2"
1251 享 xiang3 1250 "郭 guo1, 谆 zhun1, 淳 chun2, 敦 dun1, 醇 chun2"
1252 庞 pang2 1251 
1253 店 dian4 1252 "掂 dian1, 惦 dian4"
1254 夜 ye4 1253 "液 ye4, 腋 ye4"
1255 庙 miao4 1254 
1256 府 fu3 1255 "俯 fu3, 腐 fu3"
1257 底 di3 1256 
1258 疟 nüe4 1257 
1259 疙 ge1 1258 
1260 疚 jiu4 1259 
1261 剂 ji4 1260 
1262 卒 zu2 1261 "悴 cui4, 碎 sui4, 粹 cui4, 翠 cui4, 醉 zui4"
1263 郊 jiao1 1262 
1264 庚 geng1 1263 
1265 废 fei4 1264 
1266 净 jing4 1265 
1267 盲 mang2 1266 
1268 放 fang4 1267 
1269 刻 ke4 1268 
1270 育 yu4 1269 "撤 che4, 澈 che4, 辙 zhe2"
1271 氓 mang2 1270 
1272 闸 zha2 1271 
1273 闹 nao4 1272 
1274 郑 zheng4 1273 "掷 zhi4"
1275 券 quan4 1274 
1276 卷 juan3 1275 "倦 juan4, 圈 quan1"
1277 单 dan1 1276 "阐 chan3, 弹 dan4, 蝉 chan2"
1278 炬 ju4 1277 
1279 炒 chao3 1278 
1280 炊 chui1 1279 
1281 炕 kang4 1280 
1282 炎 yan2 1281 "谈 tan2, 淡 dan4, 氮 dan4, 毯 tan3, 痰 tan2"
1283 炉 lu2 1282 
1284 沫 mo4 1283 
1285 戋 jian1 1284 "浅 qian3, 线 xian4, 栈 zhan4, 残 can2, 贱 jian4"
1286 浅 qian3 1285 
1287 法 fa3 1286 
1288 泄 xie4 1287 
1289 沽 gu1 1288 
1290 河 he2 1289 
1291 沾 zhan1 1290 
1292 泪 lei4 1291 
1293 沮 ju3 1292 
1294 油 you2 1293 
1295 泊 bo2 1294 
1296 沿 yan2 1295 
1297 泡 pao4 1296 
1298 注 zhu4 1297 
1299 泣 qi4 1298 
1300 泞 ning4 1299 
1301 泻 xie4 1300 
1302 泌 mi4 1301 
1303 泳 yong3 1302 
1304 泥 ni2 1303 
1305 沸 fei4 1304 
1306 沼 zhao3 1305 
1307 波 bo1 1306 "菠 bo1, 婆 po2"
1308 泼 po1 1307 
1309 泽 ze2 1308 
1310 治 zhi4 1309 
1311 怔 zheng4 1310 
1312 怯 qie4 1311 
1313 怖 bu4 1312 
1314 性 xing4 1313 
1315 怕 pa4 1314 
1316 怜 lian2 1315 
1317 怪 guai4 1316 
1318 怡 yi2 1317 
1319 学 xue2 1318 
1320 宝 bao3 1319 
1321 宗 zong1 1320 "崇 chong2, 综 zong1, 棕 zong1, 踪 zong1"
1322 定 ding4 1321 "淀 dian4, 绽 zhan4"
1323 宠 chong3 1322 
1324 宜 yi2 1323 "谊 yi4"
1325 审 shen3 1324 "婶 shen3"
1326 宙 zhou4 1325 
1327 官 guan1 1326 "馆 guan3, 棺 guan1, 管 guan3"
1328 空 kong1 1327 "控 kong4, 腔 qiang1"
1329 帘 lian2 1328 
1330 宛 wan3 1329 "惋 wan3, 婉 wan3, 腕 wan4, 碗 wan3, 豌 wan1"
1331 实 shi2 1330 
1332 试 shi4 1331 
1333 郎 lang2 1332 "廊 lang2, 榔 lang2"
1334 诗 shi1 1333 
1335 肩 jian1 1334 
1336 房 fang2 1335 
1337 诚 cheng2 1336 
1338 衬 chen4 1337 
1339 衫 shan1 1338 
1340 视 shi4 1339 
1341 祈 qi2 1340 
1342 话 hua4 1341 
1343 诞 dan4 1342 
1344 诡 gui3 1343 
1345 询 xun2 1344 
1346 该 gai1 1345 
1347 详 xiang2 1346 
1348 聿 yu4 1347 "建 jian4, 律 lü4, 津 jin1, 肆 si4, 肇 zhao4"
1349 建 jian4 1348 "健 jian4, 键 jian4"
1350 肃 su4 1349 "萧 xiao1, 啸 xiao4, 箫 xiao1"
1351 录 lu4 1350 "剥 bo1, 绿 lu4, 禄 lu4, 碌 lu4"
1352 隶 li4 1351 "康 kang1, 逮 dai3"
1353 帚 zhou3 1352 
1354 屉 ti4 1353 
1355 居 ju1 1354 "剧 ju4, 据 ju4, 锯 ju4"
1356 届 jie4 1355 
1357 刷 shua1 1356 "涮 shuan4"
1358 屈 qu1 1357 "倔 jue2, 掘 jue2, 崛 jue2, 窟 ku1"
1359 弧 hu2 1358 
1360 弥 mi2 1359 
1361 弦 xian2 1360 
1362 承 cheng2 1361 
1363 孟 meng4 1362 "猛 meng3, 锰 meng3"
1364 陋 lou4 1363 
1365 陌 mo4 1364 
1366 孤 gu1 1365 
1367 陕 shan3 1366 
1368 降 jiang4 1367 
1369 函 han2 1368 "涵 han2"
1370 限 xian4 1369 
1371 妹 mei4 1370 
1372 姑 gu1 1371 "菇 gu1"
1373 姐 jie3 1372 
1374 姓 xing4 1373 
1375 妮 ni1 1374 
1376 始 shi3 1375 
1377 姆 mu3 1376 
1378 迢 tiao2 1377 
1379 驾 jia4 1378 
1380 叁 san1 1379 
1381 参 can1 1380 "掺 chan1, 渗 shen4, 惨 can3"
1382 艰 jian1 1381 
1383 线 xian4 1382 
1384 练 lian4 1383 
1385 组 zu3 1384 
1386 绅 shen1 1385 
1387 细 xi4 1386 
1388 驶 shi3 1387 
1389 织 zhi1 1388 
1390 驹 ju1 1389 
1391 终 zhong1 1390 
1392 驻 zhu4 1391 
1393 绊 ban4 1392 
1394 驼 tuo2 1393 
1395 绍 shao4 1394 
1396 绎 yi4 1395 
1397 经 jing1 1396 
1398 毌 guan4 1397 "贯 guan4"
1399 贯 guan4 1398 "惯 guan4"
1400 契 qi4 1399 
1401 贰 er4 1400 "腻 ni4"
1402 奏 zou4 1401 "凑 cou4, 揍 zou4"
1403 春 chun1 1402 "椿 chun1, 蠢 chun3"
1404 帮 bang1 1403 
1405 玷 dian4 1404 
1406 珍 zhen1 1405 
1407 玲 ling2 1406 
1408 珊 shan1 1407 
1409 玻 bo1 1408 
1410 毒 du2 1409 
1411 型 xing2 1410 
1412 拭 shi4 1411 
1413 挂 gua4 1412 
1414 封 feng1 1413 
1415 持 chi2 1414 
1416 拷 kao3 1415 
1417 拱 gong3 1416 
1418 项 xiang4 1417 
1419 垮 kua3 1418 
1420 挎 kua4 1419 
1421 城 cheng2 1420 
1422 挟 xie2 1421 
1423 挠 nao2 1422 
1424 政 zheng4 1423 
1425 赴 fu4 1424 
1426 赵 zhao4 1425 
1427 挡 dang3 1426 
1428 曳 ye4 1427 "拽 zhuai4"
1429 拽 zhuai4 1428 
1430 哉 zai1 1429 
1431 挺 ting3 1430 
1432 括 kuo4 1431 
1433 垢 gou4 1432 
1434 拴 shuan1 1433 
1435 拾 shi2 1434 
1436 挑 tiao3 1435 
1437 垛 duo3 1436 
1438 指 zhi3 1437 
1439 垫 dian4 1438 
1440 挣 zheng4 1439 
1441 挤 ji3 1440 
1442 拼 pin1 1441 
1443 挖 wa1 1442 
1444 按 an4 1443 
1445 挥 hui1 1444 
1446 挪 nuo2 1445 
1447 丞 cheng2 1446 "拯 zheng3, 烝 zheng1"
1448 拯 zheng3 1447 
1449 某 mou3 1448 "谋 mou2, 媒 mei2, 煤 mei2"
1450 甚 shen4 1449 "勘 kan1, 堪 kan1, 斟 zhen1"
1451 荆 jing1 1450 
1452 茸 rong2 1451 
1453 革 ge2 1452 "勒 le4, 靴 xue1, 靶 ba3, 鞋 xie2, 鞍 an1"
1454 茬 cha2 1453 
1455 荐 jian4 1454 
1456 巷 xiang4 1455 "港 gang3"
1457 卅 sa4 1456 "带 dai4"
1458 带 dai4 1457 
1459 草 cao3 1458 
1460 茧 jian3 1459 
1461 茵 yin1 1460 
1462 茶 cha2 1461 
1463 荒 huang1 1462 "谎 huang3, 慌 huang1"
1464 茫 mang2 1463 
1465 荡 dang4 1464 
1466 荣 rong2 1465 
1467 荤 hun1 1466 
1468 荧 ying2 1467 
1469 故 gu4 1468 "做 zuo4"
1470 胡 hu2 1469 "葫 hu2, 湖 hu2, 蝴 hu2, 糊 hu2"
1471 荫 yin1 1470 
1472 荔 li4 1471 
1473 南 nan2 1472 "献 xian4"
1474 药 yao4 1473 
1475 标 biao1 1474 
1476 栈 zhan4 1475 
1477 柑 gan1 1476 
1478 枯 ku1 1477 
1479 柄 bing3 1478 
1480 栋 dong4 1479 
1481 相 xiang1 1480 "厢 xiang1, 湘 xiang1, 想 xiang3, 箱 xiang1, 霜 shuang1"
1482 查 cha2 1481 "喳 cha1, 渣 zha1"
1483 柏 bai3 1482 
1484 栅 zha4 1483 
1485 柳 liu3 1484 
1486 柱 zhu4 1485 
1487 柿 shi4 1486 
1488 栏 lan2 1487 
1489 柠 ning2 1488 
1490 树 shu4 1489 
1491 孛 bei4 1490 "勃 bo2, 悖 bei4, 脖 bo2"
1492 勃 bo2 1491 "渤 bo2"
1493 要 yao4 1492 "腰 yao1"
1494 柬 jian3 1493 "阑 lan2"
1495 咸 xian2 1494 "减 jian3, 喊 han3, 感 gan3, 碱 jian3"
1496 威 wei1 1495 
1497 歪 wai1 1496 
1498 研 yan2 1497 
1499 砖 zhuan1 1498 
1500 厘 li2 1499 
1501 厚 hou4 1500 
1502 砌 qi4 1501 
1503 砂 sha1 1502 
1504 泵 beng4 1503 
1505 砚 yan4 1504 
1506 砍 kan3 1505 
1507 面 mian4 1506 "缅 mian3"
1508 耐 nai4 1507 
1509 耍 shua3 1508 
1510 牵 qian1 1509 
1511 鸥 ou1 1510 
1512 残 can2 1511 
1513 殃 yang1 1512 
1514 轴 zhou2 1513 
1515 轻 qing1 1514 
1516 鸦 ya1 1515 
1517 皆 jie1 1516 "谐 xie2, 揩 kai1, 楷 kai3"
1518 韭 jiu3 1517 
1519 背 bei4 1518 
1520 战 zhan4 1519 
1521 点 dian3 1520 
1522 虐 nüe4 1521 
1523 临 lin2 1522 
1524 览 lan3 1523 "揽 lan3, 缆 lan3, 榄 lan3"
1525 竖 shu4 1524 
1526 省 sheng3 1525 
1527 削 xue1 1526 
1528 尝 chang2 1527 "偿 chang2"
1529 昧 mei4 1528 
1530 盹 dun3 1529 
1531 是 shi4 1530 "匙 chi2, 堤 di1, 提 ti2, 题 ti2"
1532 盼 pan4 1531 
1533 眨 zha3 1532 
1534 哇 wa1 1533 
1535 哄 hong1 1534 
1536 哑 ya3 1535 
1537 显 xian3 1536 "湿 shi1"
1538 冒 mao4 1537 "帽 mao4"
1539 映 ying4 1538 
1540 星 xing1 1539 "猩 xing1, 腥 xing1, 醒 xing3"
1541 昨 zuo2 1540 
1542 咧 lie3 1541 
1543 昭 zhao1 1542 "照 zhao4"
1544 畏 wei4 1543 "偎 wei1, 喂 wei4"
1545 趴 pa1 1544 
1546 胃 wei4 1545 "谓 wei4, 猬 wei4"
1547 贵 gui4 1546 "遗 yi2, 馈 kui4, 溃 kui4"
1548 界 jie4 1547 
1549 虹 hong2 1548 
1550 虾 xia1 1549 
1551 蚁 yi3 1550 
1552 思 si1 1551 "惫 bei4, 腮 sai1"
1553 蚂 ma3 1552 
1554 虽 sui1 1553 "强 qiang2"
1555 品 pin3 1554 
1556 咽 yan4 1555 
1557 骂 ma4 1556 
1558 勋 xun1 1557 
1559 哗 hua1 1558 
1560 咱 zan2 1559 
1561 响 xiang3 1560 
1562 哈 ha1 1561 
1563 哆 duo1 1562 
1564 咬 yao3 1563 
1565 咳 ke2 1564 
1566 咪 mi1 1565 
1567 哪 na3 1566 
1568 哟 yo1 1567 
1569 炭 tan4 1568 "碳 tan4"
1570 峡 xia2 1569 
1571 罚 fa2 1570 
1572 贱 jian4 1571 "溅 jian4"
1573 贴 tie1 1572 
1574 贻 yi2 1573 
1575 骨 gu3 1574 "猾 hua2, 滑 hua2, 髓 sui3"
1576 幽 you1 1575 
1577 钙 gai4 1576 
1578 钝 dun4 1577 
1579 钞 chao1 1578 
1580 钟 zhong1 1579 
1581 钢 gang1 1580 
1582 钠 na4 1581 
1583 钥 yao4 1582 
1584 钦 qin1 1583 
1585 钧 jun1 1584 
1586 钩 gou1 1585 
1587 钮 niu3 1586 
1588 卸 xie4 1587 "御 yu4"
1589 缶 fou3 1588 "缸 gang1, 缺 que1, 窑 yao2, 摇 yao2, 遥 yao2"
1590 缸 gang1 1589 
1591 拜 bai4 1590 "湃 pai4"
1592 看 kan4 1591 
1593 矩 ju3 1592 
1594 毡 zhan1 1593 
1595 氢 qing1 1594 
1596 怎 zen3 1595 
1597 牲 sheng1 1596 
1598 选 xuan3 1597 
1599 适 shi4 1598 
1600 秒 miao3 1599 
1601 香 xiang1 1600 "馨 xin1"
1602 种 zhong3 1601 
1603 秋 qiu1 1602 "揪 jiu1, 愁 chou2, 瞅 chou3, 锹 qiao1"
1604 科 ke1 1603 "蝌 ke1"
1605 重 zhong4 1604 "董 dong3"
1606 复 fu4 1605 "腹 fu4"
1607 竿 gan1 1606 
1608 段 duan4 1607 "缎 duan4, 锻 duan4"
1609 便 bian4 1608 "鞭 bian1"
1610 俩 lia3 1609 
1611 贷 dai4 1610 
1612 顺 shun4 1611 
1613 修 xiu1 1612 
1614 俏 qiao4 1613 
1615 保 bao3 1614 "堡 bao3, 褒 bao1"
1616 促 cu4 1615 
1617 俄 e2 1616 
1618 俐 li4 1617 
1619 侮 wu3 1618 
1620 佥 qian1 1619 "俭 jian3, 剑 jian4, 险 xian3, 捡 jian3, 验 yan4"
1621 俭 jian3 1620 
1622 俗 su2 1621 
1623 俘 fu2 1622 
1624 信 xin4 1623 
1625 皇 huang2 1624 "凰 huang2, 惶 huang2, 煌 huang2, 蝗 huang2"
1626 泉 quan2 1625 "腺 xian4"
1627 鬼 gui3 1626 "愧 kui4, 瑰 gui1, 魂 hun2, 槐 huai2, 魁 kui2"
1628 侵 qin1 1627 
1629 禹 yu3 1628 "属 shu3"
1630 侯 hou2 1629 "喉 hou2, 猴 hou2"
1631 追 zhui1 1630 
1632 俊 jun4 1631 
1633 盾 dun4 1632 "循 xun2"
1634 待 dai4 1633 
1635 徊 huai2 1634 
1636 衍 yan3 1635 
1637 律 lü4 1636 
1638 很 hen3 1637 
1639 须 xu1 1638 
1640 叙 xu4 1639 
1641 剑 jian4 1640 
1642 逃 tao2 1641 
1643 食 shi2 1642 "餐 can1"
1644 盆 pen2 1643 
1645 胚 pei1 1644 
1646 胧 long2 1645 
1647 胆 dan3 1646 
1648 胜 sheng4 1647 
1649 胞 bao1 1648 
1650 胖 pang4 1649 
1651 脉 mai4 1650 
1652 胎 tai1 1651 
1653 勉 mian3 1652 
1654 狭 xia2 1653 
1655 狮 shi1 1654 
1656 独 du2 1655 
1657 狰 zheng1 1656 
1658 狡 jiao3 1657 
1659 狱 yu4 1658 
1660 狠 hen3 1659 
1661 贸 mao4 1660 
1662 怨 yuan4 1661 
1663 刍 chu2 1662 "急 ji2, 皱 zhou4, 趋 qu1, 煞 sha1, 雏 chu2"
1664 急 ji2 1663 "隐 yin3, 稳 wen3"
1665 饵 er3 1664 
1666 饶 rao2 1665 
1667 蚀 shi2 1666 
1668 饺 jiao3 1667 
1669 饼 bing3 1668 
1670 峦 luan2 1669 
1671 弯 wan1 1670 "湾 wan1"
1672 将 jiang4 1671 "蒋 jiang3"
1673 奖 jiang3 1672 
1674 哀 ai1 1673 
1675 亭 ting2 1674 "停 ting2"
1676 亮 liang4 1675 
1677 度 du4 1676 "渡 du4, 镀 du4, 踱 duo2"
1678 迹 ji4 1677 
1679 庭 ting2 1678 
1680 疮 chuang1 1679 
1681 疯 feng1 1680 
1682 疫 yi4 1681 
1683 疤 ba1 1682 
1684 咨 zi1 1683 
1685 姿 zi1 1684 
1686 亲 qin1 1685 "新 xin1"
1687 音 yin1 1686 "竟 jing4, 暗 an4, 韵 yun4, 意 yi4, 黯 an4"
1688 帝 di4 1687 "蒂 di4, 啼 ti2, 缔 di4, 蹄 ti2"
1689 施 shi1 1688 
1690 闺 gui1 1689 
1691 闻 wen2 1690 
1692 闽 min3 1691 
1693 阀 fa2 1692 
1694 阁 ge2 1693 "搁 ge1"
1695 差 cha1 1694 "搓 cuo1"
1696 养 yang3 1695 
1697 美 mei3 1696 "羹 geng1"
1698 姜 jiang1 1697 
1699 叛 pan4 1698 
1700 送 song4 1699 
1701 类 lei4 1700 
1702 迷 mi2 1701 "谜 mi2"
1703 籽 zi3 1702 
1704 娄 lou2 1703 "搂 lou3, 屡 lü3, 缕 lü3, 楼 lou2, 数 shu4"
1705 刖 yue4 1704 "前 qian2, 俞 yu2"
1706 前 qian2 1705 "剪 jian3, 煎 jian1, 箭 jian4"
1707 首 shou3 1706 "道 dao4"
1708 屰 ni4 1707 "逆 ni4, 朔 shuo4"
1709 逆 ni4 1708 
1710 兹 ci2 1709 "滋 zi1, 慈 ci2, 磁 ci2"
1711 总 zong3 1710 "聪 cong1"
1712 炼 lian4 1711 
1713 炸 zha4 1712 
1714 烁 shuo4 1713 
1715 炮 pao4 1714 
1716 炫 xuan4 1715 
1717 烂 lan4 1716 
1718 剃 ti4 1717 
1719 洼 wa1 1718 
1720 洁 jie2 1719 
1721 洪 hong2 1720 
1722 洒 sa3 1721 
1723 柒 qi1 1722 
1724 浇 jiao1 1723 
1725 浊 zhuo2 1724 
1726 洞 dong4 1725 
1727 测 ce4 1726 
1728 洗 xi3 1727 
1729 活 huo2 1728 "阔 kuo4"
1730 派 pai4 1729 
1731 洽 qia4 1730 
1732 氿 jiu3 1731 "染 ran3"
1733 染 ran3 1732 
1734 洛 luo4 1733 "落 luo4"
1735 浏 liu2 1734 
1736 济 ji4 1735 
1737 洋 yang2 1736 
1738 洲 zhou1 1737 
1739 浑 hun2 1738 
1740 浓 nong2 1739 
1741 津 jin1 1740 
1742 恃 shi4 1741 
1743 亘 gen4 1742 "恒 heng2, 宣 xuan1"
1744 恒 heng2 1743 
1745 恢 hui1 1744 
1746 恍 huang3 1745 
1747 恬 tian2 1746 
1748 恤 xu4 1747 
1749 恰 qia4 1748 
1750 恼 nao3 1749 
1751 恨 hen4 1750 
1752 举 ju3 1751 
1753 觉 jue2 1752 "搅 jiao3"
1754 宣 xuan1 1753 "喧 xuan1, 渲 xuan4"
1755 宦 huan4 1754 
1756 室 shi4 1755 
1757 宫 gong1 1756 
1758 宪 xian4 1757 
1759 突 tu1 1758 
1760 穿 chuan1 1759 
1761 窃 qie4 1760 
1762 客 ke4 1761 "额 e2"
1763 诫 jie4 1762 
1764 冠 guan1 1763 
1765 诬 wu1 1764 
1766 语 yu3 1765 
1767 扁 bian3 1766 "匾 bian3, 偏 pian1, 遍 bian4, 骗 pian4, 编 bian1"
1768 袄 ao3 1767 
1769 祖 zu3 1768 
1770 神 shen2 1769 
1771 祝 zhu4 1770 
1772 祠 ci2 1771 
1773 误 wu4 1772 
1774 诱 you4 1773 
1775 诲 hui4 1774 
1776 说 shuo1 1775 
1777 甬 yong3 1776 "诵 song4, 勇 yong3, 捅 tong3, 涌 yong3, 通 tong1"
1778 诵 song4 1777 
1779 垦 ken3 1778 
1780 退 tui4 1779 "腿 tui3, 褪 tui4"
1781 既 ji4 1780 "溉 gai4, 慨 kai3, 概 gai4"
1782 屋 wu1 1781 "握 wo4"
1783 昼 zhou4 1782 
1784 屏 ping2 1783 
1785 屎 shi3 1784 
1786 费 fei4 1785 
1787 陡 dou3 1786 
1788 逊 xun4 1787 
1789 眉 mei2 1788 "媚 mei4"
1790 孩 hai2 1789 
1791 陨 yun3 1790 
1792 除 chu2 1791 
1793 险 xian3 1792 
1794 院 yuan4 1793 
1795 娃 wa2 1794 
1796 姥 lao3 1795 
1797 姨 yi2 1796 
1798 姻 yin1 1797 
1799 娇 jiao1 1798 
1800 姚 yao2 1799 
1801 娜 na4 1800 
1802 怒 nu4 1801 
1803 架 jia4 1802 
1804 贺 he4 1803 
1805 盈 ying2 1804 
1806 勇 yong3 1805 
1807 怠 dai4 1806 
1808 癸 gui3 1807 "葵 kui2"
1809 蚤 zao3 1808 "搔 sao1, 骚 sao1"
1810 柔 rou2 1809 "揉 rou2, 蹂 rou2"
1811 垒 lei3 1810 
1812 绑 bang3 1811 
1813 绒 rong2 1812 
1814 结 jie2 1813 
1815 绕 rao4 1814 
1816 骄 jiao1 1815 
1817 绘 hui4 1816 
1818 给 gei3 1817 
1819 绚 xuan4 1818 
1820 骆 luo4 1819 
1821 络 luo4 1820 
1822 绝 jue2 1821 
1823 绞 jiao3 1822 
1824 骇 hai4 1823 
1825 统 tong3 1824 
1826 耒 lei3 1825 "耕 geng1, 耘 yun2, 耗 hao4, 耙 ba4, 耦 ou3"
1827 耕 geng1 1826 
1828 耘 yun2 1827 
1829 耗 hao4 1828 
1830 耙 ba4 1829 
1831 艳 yan4 1830 
1832 泰 tai4 1831 
1833 秦 qin2 1832 
1834 珠 zhu1 1833 
1835 班 ban1 1834 
1836 素 su4 1835 
1837 匿 ni4 1836 
1838 蚕 can2 1837 
1839 顽 wan2 1838 
1840 盏 zhan3 1839 
1841 匪 fei3 1840 
1842 捞 lao1 1841 
1843 栽 zai1 1842 
1844 捕 bu3 1843 
1845 埂 geng3 1844 
1846 捂 wu3 1845 
1847 振 zhen4 1846 
1848 载 zai4 1847 
1849 赶 gan3 1848 
1850 起 qi3 1849 
1851 盐 yan2 1850 
1852 捎 shao1 1851 
1853 捍 han4 1852 
1854 捏 nie1 1853 
1855 埋 mai2 1854 
1856 捉 zhuo1 1855 
1857 捆 kun3 1856 
1858 捐 juan1 1857 
1859 损 sun3 1858 
1860 袁 yuan2 1859 "猿 yuan2"
1861 捌 ba1 1860 
1862 都 du1 1861 
1863 哲 zhe2 1862 
1864 逝 shi4 1863 
1865 捡 jian3 1864 
1866 挫 cuo4 1865 
1867 奂 huan4 1866 "换 huan4, 唤 huan4, 涣 huan4, 焕 huan4, 痪 huan4"
1868 换 huan4 1867 
1869 挽 wan3 1868 
1870 挚 zhi4 1869 
1871 热 re4 1870 
1872 恐 kong3 1871 
1873 捣 dao3 1872 
1874 壶 hu2 1873 
1875 捅 tong3 1874 
1876 埃 ai1 1875 
1877 挨 ai1 1876 
1878 耻 chi3 1877 
1879 耿 geng3 1878 
1880 耽 dan1 1879 
1881 聂 nie4 1880 "摄 she4"
1882 恭 gong1 1881 
1883 莽 mang3 1882 
1884 莱 lai2 1883 
1885 莲 lian2 1884 
1886 莫 mo4 1885 "募 mu4, 摸 mo1, 墓 mu4, 幕 mu4, 馍 mo2"
1887 莉 li4 1886 
1888 荷 he2 1887 
1889 获 huo4 1888 
1890 晋 jin4 1889 
1891 恶 e4 1890 
1892 莹 ying2 1891 
1893 莺 ying1 1892 
1894 真 zhen1 1893 "填 tian2, 滇 dian1, 慎 shen4, 镇 zhen4, 颠 dian1"
1895 匡 kuang1 1894 "框 kuang4, 眶 kuang4, 筐 kuang1"
1896 框 kuang4 1895 
1897 梆 bang1 1896 
1898 桂 gui4 1897 
1899 桔 jie2 1898 
1900 栖 qi1 1899 
1901 档 dang4 1900 
1902 桐 tong2 1901 
1903 株 zhu1 1902 
1904 桥 qiao2 1903 
1905 桦 hua4 1904 
1906 栓 shuan1 1905 
1907 桃 tao2 1906 
1908 格 ge2 1907 
1909 桩 zhuang1 1908 
1910 校 xiao4 1909 
1911 核 he2 1910 
1912 样 yang4 1911 
1913 根 gen1 1912 
1914 索 suo3 1913 "嗦 suo1"
1915 哥 ge1 1914 "歌 ge1"
1916 速 su4 1915 
1917 逗 dou4 1916 
1918 栗 li4 1917 
1919 贾 gu3 1918 
1920 酌 zhuo2 1919 
1921 配 pei4 1920 
1922 翅 chi4 1921 
1923 辱 ru3 1922 "褥 ru4"
1924 唇 chun2 1923 
1925 夏 xia4 1924 "厦 sha4"
1926 匝 za1 1925 "砸 za2, 咂 za1"
1927 砸 za2 1926 
1928 砰 peng1 1927 
1929 砾 li4 1928 
1930 础 chu3 1929 
1931 破 po4 1930 
1932 原 yuan2 1931 "源 yuan2, 愿 yuan4"
1933 套 tao4 1932 
1934 豕 shi3 1933 "逐 zhu2, 家 jia1, 豚 tun2, 豪 hao2"
1935 逐 zhu2 1934 
1936 烈 lie4 1935 
1937 殊 shu1 1936 
1938 殉 xun4 1937 
1939 顾 gu4 1938 
1940 轿 jiao4 1939 
1941 较 jiao4 1940 
1942 顿 dun4 1941 
1943 毙 bi4 1942 
1944 致 zhi4 1943 
1945 柴 chai2 1944 
1946 杲 gao3 1945 "桌 zhuo1"
1947 桌 zhuo1 1946 
1948 虑 lü4 1947 "滤 lü4"
1949 监 jian1 1948 "蓝 lan2, 尴 gan1, 滥 lan4, 槛 jian4, 篮 lan2"
1950 紧 jin3 1949 
1951 党 dang3 1950 
1952 逞 cheng3 1951 
1953 晒 shai4 1952 
1954 眠 mian2 1953 
1955 晓 xiao3 1954 
1956 哮 xiao4 1955 
1957 唠 lao2 1956 
1958 鸭 ya1 1957 
1959 晃 huang4 1958 "幌 huang3"
1960 哺 bu3 1959 
1961 晌 shang3 1960 
1962 剔 ti1 1961 
1963 晕 yun1 1962 
1964 蚌 bang4 1963 
1965 畔 pan4 1964 
1966 蚣 gong1 1965 
1967 蚊 wen2 1966 
1968 蚪 dou3 1967 
1969 蚓 yin3 1968 
1970 哨 shao4 1969 
1971 哩 li1 1970 
1972 圃 pu3 1971 
1973 哭 ku1 1972 "器 qi4"
1974 哦 e2 1973 
1975 恩 en1 1974 
1976 鸯 yang1 1975 
1977 唤 huan4 1976 
1978 唁 yan4 1977 
1979 亨 heng1 1978 "哼 heng1, 烹 peng1"
1980 哼 heng1 1979 
1981 唧 ji1 1980 
1982 啊 a1 1981 
1983 唉 ai1 1982 
1984 唆 suo1 1983 
1985 罢 ba4 1984 "摆 bai3"
1986 峭 qiao4 1985 
1987 峨 e2 1986 
1988 峰 feng1 1987 
1989 圆 yuan2 1988 
1990 峻 jun4 1989 
1991 贼 zei2 1990 
1992 贿 hui4 1991 
1993 赂 lu4 1992 
1994 赃 zang1 1993 
1995 钱 qian2 1994 
1996 钳 qian2 1995 
1997 钻 zuan1 1996 
1998 钾 jia3 1997 
1999 铁 tie3 1998 
2000 铃 ling2 1999 
2001 铅 qian1 2000 
2002 缺 que1 2001 
2003 氧 yang3 2002 
2004 氨 an1 2003 
2005 特 te4 2004 
2006 牺 xi1 2005 
2007 造 zao4 2006 "糙 cao1"
2008 乘 cheng2 2007 "剩 sheng4"
2009 敌 di2 2008 
2010 秤 cheng4 2009 
2011 租 zu1 2010 
2012 积 ji1 2011 
2013 秧 yang1 2012 
2014 秩 zhi4 2013 
2015 称 cheng1 2014 
2016 秘 mi4 2015 
2017 透 tou4 2016 
2018 笔 bi3 2017 
2019 笑 xiao4 2018 
2020 笋 sun3 2019 
2021 债 zhai4 2020 
2022 借 jie4 2021 
2023 值 zhi2 2022 
2024 倚 yi3 2023 
2025 奄 yan3 2024 "俺 an3, 掩 yan3, 庵 an1, 淹 yan1"
2026 俺 an3 2025 
2027 倾 qing1 2026 
2028 倒 dao3 2027 
2029 倘 tang3 2028 
2030 俱 ju4 2029 
2031 倡 chang4 2030 
2032 候 hou4 2031 
2033 赁 lin4 2032 
2034 俯 fu3 2033 
2035 倍 bei4 2034 
2036 倦 juan4 2035 
2037 健 jian4 2036 
2038 臭 chou4 2037 "嗅 xiu4"
2039 射 she4 2038 "谢 xie4"
2040 躬 gong1 2039 
2041 息 xi1 2040 "媳 xi2, 熄 xi1"
2042 倔 jue2 2041 
2043 徒 tu2 2042 
2044 徐 xu2 2043 
2045 殷 yin1 2044 
2046 舰 jian4 2045 
2047 舱 cang1 2046 
2048 般 ban1 2047 "搬 ban1"
2049 航 hang2 2048 
2050 途 tu2 2049 
2051 拿 na2 2050 
2052 耸 song3 2051 
2053 爹 die1 2052 
2054 舀 yao3 2053 "滔 tao1, 稻 dao4, 蹈 dao3"
2055 爱 ai4 2054 
2056 豸 zhai4 2055 "豺 chai2, 豹 bao4, 貌 mao4"
2057 豺 chai2 2056 
2058 豹 bao4 2057 
2059 颁 ban1 2058 
2060 颂 song4 2059 
2061 翁 weng1 2060 "嗡 weng1"
2062 胰 yi2 2061 
2063 脆 cui4 2062 
2064 脂 zhi1 2063 
2065 胸 xiong1 2064 
2066 胳 ge1 2065 
2067 脏 zang1 2066 
2068 脐 qi2 2067 
2069 胶 jiao1 2068 
2070 脑 nao3 2069 
2071 脓 nong2 2070 
2072 逛 guang4 2071 
2073 狸 li2 2072 
2074 狼 lang2 2073 
2075 卿 qing1 2074 
2076 逢 feng2 2075 "蓬 peng2, 缝 feng4, 篷 peng2"
2077 鸵 tuo2 2076 
2078 留 liu2 2077 "馏 liu2, 溜 liu1, 榴 liu2, 瘤 liu2"
2079 鸳 yuan1 2078 
2080 皱 zhou4 2079 
2081 饿 e4 2080 
2082 馁 nei3 2081 
2083 凌 ling2 2082 
2084 凄 qi1 2083 
2085 恋 lian4 2084 
2086 桨 jiang3 2085 
2087 浆 jiang1 2086 
2088 衰 shuai1 2087 
2089 衷 zhong1 2088 
2090 高 gao1 2089 "搞 gao3, 敲 qiao1, 膏 gao1, 镐 gao3, 稿 gao3"
2091 郭 guo1 2090 "廓 kuo4"
2092 席 xi2 2091 
2093 隹 zhui1 2092 "准 zhun3, 谁 shei2, 难 nan2, 堆 dui1, 推 tui1"
2094 准 zhun3 2093 
2095 座 zuo4 2094 
2096 症 zheng4 2095 
2097 病 bing4 2096 
2098 疾 ji2 2097 "嫉 ji2"
2099 斋 zhai1 2098 
2100 疹 zhen3 2099 
2101 疼 teng2 2100 
2102 疲 pi2 2101 
2103 脊 ji3 2102 
2104 效 xiao4 2103 
2105 离 li2 2104 "禽 qin2, 漓 li2, 璃 li2, 篱 li2"
2106 紊 wen3 2105 
2107 唐 tang2 2106 "塘 tang2, 糖 tang2"
2108 瓷 ci2 2107 
2109 资 zi1 2108 
2110 凉 liang2 2109 
2111 站 zhan4 2110 
2112 剖 pou1 2111 
2113 竞 jing4 2112 
2114 部 bu4 2113 
2115 旁 pang2 2114 "傍 bang4, 谤 bang4, 榜 bang3, 膀 bang3, 磅 bang4"
2116 旅 lü3 2115 
2117 畜 chu4 2116 "蓄 xu4"
2118 阅 yue4 2117 
2119 羞 xiu1 2118 
2120 羔 gao1 2119 "糕 gao1, 羹 geng1"
2121 瓶 ping2 2120 
2122 拳 quan2 2121 
2123 粉 fen3 2122 
2124 料 liao4 2123 
2125 益 yi4 2124 "隘 ai4, 溢 yi4"
2126 兼 jian1 2125 "谦 qian1, 廉 lian2, 嫌 xian2, 赚 zhuan4, 歉 qian4"
2127 烤 kao3 2126 
2128 烘 hong1 2127 
2129 烦 fan2 2128 
2130 烧 shao1 2129 
2131 烛 zhu2 2130 
2132 烟 yan1 2131 
2133 烙 lao4 2132 
2134 递 di4 2133 
2135 涛 tao1 2134 
2136 浙 zhe4 2135 
2137 涝 lao4 2136 
2138 浦 pu3 2137 "蒲 pu2"
2139 酒 jiu3 2138 
2140 涉 she4 2139 
2141 消 xiao1 2140 
2142 呙 guo1 2141 "涡 wo1, 祸 huo4, 锅 guo1, 窝 wo1, 蜗 wo1"
2143 涡 wo1 2142 
2144 浩 hao4 2143 
2145 海 hai3 2144 
2146 涂 tu2 2145 
2147 浴 yu4 2146 
2148 浮 fu2 2147 
2149 涣 huan4 2148 
2150 涤 di2 2149 
2151 㐬 lu4 2150 "流 liu2, 琉 liu2, 梳 shu1, 硫 liu2, 疏 shu1"
2152 流 liu2 2151 
2153 润 run4 2152 
2154 涧 jian4 2153 
2155 涕 ti4 2154 
2156 浪 lang4 2155 
2157 浸 jin4 2156 
2158 涨 zhang3 2157 
2159 烫 tang4 2158 
2160 涩 se4 2159 
2161 涌 yong3 2160 
2162 悖 bei4 2161 
2163 悟 wu4 2162 
2164 悄 qiao3 2163 
2165 悍 han4 2164 
2166 悔 hui3 2165 
2167 闵 min3 2166 "悯 min3"
2168 悯 min3 2167 
2169 悦 yue4 2168 
2170 害 hai4 2169 "割 ge1, 辖 xia2, 瞎 xia1, 豁 huo4"
2171 苋 xian4 2170 "宽 kuan1"
2172 宽 kuan1 2171 
2173 家 jia1 2172 "嫁 jia4, 稼 jia4"
2174 宵 xiao1 2173 
2175 宴 yan4 2174 
2176 宾 bin1 2175 "滨 bin1, 缤 bin1, 鬓 bin4"
2177 窍 qiao4 2176 
2178 窄 zhai3 2177 "榨 zha4"
2179 容 rong2 2178 "蓉 rong2, 溶 rong2, 榕 rong2, 熔 rong2"
2180 宰 zai3 2179 
2181 案 an4 2180 
2182 请 qing3 2181 
2183 朗 lang3 2182 
2184 诸 zhu1 2183 "储 chu3"
2185 诺 nuo4 2184 
2186 读 du2 2185 
2187 扇 shan4 2186 "煽 shan1"
2188 诽 fei3 2187 
2189 袜 wa4 2188 
2190 袖 xiu4 2189 
2191 袍 pao2 2190 
2192 被 bei4 2191 
2193 祥 xiang2 2192 
2194 课 ke4 2193 
2195 冥 ming2 2194 
2196 谁 shei2 2195 
2197 调 diao4 2196 
2198 冤 yuan1 2197 
2199 谅 liang4 2198 
2200 谆 zhun1 2199 
2201 谈 tan2 2200 
2202 谊 yi4 2201 
2203 剥 bo1 2202 
2204 恳 ken3 2203 
2205 展 zhan3 2204 "辗 zhan3, 碾 nian3"
2206 剧 ju4 2205 
2207 屑 xie4 2206 
2208 弱 ruo4 2207 "溺 ni4"
2209 陵 ling2 2208 
2210 祟 sui4 2209 
2211 陶 tao2 2210 
2212 陷 xian4 2211 
2213 陪 pei2 2212 
2214 娱 yu2 2213 
2215 娟 juan1 2214 
2216 恕 shu4 2215 
2217 娥 e2 2216 
2218 娘 niang2 2217 
2219 通 tong1 2218 
2220 能 neng2 2219 "熊 xiong2"
2221 难 nan2 2220 "摊 tan1, 滩 tan1, 瘫 tan1"
2222 预 yu4 2221 
2223 桑 sang1 2222 "嗓 sang3"
2224 绢 juan4 2223 
2225 绣 xiu4 2224 
2226 验 yan4 2225 
2227 继 ji4 2226 
2228 骏 jun4 2227 
2229 球 qiu2 2228 
2230 琐 suo3 2229 
2231 理 li3 2230 
2232 琉 liu2 2231 
2233 琅 lang2 2232 
2234 捧 peng3 2233 
2235 堵 du3 2234 
2236 措 cuo4 2235 
2237 描 miao2 2236 
2238 域 yu4 2237 
2239 捺 na4 2238 
2240 掩 yan3 2239 
2241 捷 jie2 2240 
2242 排 pai2 2241 
2243 焉 yan1 2242 
2244 掉 diao4 2243 
2245 捶 chui2 2244 
2246 赦 she4 2245 
2247 堆 dui1 2246 
2248 推 tui1 2247 
2249 阜 fu4 2248 "埠 bu4"
2250 埠 bu4 2249 
2251 掀 xian1 2250 
2252 授 shou4 2251 
2253 捻 nian3 2252 
2254 教 jiao4 2253 
2255 掏 tao1 2254 
2256 掐 qia1 2255 
2257 掠 lüe4 2256 
2258 掂 dian1 2257 
2259 培 pei2 2258 
2260 妾 qie4 2259 "接 jie1, 霎 sha4"
2261 接 jie1 2260 
2262 掷 zhi4 2261 
2263 控 kong4 2262 
2264 探 tan4 2263 
2265 据 ju4 2264 
2266 掘 jue2 2265 
2267 掺 chan1 2266 
2268 职 zhi2 2267 
2269 基 ji1 2268 
2270 聆 ling2 2269 
2271 勘 kan1 2270 
2272 聊 liao2 2271 
2273 娶 qu3 2272 
2274 著 zhu4 2273 
2275 菱 ling2 2274 
2276 勒 le4 2275 
2277 黄 huang2 2276 "横 heng2, 簧 huang2"
2278 菲 fei1 2277 
2279 萌 meng2 2278 
2280 萝 luo2 2279 
2281 囷 qun1 2280 "菌 jun1"
2282 菌 jun1 2281 
2283 萎 wei3 2282 
2284 菜 cai4 2283 
2285 萄 tao2 2284 
2286 菊 ju2 2285 
2287 菩 pu2 2286 
2288 泙 ping2 2287 "萍 ping2"
2289 萍 ping2 2288 
2290 菠 bo1 2289 
2291 萤 ying2 2290 
2292 营 ying2 2291 
2293 乾 qian2 2292 
2294 萧 xiao1 2293 "潇 xiao1"
2295 萨 sa4 2294 
2296 菇 gu1 2295 
2297 械 xie4 2296 
2298 彬 bin1 2297 
2299 梦 meng4 2298 
2300 婪 lan2 2299 
2301 梗 geng3 2300 
2302 梧 wu2 2301 
2303 梢 shao1 2302 
2304 梅 mei2 2303 
2305 检 jian3 2304 
2306 梳 shu1 2305 
2307 梯 ti1 2306 
2308 桶 tong3 2307 
2309 梭 suo1 2308 
2310 救 jiu4 2309 
2311 曹 cao2 2310 "遭 zao1, 槽 cao2, 糟 zao1"
2312 副 fu4 2311 
2313 票 piao4 2312 "漂 piao1, 飘 piao1, 瓢 piao2"
2314 酝 yun4 2313 
2315 酗 xu4 2314 
2316 厢 xiang1 2315 
2317 戚 qi1 2316 
2318 硅 gui1 2317 
2319 硕 shuo4 2318 
2320 奢 she1 2319 
2321 盔 kui1 2320 
2322 爽 shuang3 2321 
2323 聋 long2 2322 
2324 袭 xi2 2323 
2325 盛 sheng4 2324 
2326 匾 bian3 2325 
2327 雪 xue3 2326 
2328 辅 fu3 2327 
2329 辆 liang4 2328 
2330 颅 lu2 2329 
2331 虚 xu1 2330 
2332 彪 biao1 2331 
2333 雀 que4 2332 
2334 堂 tang2 2333 "膛 tang2"
2335 常 chang2 2334 
2336 眶 kuang4 2335 
2337 匙 chi2 2336 
2338 晨 chen2 2337 
2339 睁 zheng1 2338 
2340 眯 mi1 2339 
2341 眼 yan3 2340 
2342 悬 xuan2 2341 
2343 野 ye3 2342 "墅 shu4"
2344 啪 pa1 2343 
2345 啦 la1 2344 
2346 曼 man4 2345 "蔓 man4, 馒 man2, 漫 man4, 慢 man4"
2347 晦 hui4 2346 
2348 晚 wan3 2347 
2349 啄 zhuo2 2348 
2350 啡 fei1 2349 
2351 距 ju4 2350 
2352 趾 zhi3 2351 
2353 啃 ken3 2352 
2354 跃 yue4 2353 
2355 略 lüe4 2354 
2356 蚯 qiu1 2355 
2357 蛀 zhu4 2356 
2358 蛇 she2 2357 
2359 唬 hu3 2358 
2360 累 lei3 2359 "骡 luo2"
2361 鄂 e4 2360 
2362 唱 chang4 2361 
2363 患 huan4 2362 
2364 啰 luo1 2363 
2365 唾 tuo4 2364 
2366 唯 wei2 2365 
2367 啤 pi2 2366 
2368 啥 sha2 2367 
2369 啸 xiao4 2368 
2370 崖 ya2 2369 
2371 崎 qi2 2370 
2372 崭 zhan3 2371 
2373 逻 luo2 2372 
2374 崔 cui1 2373 "催 cui1, 摧 cui1"
2375 帷 wei2 2374 
2376 崩 beng1 2375 "蹦 beng4"
2377 崇 chong2 2376 
2378 崛 jue2 2377 
2379 婴 ying1 2378 "樱 ying1, 鹦 ying1"
2380 圈 quan1 2379 
2381 铐 kao4 2380 
2382 铛 cheng1 2381 
2383 铝 lü3 2382 
2384 铜 tong2 2383 
2385 铭 ming2 2384 
2386 铲 chan3 2385 
2387 银 yin2 2386 
2388 矫 jiao2 2387 
2389 甜 tian2 2388 
2390 秸 jie1 2389 
2391 梨 li2 2390 
2392 犁 li2 2391 
2393 秽 hui4 2392 
2394 移 yi2 2393 
2395 笨 ben4 2394 
2396 笼 long2 2395 
2397 笛 di2 2396 
2398 笙 sheng1 2397 
2399 符 fu2 2398 
2400 第 di4 2399 
2401 敏 min3 2400 "繁 fan2"
2402 做 zuo4 2401 
2403 袋 dai4 2402 
2404 攸 you1 2403 "悠 you1"
2405 悠 you1 2404 
2406 偿 chang2 2405 
2407 禺 yu2 2406 "偶 ou3, 隅 yu2, 遇 yu4, 寓 yu4, 愚 yu2"
2408 偶 ou3 2407 
2409 偎 wei1 2408 
2410 俞 yu2 2409 "偷 tou1, 喻 yu4, 逾 yu2, 渝 yu2, 愉 yu2"
2411 偷 tou1 2410 
2412 您 nin2 2411 
2413 售 shou4 2412 
2414 停 ting2 2413 
2415 偏 pian1 2414 
2416 躯 qu1 2415 
2417 兜 dou1 2416 
2418 叚 xia2 2417 "假 jia3, 暇 xia2, 霞 xia2"
2419 假 jia3 2418 
2420 衅 xin4 2419 
2421 徘 pai2 2420 
2422 徙 xi3 2421 
2423 得 de2 2422 
2424 衔 xian2 2423 
2425 盘 pan2 2424 
2426 舶 bo2 2425 
2427 船 chuan2 2426 
2428 舵 duo4 2427 
2429 斜 xie2 2428 
2430 盒 he2 2429 
2431 鸽 ge1 2430 
2432 敛 lian3 2431 
2433 悉 xi1 2432 "蟋 xi1"
2434 欲 yu4 2433 
2435 彩 cai3 2434 
2436 领 ling3 2435 
2437 脚 jiao3 2436 
2438 脖 bo2 2437 
2439 脯 fu3 2438 
2440 豚 tun2 2439 
2441 脸 lian3 2440 
2442 脱 tuo1 2441 
2443 象 xiang4 2442 "像 xiang4, 橡 xiang4, 豫 yu4"
2444 够 gou4 2443 
2445 逸 yi4 2444 
2446 猜 cai1 2445 
2447 猪 zhu1 2446 
2448 猎 lie4 2447 
2449 猫 mao1 2448 
2450 凰 huang2 2449 
2451 猖 chang1 2450 
2452 猛 meng3 2451 
2453 祭 ji4 2452 "蔡 cai4, 察 cha2"
2454 馅 xian4 2453 
2455 馆 guan3 2454 
2456 凑 cou4 2455 
2457 减 jian3 2456 
2458 毫 hao2 2457 
2459 烹 peng1 2458 
2460 庶 shu4 2459 "蔗 zhe4, 遮 zhe1"
2461 麻 ma2 2460 "嘛 ma5, 摩 mo2, 磨 mo2, 靡 mi3, 魔 mo2"
2462 庵 an1 2461 
2463 痊 quan2 2462 
2464 痒 yang3 2463 
2465 痕 hen2 2464 
2466 廊 lang2 2465 
2467 康 kang1 2466 "慷 kang1, 糠 kang1"
2468 庸 yong1 2467 
2469 鹿 lu4 2468 
2470 盗 dao4 2469 
2471 章 zhang1 2470 "障 zhang4, 彰 zhang1, 樟 zhang1, 赣 gan4"
2472 竟 jing4 2471 "境 jing4, 镜 jing4"
2473 冏 jiong3 2472 "商 shang1, 矞 yu4"
2474 商 shang1 2473 
2475 族 zu2 2474 "簇 cu4"
2476 旋 xuan2 2475 
2477 望 wang4 2476 
2478 率 shuai4 2477 "摔 shuai1, 蟀 shuai4"
2479 阎 yan2 2478 
2480 阐 chan3 2479 
2481 着 zhe5 2480 
2482 羚 ling2 2481 
2483 盖 gai4 2482 
2484 眷 juan4 2483 
2485 粘 zhan1 2484 
2486 粗 cu1 2485 
2487 粒 li4 2486 
2488 断 duan4 2487 
2489 剪 jian3 2488 
2490 兽 shou4 2489 
2491 焊 han4 2490 
2492 焕 huan4 2491 
2493 清 qing1 2492 
2494 忝 tian3 2493 "添 tian1, 舔 tian3"
2495 添 tian1 2494 
2496 鸿 hong2 2495 
2497 淋 lin2 2496 
2498 涯 ya2 2497 
2499 淹 yan1 2498 
2500 渠 qu2 2499 
2501 渐 jian4 2500 
2502 淑 shu1 2501 
2503 淌 tang3 2502 
2504 混 hun4 2503 
2505 淮 huai2 2504 
2506 淆 xiao2 2505 
2507 渊 yuan1 2506 
2508 淫 yin2 2507 
2509 渔 yu2 2508 
2510 淘 tao2 2509 
2511 淳 chun2 2510 
2512 液 ye4 2511 
2513 於 yu1 2512 "淤 yu1"
2514 淤 yu1 2513 
2515 淡 dan4 2514 
2516 淀 dian4 2515 
2517 深 shen1 2516 
2518 涮 shuan4 2517 
2519 涵 han2 2518 
2520 婆 po2 2519 
2521 梁 liang2 2520 
2522 渗 shen4 2521 
2523 情 qing2 2522 
2524 惜 xi1 2523 
2525 惭 can2 2524 
2526 悼 dao4 2525 
2527 惧 ju4 2526 
2528 惕 ti4 2527 
2529 惟 wei2 2528 
2530 惊 jing1 2529 
2531 惦 dian4 2530 
2532 悴 cui4 2531 
2533 惋 wan3 2532 
2534 惨 can3 2533 
2535 惯 guan4 2534 
2536 寇 kou4 2535 
2537 寅 yin2 2536 "演 yan3"
2538 寄 ji4 2537 
2539 寂 ji4 2538 
2540 佰 bai3 2539 "宿 su4"
2541 宿 su4 2540 "缩 suo1"
2542 窒 zhi4 2541 
2543 窑 yao2 2542 
2544 宓 mi4 2543 "密 mi4, 蜜 mi4"
2545 密 mi4 2544 
2546 谋 mou2 2545 
2547 谍 die2 2546 
2548 谎 huang3 2547 
2549 谐 xie2 2548 
2550 袱 fu2 2549 
2551 祷 dao3 2550 
2552 祸 huo4 2551 
2553 谓 wei4 2552 
2554 彦 yan4 2553 "谚 yan4, 颜 yan2"
2555 谚 yan4 2554 
2556 谜 mi2 2555 
2557 逮 dai3 2556 
2558 敢 gan3 2557 "橄 gan3, 憨 han1"
2559 尉 wei4 2558 "蔚 wei4, 慰 wei4"
2560 屠 tu2 2559 
2561 弹 dan4 2560 
2562 隋 sui2 2561 
2563 堕 duo4 2562 
2564 随 sui2 2563 
2565 蛋 dan4 2564 
2566 隅 yu2 2565 
2567 隆 long2 2566 "窿 long2"
2568 隐 yin3 2567 "瘾 yin3"
2569 婚 hun1 2568 
2570 婶 shen3 2569 
2571 婉 wan3 2570 
2572 颇 po1 2571 
2573 颈 jing3 2572 
2574 绩 ji4 2573 
2575 绪 xu4 2574 
2576 续 xu4 2575 
2577 骑 qi2 2576 
2578 绰 chuo4 2577 
2579 黾 min3 2578 "绳 sheng2, 蝇 ying2"
2580 绳 sheng2 2579 
2581 维 wei2 2580 
2582 帛 bo2 2581 "绵 mian2, 棉 mian2, 锦 jin3"
2583 绵 mian2 2582 
2584 绷 beng1 2583 
2585 绸 chou2 2584 
2586 综 zong1 2585 
2587 绽 zhan4 2586 
2588 绿 lu4 2587 
2589 叕 zhuo2 2588 "缀 zhui4"
2590 缀 zhui4 2589 
2591 巢 chao2 2590 "剿 jiao3"
2592 琴 qin2 2591 
2593 琳 lin2 2592 
2594 琢 zhuo2 2593 
2595 琼 qiong2 2594 
2596 斑 ban1 2595 
2597 替 ti4 2596 "潜 qian2"
2598 揍 zou4 2597 
2599 款 kuan3 2598 
2600 堪 kan1 2599 
2601 塔 ta3 2600 
2602 搭 da1 2601 
2603 堰 yan4 2602 
2604 揩 kai1 2603 
2605 越 yue4 2604 
2606 趁 chen4 2605 
2607 趋 qu1 2606 
2608 超 chao1 2607 
2609 揽 lan3 2608 
2610 堤 di1 2609 
2611 提 ti2 2610 
2612 博 bo2 2611 
2613 曷 he2 2612 "揭 jie1, 葛 ge2, 遏 e4, 喝 he1, 渴 ke3"
2614 揭 jie1 2613 
2615 喜 xi3 2614 "嘻 xi1"
2616 彭 peng2 2615 "澎 peng2, 膨 peng2"
2617 耑 duan1 2616 "揣 chuai3, 喘 chuan3, 瑞 rui4, 端 duan1"
2618 揣 chuai3 2617 
2619 插 cha1 2618 
2620 揪 jiu1 2619 
2621 搜 sou1 2620 
2622 煮 zhu3 2621 
2623 爰 yuan2 2622 "援 yuan2, 缓 huan3, 暖 nuan3"
2624 援 yuan2 2623 
2625 搀 chan1 2624 
2626 裁 cai2 2625 
2627 搁 ge1 2626 
2628 搓 cuo1 2627 
2629 搂 lou3 2628 
2630 搅 jiao3 2629 
2631 壹 yi1 2630 
2632 握 wo4 2631 
2633 搔 sao1 2632 
2634 揉 rou2 2633 
2635 斯 si1 2634 "撕 si1, 嘶 si1"
2636 期 qi1 2635 
2637 欺 qi1 2636 
2638 联 lian2 2637 
2639 葫 hu2 2638 
2640 散 san4 2639 "撒 sa1"
2641 惹 re3 2640 
2642 葬 zang4 2641 
2643 募 mu4 2642 
2644 葛 ge2 2643 
2645 董 dong3 2644 "懂 dong3"
2646 匍 pu2 2645 "葡 pu2"
2647 葡 pu2 2646 
2648 敬 jing4 2647 "擎 qing2, 警 jing3"
2649 葱 cong1 2648 
2650 蒋 jiang3 2649 
2651 蒂 di4 2650 
2652 落 luo4 2651 
2653 韩 han2 2652 
2654 朝 chao2 2653 "嘲 chao2, 潮 chao2"
2655 辜 gu1 2654 
2656 葵 kui2 2655 
2657 棒 bang4 2656 
2658 棱 leng2 2657 
2659 棋 qi2 2658 
2660 耶 ye1 2659 "椰 ye1"
2661 椰 ye1 2660 
2662 植 zhi2 2661 
2663 森 sen1 2662 
2664 焚 fen2 2663 
2665 椅 yi3 2664 
2666 椒 jiao1 2665 
2667 棵 ke1 2666 
2668 棍 gun4 2667 
2669 椎 zhui1 2668 
2670 棉 mian2 2669 
2671 棚 peng2 2670 
2672 棕 zong1 2671 
2673 棺 guan1 2672 
2674 榔 lang2 2673 
2675 椭 tuo3 2674 
2676 惠 hui4 2675 "穗 sui4"
2677 惑 huo4 2676 
2678 逼 bi1 2677 
2679 粟 su4 2678 
2680 棘 ji2 2679 
2681 酣 han1 2680 
2682 酥 su1 2681 
2683 厨 chu2 2682 "橱 chu2"
2684 厦 sha4 2683 
2685 硬 ying4 2684 
2686 硝 xiao1 2685 
2687 确 que4 2686 
2688 硫 liu2 2687 
2689 雁 yan4 2688 
2690 殖 zhi2 2689 
2691 裂 lie4 2690 
2692 雄 xiong2 2691 
2693 颊 jia2 2692 
2694 雳 li4 2693 
2695 暂 zan4 2694 
2696 雅 ya3 2695 
2697 翘 qiao4 2696 
2698 辈 bei4 2697 
2699 悲 bei1 2698 
2700 紫 zi3 2699 
2701 凿 zao2 2700 
2702 辉 hui1 2701 
2703 敞 chang3 2702 
2704 棠 tang2 2703 
2705 赏 shang3 2704 
2706 掌 zhang3 2705 "撑 cheng1"
2707 晴 qing2 2706 
2708 睐 lai4 2707 
2709 暑 shu3 2708 
2710 最 zui4 2709 "撮 cuo1"
2711 晰 xi1 2710 
2712 量 liang4 2711 
2713 爿 pan2 2712 "戕 qiang1"
2714 鼎 ding3 2713 
2715 贲 ben1 2714 "喷 pen1, 愤 fen4"
2716 喷 pen1 2715 
2717 喳 cha1 2716 
2718 晶 jing1 2717 
2719 剌 la4 2718 "喇 la3"
2720 喇 la3 2719 
2721 遇 yu4 2720 
2722 喊 han3 2721 
2723 遏 e4 2722 
2724 晾 liang4 2723 
2725 景 jing3 2724 "影 ying3"
2726 畴 chou2 2725 
2727 践 jian4 2726 
2728 跋 ba2 2727 
2729 跌 die1 2728 
2730 跑 pao3 2729 
2731 跛 bo3 2730 
2732 遗 yi2 2731 
2733 蛙 wa1 2732 
2734 蛛 zhu1 2733 
2735 蜓 ting2 2734 
2736 蜒 yan2 2735 
2737 蛤 ge2 2736 
2738 喝 he1 2737 
2739 鹃 juan1 2738 
2740 喂 wei4 2739 
2741 喘 chuan3 2740 
2742 喉 hou2 2741 
2743 喻 yu4 2742 
2744 啼 ti2 2743 
2745 喧 xuan1 2744 
2746 嵌 qian4 2745 
2747 幅 fu2 2746 
2748 帽 mao4 2747 
2749 赋 fu4 2748 
2750 赌 du3 2749 
2751 赎 shu2 2750 
2752 赐 ci4 2751 
2753 赔 pei2 2752 
2754 黑 hei1 2753 "嘿 hei1, 墨 mo4, 默 mo4, 黔 qian2, 黯 an4"
2755 铸 zhu4 2754 
2756 铺 pu1 2755 
2757 链 lian4 2756 
2758 销 xiao1 2757 
2759 锁 suo3 2758 
2760 锄 chu2 2759 
2761 锅 guo1 2760 
2762 锈 xiu4 2761 
2763 锋 feng1 2762 
2764 锌 xin1 2763 
2765 锐 rui4 2764 
2766 甥 sheng1 2765 
2767 掰 bai1 2766 
2768 短 duan3 2767 
2769 智 zhi4 2768 
2770 氮 dan4 2769 
2771 毯 tan3 2770 
2772 氯 lü4 2771 
2773 鹅 e2 2772 
2774 剩 sheng4 2773 
2775 稍 shao1 2774 
2776 程 cheng2 2775 
2777 稀 xi1 2776 
2778 税 shui4 2777 
2779 筐 kuang1 2778 
2780 等 deng3 2779 
2781 筑 zhu4 2780 
2782 策 ce4 2781 
2783 筛 shai1 2782 
2784 筒 tong3 2783 
2785 筏 fa2 2784 
2786 答 da2 2785 
2787 筋 jin1 2786 
2788 筝 zheng1 2787 
2789 敖 ao2 2788 "傲 ao4, 赘 zhui4, 熬 ao2"
2790 傲 ao4 2789 
2791 傅 fu4 2790 
2792 牌 pai2 2791 
2793 堡 bao3 2792 
2794 集 ji2 2793 
2795 焦 jiao1 2794 "蕉 jiao1, 憔 qiao2, 礁 jiao1, 瞧 qiao2"
2796 傍 bang4 2795 
2797 储 chu3 2796 
2798 皓 hao4 2797 
2799 皖 wan3 2798 
2800 粤 yue4 2799 
2801 奥 ao4 2800 
2802 街 jie1 2801 
2803 惩 cheng2 2802 
2804 御 yu4 2803 
2805 循 xun2 2804 
2806 艇 ting3 2805 
2807 舒 shu1 2806 
2808 逾 yu2 2807 
2809 番 fan1 2808 "播 bo1, 潘 pan1, 翻 fan1"
2810 释 shi4 2809 
2811 禽 qin2 2810 "擒 qin2"
2812 腊 la4 2811 
2813 脾 pi2 2812 
2814 腋 ye4 2813 
2815 腔 qiang1 2814 
2816 腕 wan4 2815 
2817 鲁 lu3 2816 
2818 猩 xing1 2817 
2819 猬 wei4 2818 
2820 猾 hua2 2819 
2821 猴 hou2 2820 
2822 惫 bei4 2821 
2823 然 ran2 2822 "燃 ran2"
2824 馈 kui4 2823 
2825 馋 chan2 2824 
2826 装 zhuang1 2825 
2827 蛮 man2 2826 
2828 就 jiu4 2827 
2829 敦 dun1 2828 "墩 dun1"
2830 斌 bin1 2829 
2831 痘 dou4 2830 
2832 痢 li4 2831 
2833 痪 huan4 2832 
2834 痛 tong4 2833 
2835 童 tong2 2834 "撞 zhuang4, 幢 chuang2, 瞳 tong2"
2836 竣 jun4 2835 
2837 阔 kuo4 2836 
2838 善 shan4 2837 
2839 翔 xiang2 2838 
2840 羡 xian4 2839 
2841 普 pu3 2840 "谱 pu3"
2842 粪 fen4 2841 
2843 酋 qiu2 2842 "尊 zun1, 奠 dian4"
2844 尊 zun1 2843 "遵 zun1, 蹲 dun1"
2845 奠 dian4 2844 
2846 道 dao4 2845 
2847 遂 sui4 2846 "隧 sui4"
2848 曾 ceng2 2847 "僧 seng1, 增 zeng1, 憎 zeng1, 赠 zeng4, 蹭 ceng4"
2849 焰 yan4 2848 
2850 港 gang3 2849 
2851 滞 zhi4 2850 
2852 湖 hu2 2851 
2853 湘 xiang1 2852 
2854 渣 zha1 2853 
2855 渤 bo2 2854 
2856 眇 miao3 2855 "渺 miao3"
2857 渺 miao3 2856 
2858 湿 shi1 2857 
2859 温 wen1 2858 
2860 渴 ke3 2859 
2861 溃 kui4 2860 
2862 溅 jian4 2861 
2863 滑 hua2 2862 
2864 湃 pai4 2863 
2865 渝 yu2 2864 
2866 湾 wan1 2865 
2867 渡 du4 2866 
2868 游 you2 2867 
2869 滋 zi1 2868 
2870 渲 xuan4 2869 
2871 溉 gai4 2870 
2872 愤 fen4 2871 
2873 慌 huang1 2872 
2874 惰 duo4 2873 
2875 愕 e4 2874 
2876 愣 leng4 2875 
2877 惶 huang2 2876 
2878 愧 kui4 2877 
2879 愉 yu2 2878 
2880 慨 kai3 2879 
2881 割 ge1 2880 
2882 寒 han2 2881 
2883 富 fu4 2882 
2884 寓 yu4 2883 
2885 窜 cuan4 2884 
2886 窝 wo1 2885 
2887 窖 jiao4 2886 
2888 窗 chuang1 2887 
2889 窘 jiong3 2888 
2890 遍 bian4 2889 
2891 雇 gu4 2890 
2892 裕 yu4 2891 
2893 裤 ku4 2892 
2894 裙 qun2 2893 
2895 禅 chan2 2894 
2896 禄 lu4 2895 
2897 谢 xie4 2896 
2898 谣 yao2 2897 
2899 谤 bang4 2898 
2900 谦 qian1 2899 
2901 犀 xi1 2900 
2902 属 shu3 2901 "嘱 zhu3, 瞩 zhu3"
2903 屡 lü3 2902 
2904 强 qiang2 2903 
2905 粥 zhou1 2904 
2906 𤴔 li2 2905 
2907 疏 shu1 2906 "蔬 shu1"
2908 鬲 ge2 2907 "隔 ge2, 融 rong2"
2909 隔 ge2 2908 
2910 隙 xi4 2909 
2911 隘 ai4 2910 
2912 媒 mei2 2911 
2913 絮 xu4 2912 
2914 叟 sou3 2913 "嫂 sao3, 艘 sou1"
2915 嫂 sao3 2914 
2916 媚 mei4 2915 
2917 胥 xu1 2916 "婿 xu4"
2918 婿 xu4 2917 
2919 登 deng1 2918 "凳 deng4, 澄 cheng2, 橙 cheng2, 瞪 deng4, 蹬 deng1"
2920 缅 mian3 2919 
2921 缆 lan3 2920 
2922 缉 ji1 2921 
2923 缎 duan4 2922 
2924 缓 huan3 2923 
2925 缔 di4 2924 
2926 缕 lü3 2925 
2927 骗 pian4 2926 
2928 编 bian1 2927 
2929 骚 sao1 2928 
2930 彖 tuan4 2929 "缘 yuan2"
2931 缘 yuan2 2930 
2932 瑟 se4 2931 
2933 鹉 wu3 2932 
2934 瑞 rui4 2933 
2935 瑰 gui1 2934 
2936 囟 xin4 2935 
2937 瑙 nao3 2936 
2938 魂 hun2 2937 
2939 肆 si4 2938 
2940 摄 she4 2939 
2941 摸 mo1 2940 
2942 填 tian2 2941 
2943 搏 bo2 2942 
2944 塌 ta1 2943 
2945 鼓 gu3 2944 
2946 摆 bai3 2945 
2947 隽 juan4 2946 "携 xie2"
2948 携 xie2 2947 
2949 搬 ban1 2948 
2950 摇 yao2 2949 
2951 搞 gao3 2950 
2952 塘 tang2 2951 
2953 摊 tan1 2952 
2954 聘 pin4 2953 
2955 斟 zhen1 2954 
2956 蒜 suan4 2955 
2957 堇 jin3 2956 "勤 qin2, 谨 jin3"
2958 勤 qin2 2957 
2959 靴 xue1 2958 
2960 靶 ba3 2959 
2961 鹊 que4 2960 
2962 蓝 lan2 2961 
2963 墓 mu4 2962 
2964 幕 mu4 2963 
2965 蓬 peng2 2964 
2966 蓄 xu4 2965 
2967 蒲 pu2 2966 
2968 蓉 rong2 2967 
2969 蒙 meng2 2968 "檬 meng2, 朦 meng2"
2970 烝 zheng1 2969 "蒸 zheng1"
2971 蒸 zheng1 2970 
2972 献 xian4 2971 
2973 椿 chun1 2972 
2974 禁 jin4 2973 "襟 jin1"
2975 楚 chu3 2974 
2976 楷 kai3 2975 
2977 榄 lan3 2976 
2978 想 xiang3 2977 
2979 槐 huai2 2978 
2980 榆 yu2 2979 
2981 楼 lou2 2980 
2982 概 gai4 2981 
2983 赖 lai4 2982 "懒 lan3"
2984 酪 lao4 2983 
2985 酬 chou2 2984 
2986 感 gan3 2985 "撼 han4, 憾 han4"
2987 碍 ai4 2986 
2988 碘 dian3 2987 
2989 碑 bei1 2988 
2990 碎 sui4 2989 
2991 碰 peng4 2990 
2992 碗 wan3 2991 
2993 碌 lu4 2992 
2994 尴 gan1 2993 
2995 雷 lei2 2994 "擂 lei2, 蕾 lei3"
2996 零 ling2 2995 
2997 雾 wu4 2996 
2998 雹 bao2 2997 
2999 辐 fu2 2998 
3000 辑 ji2 2999 
3001 输 shu1 3000 
3002 督 du1 3001 
3003 频 pin2 3002 "濒 bin1"
3004 龄 ling2 3003 
3005 鉴 jian4 3004 
3006 睛 jing1 3005 
3007 睹 du3 3006 
3008 睦 mu4 3007 
3009 瞄 miao2 3008 
3010 睫 jie2 3009 
3011 睡 shui4 3010 
3012 睬 cai3 3011 
3013 耆 qi2 3012 "嗜 shi4, 鳍 qi2"
3014 嗜 shi4 3013 
3015 鄙 bi3 3014 
3016 嗦 suo1 3015 
3017 愚 yu2 3016 
3018 暖 nuan3 3017 
3019 盟 meng2 3018 
3020 歇 xie1 3019 
3021 暗 an4 3020 
3022 暇 xia2 3021 
3023 照 zhao4 3022 
3024 畸 ji1 3023 
3025 跨 kua4 3024 
3026 跷 qiao1 3025 
3027 跳 tiao4 3026 
3028 跺 duo4 3027 
3029 跪 gui4 3028 
3030 路 lu4 3029 "露 lu4"
3031 跤 jiao1 3030 
3032 跟 gen1 3031 
3033 遣 qian3 3032 "谴 qian3"
3034 蜈 wu2 3033 
3035 蜗 wo1 3034 
3036 蛾 e2 3035 
3037 蜂 feng1 3036 
3038 蜕 tui4 3037 
3039 嗅 xiu4 3038 
3040 嗡 weng1 3039 
3041 嗓 sang3 3040 
3042 署 shu3 3041 "薯 shu3, 曙 shu3"
3043 置 zhi4 3042 
3044 罪 zui4 3043 
3045 罩 zhao4 3044 
3046 蜀 shu3 3045 
3047 幌 huang3 3046 
3048 错 cuo4 3047 
3049 锚 mao2 3048 
3050 锡 xi1 3049 
3051 锣 luo2 3050 
3052 锤 chui2 3051 
3053 锥 zhui1 3052 
3054 锦 jin3 3053 
3055 键 jian4 3054 
3056 锯 ju4 3055 
3057 锰 meng3 3056 
3058 矮 ai3 3057 
3059 辞 ci2 3058 
3060 稚 zhi4 3059 
3061 稠 chou2 3060 
3062 颓 tui2 3061 
3063 愁 chou2 3062 
3064 筹 chou2 3063 
3065 签 qian1 3064 
3066 简 jian3 3065 
3067 筷 kuai4 3066 
3068 毁 hui3 3067 
3069 舅 jiu4 3068 
3070 鼠 shu3 3069 
3071 催 cui1 3070 
3072 傻 sha3 3071 
3073 像 xiang4 3072 
3074 躲 duo3 3073 
3075 魁 kui2 3074 
3076 衙 ya2 3075 
3077 微 wei1 3076 "薇 wei1"
3078 愈 yu4 3077 
3079 遥 yao2 3078 
3080 腻 ni4 3079 
3081 腰 yao1 3080 
3082 腥 xing1 3081 
3083 腮 sai1 3082 
3084 腹 fu4 3083 
3085 腺 xian4 3084 
3086 鹏 peng2 3085 
3087 腾 teng2 3086 
3088 腿 tui3 3087 
3089 鲍 bao4 3088 
3090 猿 yuan2 3089 
3091 颖 ying3 3090 
3092 触 chu4 3091 
3093 解 jie3 3092 "懈 xie4, 蟹 xie4"
3094 煞 sha1 3093 
3095 雏 chu2 3094 
3096 馍 mo2 3095 
3097 馏 liu2 3096 
3098 酱 jiang4 3097 
3099 禀 bing3 3098 "凛 lin3"
3100 畀 bi4 3099 "痹 bi4, 鼻 bi2"
3101 痹 bi4 3100 
3102 廓 kuo4 3101 
3103 痴 chi1 3102 
3104 痰 tan2 3103 
3105 廉 lian2 3104 "镰 lian2"
3106 靖 jing4 3105 
3107 新 xin1 3106 "薪 xin1"
3108 韵 yun4 3107 
3109 意 yi4 3108 
3110 誊 teng2 3109 
3111 粮 liang2 3110 
3112 数 shu4 3111 
3113 煎 jian1 3112 
3114 朔 shuo4 3113 "塑 su4, 溯 su4"
3115 塑 su4 3114 
3116 慈 ci2 3115 
3117 煤 mei2 3116 
3118 煌 huang2 3117 
3119 𬜯 liang3 3118 
3120 满 man3 3119 
3121 漠 mo4 3120 
3122 滇 dian1 3121 
3123 源 yuan2 3122 
3124 滤 lü4 3123 
3125 滥 lan4 3124 
3126 滔 tao1 3125 
3127 奚 xi1 3126 "溪 xi1"
3128 溪 xi1 3127 
3129 溜 liu1 3128 
3130 漓 li2 3129 
3131 衮 gun3 3130 "滚 gun3"
3132 滚 gun3 3131 
3133 溢 yi4 3132 
3134 溯 su4 3133 
3135 滨 bin1 3134 
3136 溶 rong2 3135 
3137 溺 ni4 3136 
3138 粱 liang2 3137 
3139 滩 tan1 3138 
3140 慎 shen4 3139 
3141 誉 yu4 3140 
3142 塞 se4 3141 
3143 寞 mo4 3142 
3144 窥 kui1 3143 
3145 窟 ku1 3144 
3146 寝 qin3 3145 
3147 谨 jin3 3146 
3148 褂 gua4 3147 
3149 裸 luo3 3148 
3150 福 fu2 3149 
3151 谬 miu4 3150 
3152 群 qun2 3151 
3153 殿 dian4 3152 "臀 tun2"
3154 辟 pi4 3153 "僻 pi4, 劈 pi1, 壁 bi4, 避 bi4, 臂 bi4"
3155 障 zhang4 3154 
3156 媳 xi2 3155 
3157 嫉 ji2 3156 
3158 嫌 xian2 3157 
3159 嫁 jia4 3158 
3160 叠 die2 3159 
3161 缚 fu4 3160 
3162 缝 feng4 3161 
3163 缠 chan2 3162 
3164 缤 bin1 3163 
3165 剿 jiao3 3164 
3166 静 jing4 3165 
3167 珀 po4 3166 "碧 bi4"
3168 碧 bi4 3167 
3169 璃 li2 3168 
3170 赘 zhui4 3169 
3171 熬 ao2 3170 
3172 啬 se4 3171 "墙 qiang2"
3173 墙 qiang2 3172 
3174 墟 xu1 3173 
3175 嘉 jia1 3174 
3176 摧 cui1 3175 
3177 赫 he4 3176 
3178 截 jie2 3177 
3179 誓 shi4 3178 
3180 境 jing4 3179 
3181 摘 zhai1 3180 
3182 摔 shuai1 3181 
3183 敝 bi4 3182 "撇 pie1, 蔽 bi4, 弊 bi4, 憋 bie1, 鳖 bie1"
3184 撇 pie1 3183 
3185 聚 ju4 3184 "骤 zhou4"
3186 慕 mu4 3185 
3187 暮 mu4 3186 
3188 摹 mo2 3187 
3189 蔓 man4 3188 
3190 戍 shu4 3189 "蔑 mie4"
3191 蔑 mie4 3190 
3192 蔡 cai4 3191 
3193 蔗 zhe4 3192 
3194 蔽 bi4 3193 
3195 谒 ye4 3194 "蔼 ai3"
3196 蔼 ai3 3195 
3197 熙 xi1 3196 
3198 蔚 wei4 3197 
3199 兢 jing1 3198 
3200 模 mo2 3199 
3201 槛 jian4 3200 
3202 榴 liu2 3201 
3203 榜 bang3 3202 
3204 榨 zha4 3203 
3205 榕 rong2 3204 
3206 歌 ge1 3205 
3207 遭 zao1 3206 
3208 酵 jiao4 3207 
3209 酷 ku4 3208 
3210 酿 niang4 3209 
3211 酸 suan1 3210 
3212 碟 die2 3211 
3213 碱 jian3 3212 
3214 碳 tan4 3213 
3215 磁 ci2 3214 
3216 愿 yuan4 3215 
3217 需 xu1 3216 "儒 ru2, 懦 nuo4, 蠕 ru2, 糯 nuo4"
3218 辖 xia2 3217 
3219 辗 zhan3 3218 
3220 雌 ci2 3219 
3221 裳 shang5 3220 
3222 颗 ke1 3221 
3223 瞅 chou3 3222 
3224 墅 shu4 3223 
3225 嗽 sou4 3224 
3226 踊 yong3 3225 
3227 蜻 qing1 3226 
3228 蜡 la4 3227 
3229 蝇 ying2 3228 
3230 蜘 zhi1 3229 
3231 蝉 chan2 3230 
3232 嘛 ma5 3231 
3233 嘀 di2 3232 
3234 赚 zhuan4 3233 
3235 锹 qiao1 3234 
3236 锻 duan4 3235 
3237 镀 du4 3236 
3238 舛 chuan3 3237 "舞 wu3, 舜 shun4"
3239 舞 wu3 3238 
3240 舔 tian3 3239 
3241 稳 wen3 3240 
3242 熏 xun1 3241 
3243 箕 ji1 3242 
3244 算 suan4 3243 
3245 箩 luo2 3244 
3246 管 guan3 3245 
3247 箫 xiao1 3246 
3248 舆 yu2 3247 
3249 僚 liao2 3248 
3250 僧 seng1 3249 
3251 鼻 bi2 3250 
3252 魄 po4 3251 
3253 魅 mei4 3252 
3254 貌 mao4 3253 "藐 miao3"
3255 膜 mo2 3254 
3256 膊 bo2 3255 
3257 膀 bang3 3256 
3258 鲜 xian1 3257 "癣 xuan3"
3259 疑 yi2 3258 "凝 ning2"
3260 孵 fu1 3259 
3261 馒 man2 3260 
3262 裹 guo3 3261 
3263 敲 qiao1 3262 
3264 豪 hao2 3263 "嚎 hao2"
3265 膏 gao1 3264 
3266 遮 zhe1 3265 
3267 腐 fu3 3266 
3268 瘩 da2 3267 
3269 瘟 wen1 3268 
3270 瘦 shou4 3269 
3271 辣 la4 3270 
3272 彰 zhang1 3271 
3273 竭 jie2 3272 
3274 端 duan1 3273 
3275 旗 qi2 3274 
3276 精 jing1 3275 
3277 粹 cui4 3276 
3278 歉 qian4 3277 
3279 弊 bi4 3278 
3280 熄 xi1 3279 
3281 熔 rong2 3280 
3282 煽 shan1 3281 
3283 潇 xiao1 3282 
3284 漆 qi1 3283 
3285 漱 shu4 3284 
3286 漂 piao1 3285 
3287 漫 man4 3286 
3288 滴 di1 3287 
3289 羕 yang4 3288 "漾 yang4"
3290 漾 yang4 3289 
3291 演 yan3 3290 
3292 漏 lou4 3291 
3293 慢 man4 3292 
3294 慷 kang1 3293 
3295 寨 zhai4 3294 
3296 赛 sai4 3295 
3297 寡 gua3 3296 
3298 察 cha2 3297 "擦 ca1"
3299 蜜 mi4 3298 
3300 寥 liao2 3299 
3301 覃 qin2 3300 "谭 tan2, 潭 tan2"
3302 谭 tan2 3301 
3303 肇 zhao4 3302 
3304 褐 he4 3303 
3305 褪 tui4 3304 
3306 谱 pu3 3305 
3307 隧 sui4 3306 
3308 敕 chi4 3307 "嫩 nen4, 整 zheng3"
3309 嫩 nen4 3308 
3310 翠 cui4 3309 
3311 熊 xiong2 3310 
3312 凳 deng4 3311 
3313 骡 luo2 3312 
3314 缩 suo1 3313 
3315 彗 hui4 3314 "慧 hui4"
3316 慧 hui4 3315 
3317 辇 nian3 3316 "撵 nian3"
3318 撵 nian3 3317 
3319 撕 si1 3318 
3320 撒 sa1 3319 
3321 撩 liao1 3320 
3322 趣 qu4 3321 
3323 趟 tang4 3322 
3324 撑 cheng1 3323 
3325 撮 cuo1 3324 
3326 毳 cui4 3325 "撬 qiao4"
3327 撬 qiao4 3326 
3328 播 bo1 3327 
3329 擒 qin2 3328 
3330 墩 dun1 3329 
3331 撞 zhuang4 3330 
3332 撤 che4 3331 
3333 增 zeng1 3332 
3334 巽 xun4 3333 "撰 zhuan4"
3335 撰 zhuan4 3334 
3336 聪 cong1 3335 
3337 鞋 xie2 3336 
3338 鞍 an1 3337 
3339 蕉 jiao1 3338 
3340 蕊 rui3 3339 
3341 蔬 shu1 3340 
3342 缊 yun4 3341 "蕴 yun4"
3343 蕴 yun4 3342 
3344 横 heng2 3343 
3345 槽 cao2 3344 
3346 樱 ying1 3345 
3347 橡 xiang4 3346 
3348 樟 zhang1 3347 
3349 橄 gan3 3348 
3350 敷 fu1 3349 
3351 豌 wan1 3350 
3352 飘 piao1 3351 
3353 醋 cu4 3352 
3354 醇 chun2 3353 
3355 醉 zui4 3354 
3356 盍 he2 3355 "磕 ke1"
3357 磕 ke1 3356 
3358 磊 lei3 3357 
3359 磅 bang4 3358 
3360 碾 nian3 3359 
3361 震 zhen4 3360 
3362 霄 xiao1 3361 
3363 霉 mei2 3362 
3364 瞒 man2 3363 
3365 题 ti2 3364 
3366 暴 bao4 3365 "瀑 pu4, 曝 pu4, 爆 bao4"
3367 瞎 xia1 3366 
3368 嘻 xi1 3367 
3369 嘶 si1 3368 
3370 嘲 chao2 3369 
3371 嘹 liao2 3370 
3372 影 ying3 3371 
3373 踢 ti1 3372 
3374 沓 da2 3373 "踏 ta4"
3375 踏 ta4 3374 
3376 踩 cai3 3375 
3377 踪 zong1 3376 
3378 蝶 die2 3377 
3379 蝴 hu2 3378 
3380 蝠 fu2 3379 
3381 蝎 xie1 3380 
3382 蝌 ke1 3381 
3383 蝗 huang2 3382 
3384 蝙 bian1 3383 
3385 嘿 hei1 3384 
3386 嘱 zhu3 3385 
3387 幢 chuang2 3386 
3388 墨 mo4 3387 
3389 镇 zhen4 3388 
3390 镐 gao3 3389 
3391 镑 bang4 3390 
3392 靠 kao4 3391 
3393 稽 ji1 3392 
3394 稻 dao4 3393 
3395 黎 li2 3394 
3396 稿 gao3 3395 
3397 稼 jia4 3396 
3398 箱 xiang1 3397 
3399 篓 lou3 3398 
3400 箭 jian4 3399 
3401 篇 pian1 3400 
3402 僵 jiang1 3401 
3403 躺 tang3 3402 
3404 僻 pi4 3403 
3405 德 de2 3404 
3406 艘 sou1 3405 
3407 膝 xi1 3406 
3408 膛 tang2 3407 
3409 鲤 li3 3408 
3410 鲫 ji4 3409 
3411 孰 shu2 3410 "熟 shu2"
3412 熟 shu2 3411 
3413 摩 mo2 3412 
3414 褒 bao1 3413 
3415 瘪 bie3 3414 
3416 瘤 liu2 3415 
3417 瘫 tan1 3416 
3418 凛 lin3 3417 
3419 颜 yan2 3418 
3420 毅 yi4 3419 
3421 糊 hu2 3420 
3422 遵 zun1 3421 
3423 憋 bie1 3422 
3424 潜 qian2 3423 
3425 澎 peng2 3424 
3426 潮 chao2 3425 
3427 潭 tan2 3426 
3428 鲨 sha1 3427 
3429 澳 ao4 3428 
3430 潘 pan1 3429 
3431 澈 che4 3430 
3432 阑 lan2 3431 "澜 lan2"
3433 澜 lan2 3432 
3434 澄 cheng2 3433 
3435 懂 dong3 3434 
3436 憔 qiao2 3435 
3437 懊 ao4 3436 
3438 憎 zeng1 3437 
3439 额 e2 3438 
3440 翩 pian1 3439 
3441 褥 ru4 3440 
3442 谴 qian3 3441 
3443 隺 he4 3442 "鹤 he4"
3444 鹤 he4 3443 
3445 憨 han1 3444 
3446 慰 wei4 3445 
3447 劈 pi1 3446 
3448 履 lü3 3447 
3449 豫 yu4 3448 
3450 缭 liao2 3449 
3451 撼 han4 3450 
3452 擂 lei2 3451 
3453 操 cao1 3452 
3454 亶 dan3 3453 "擅 shan4, 檀 tan2, 颤 chan4"
3455 擅 shan4 3454 
3456 燕 yan1 3455 
3457 蕾 lei3 3456 
3458 薯 shu3 3457 
3459 薛 xue1 3458 "孽 nie4"
3460 薇 wei1 3459 
3461 擎 qing2 3460 
3462 薪 xin1 3461 
3463 溥 pu3 3462 "薄 bo2, 簿 bu4"
3464 薄 bo2 3463 
3465 颠 dian1 3464 "巅 dian1"
3466 翰 han4 3465 
3467 噩 e4 3466 
3468 橱 chu2 3467 
3469 橙 cheng2 3468 
3470 矞 yu4 3469 "橘 ju2"
3471 橘 ju2 3470 
3472 整 zheng3 3471 
3473 融 rong2 3472 
3474 瓢 piao2 3473 
3475 醒 xing3 3474 
3476 霍 huo4 3475 
3477 霎 sha4 3476 
3478 辙 zhe2 3477 
3479 冀 ji4 3478 
3480 餐 can1 3479 
3481 觜 zi1 3480 "嘴 zui3"
3482 嘴 zui3 3481 
3483 踱 duo2 3482 
3484 蹄 ti2 3483 
3485 蹂 rou2 3484 
3486 蟆 ma2 3485 
3487 螃 pang2 3486 
3488 器 qi4 3487 
3489 噪 zao4 3488 
3490 鹦 ying1 3489 
3491 赠 zeng4 3490 
3492 默 mo4 3491 
3493 黔 qian2 3492 
3494 镜 jing4 3493 
3495 赞 zan4 3494 
3496 穆 mu4 3495 
3497 篮 lan2 3496 
3498 篡 cuan4 3497 
3499 篷 peng2 3498 
3500 篱 li2 3499 
3501 儒 ru2 3500 
3502 敫 jiao3 3501 "邀 yao1, 激 ji1, 缴 jiao3"
3503 邀 yao1 3502 
3504 衡 heng2 3503 
3505 膨 peng2 3504 
3506 雕 diao1 3505 
3507 鲸 jing1 3506 
3508 磨 mo2 3507 "蘑 mo2"
3509 瘾 yin3 3508 
3510 瘸 que2 3509 
3511 凝 ning2 3510 
3512 辨 bian4 3511 
3513 辩 bian4 3512 
3514 糙 cao1 3513 
3515 糖 tang2 3514 
3516 糕 gao1 3515 
3517 燃 ran2 3516 
3518 濒 bin1 3517 
3519 澡 zao3 3518 "藻 zao3"
3520 激 ji1 3519 
3521 懒 lan3 3520 
3522 憾 han4 3521 
3523 懈 xie4 3522 
3524 窿 long2 3523 
3525 壁 bi4 3524 
3526 避 bi4 3525 
3527 缰 jiang1 3526 
3528 缴 jiao3 3527 
3529 戴 dai4 3528 
3530 擦 ca1 3529 
3531 耤 ji2 3530 "藉 ji2, 籍 ji2"
3532 藉 ji2 3531 
3533 鞠 ju1 3532 
3534 戕 qiang1 3533 "臧 zang1"
3535 臧 zang1 3534 "藏 cang2"
3536 藏 cang2 3535 
3537 藐 miao3 3536 
3538 檬 meng2 3537 
3539 詹 zhan1 3538 "檐 yan2, 赡 shan4, 瞻 zhan1"
3540 檐 yan2 3539 
3541 檀 tan2 3540 
3542 礁 jiao1 3541 
3543 磷 lin2 3542 
3544 霜 shuang1 3543 
3545 霞 xia2 3544 
3546 瞭 liao4 3545 
3547 瞧 qiao2 3546 
3548 舜 shun4 3547 "瞬 shun4"
3549 瞬 shun4 3548 
3550 瞳 tong2 3549 
3551 瞩 zhu3 3550 
3552 瞪 deng4 3551 
3553 曙 shu3 3552 
3554 蹋 ta4 3553 
3555 蹈 dao3 3554 
3556 螺 luo2 3555 
3557 蟋 xi1 3556 
3558 蟀 shuai4 3557 
3559 嚎 hao2 3558 
3560 赡 shan4 3559 
3561 穗 sui4 3560 
3562 魏 wei4 3561 "巍 wei1"
3563 簧 huang2 3562 
3564 簇 cu4 3563 
3565 繁 fan2 3564 
3566 徽 hui1 3565 
3567 爵 jue2 3566 "嚼 jiao2"
3568 朦 meng2 3567 
3569 臊 sao1 3568 
3570 鳄 e4 3569 
3571 癌 ai2 3570 
3572 辫 bian4 3571 
3573 赢 ying2 3572 
3574 糟 zao1 3573 
3575 糠 kang1 3574 
3576 燥 zao4 3575 
3577 懦 nuo4 3576 
3578 豁 huo4 3577 
3579 臀 tun2 3578 
3580 臂 bi4 3579 
3581 翼 yi4 3580 
3582 骤 zhou4 3581 
3583 耦 ou3 3582 "藕 ou3"
3584 藕 ou3 3583 
3585 鞭 bian1 3584 
3586 滕 teng2 3585 "藤 teng2"
3587 藤 teng2 3586 
3588 覆 fu4 3587 
3589 瞻 zhan1 3588 
3590 蹦 beng4 3589 
3591 嚣 xiao1 3590 
3592 镰 lian2 3591 
3593 翻 fan1 3592 
3594 鳍 qi2 3593 
3595 鹰 ying1 3594 
3596 瀑 pu4 3595 
3597 襟 jin1 3596 
3598 璧 bi4 3597 
3599 翟 di2 3598 "戳 chuo1, 耀 yao4"
3600 戳 chuo1 3599 
3601 孽 nie4 3600 
3602 警 jing3 3601 
3603 蘑 mo2 3602 
3604 藻 zao3 3603 
3605 樊 fan2 3604 "攀 pan1"
3606 攀 pan1 3605 
3607 曝 pu4 3606 
3608 蹲 dun1 3607 
3609 蹭 ceng4 3608 
3610 蹬 deng1 3609 
3611 巅 dian1 3610 
3612 簸 bo3 3611 
3613 簿 bu4 3612 
3614 蟹 xie4 3613 
3615 颤 chan4 3614 
3616 靡 mi3 3615 
3617 癣 xuan3 3616 
3618 瓣 ban4 3617 
3619 羹 geng1 3618 
3620 鳖 bie1 3619 
3621 爆 bao4 3620 
3622 疆 jiang1 3621 
3623 鬓 bin4 3622 
3624 襄 xiang1 3623 "壤 rang3, 嚷 rang3, 镶 xiang1, 瓤 rang2"
3625 壤 rang3 3624 
3626 馨 xin1 3625 
3627 耀 yao4 3626 
3628 躁 zao4 3627 
3629 蠕 ru2 3628 
3630 嚼 jiao2 3629 
3631 嚷 rang3 3630 
3632 巍 wei1 3631 
3633 籍 ji2 3632 
3634 鳞 lin2 3633 
3635 魔 mo2 3634 
3636 糯 nuo4 3635 
3637 灌 guan4 3636 
3638 譬 pi4 3637 
3639 蠢 chun3 3638 
3640 霸 ba4 3639 
3641 露 lu4 3640 
3642 霹 pi1 3641 
3643 蔺 lin4 3642 "躏 lin4"
3644 躏 lin4 3643 
3645 黯 an4 3644 
3646 髓 sui3 3645 
3647 赣 gan4 3646 
3648 囊 nang2 3647 
3649 镶 xiang1 3648 
3650 瓤 rang2 3649 
3651 罐 guan4 3650 
3652 矗 chu4 3651 
3653 孑 jie2 3652 
3654 孓 jue2 3653 
3655 亓 qi2 3654 
3656 丏 mian3 3655 "沔 mian3"
3657 仄 ze4 3656 "昃 ze4"
3658 仃 ding1 3657 
3659 仉 zhang3 3658 
3660 仂 le4 3659 
3661 兮 xi1 3660 
3662 刈 yi4 3661 
3663 卞 bian4 3662 "抃 bian4, 苄 bian4, 汴 bian4, 忭 bian4"
3664 闩 shuan1 3663 
3665 讣 fu4 3664 
3666 毋 wu2 3665 
3667 邗 han2 3666 
3668 邛 qiong2 3667 
3669 艽 jiao1 3668 
3670 艿 nai3 3669 
3671 札 zha2 3670 
3672 叵 po3 3671 
3673 匜 yi2 3672 
3674 劢 mai4 3673 
3675 卟 bu3 3674 
3676 叱 chi4 3675 
3677 叻 le4 3676 
3678 仨 sa1 3677 
3679 仕 shi4 3678 "茌 chi2"
3680 仟 qian1 3679 
3681 仡 ge1 3680 
3682 仫 mu4 3681 
3683 仞 ren4 3682 
3684 卮 zhi1 3683 
3685 犰 qiu2 3684 
3686 邝 kuang4 3685 
3687 邙 mang2 3686 
3688 汀 ting1 3687 
3689 讦 jie2 3688 
3690 讧 hong4 3689 
3691 讪 shan4 3690 
3692 讫 qi4 3691 
3693 尻 kao1 3692 
3694 阡 qian1 3693 
3695 尕 ga3 3694 
3696 弁 bian4 3695 
3697 驭 yu4 3696 
3698 玎 ding1 3697 
3699 玑 ji1 3698 
3700 邢 xing2 3699 
3701 圩 wei2 3700 
3702 圬 wu1 3701 
3703 扦 qian1 3702 
3704 圪 ge1 3703 
3705 圳 zhen4 3704 
3706 圹 kuang4 3705 
3707 扪 men2 3706 
3708 圮 pi3 3707 
3709 圯 yi2 3708 
3710 芊 qian1 3709 
3711 芍 shao2 3710 
3712 芄 wan2 3711 
3713 芨 ji1 3712 
3714 芑 qi3 3713 
3715 芎 xiong1 3714 
3716 芗 xiang1 3715 
3717 厍 she4 3716 
3718 夼 kuang3 3717 
3719 尥 liao4 3718 
3720 乩 ji1 3719 
3721 旯 la2 3720 
3722 岌 ji2 3721 
3723 屺 qi3 3722 
3724 凼 dang4 3723 
3725 囡 nan1 3724 
3726 钇 yi3 3725 
3727 氘 dao1 3726 
3728 氖 nai3 3727 
3729 牝 pin4 3728 
3730 伎 ji4 3729 
3731 伛 yu3 3730 
3732 伢 ya2 3731 
3733 佤 wa3 3732 
3734 仵 wu3 3733 
3735 伥 chang1 3734 
3736 伧 cang1 3735 
3737 伉 kang4 3736 
3738 伫 zhu4 3737 
3739 汆 cuan1 3738 
3740 夙 su4 3739 
3741 旮 ga1 3740 
3742 刎 wen3 3741 
3743 犷 guang3 3742 
3744 犸 ma3 3743 
3745 凫 fu2 3744 
3746 邬 wu1 3745 
3747 饧 xing2 3746 
3748 汕 shan4 3747 
3749 汔 qi4 3748 
3750 汐 xi1 3749 
3751 汲 ji2 3750 
3752 汜 si4 3751 
3753 汊 cha4 3752 
3754 忖 cun3 3753 
3755 忏 chan4 3754 
3756 讴 ou1 3755 
3757 讵 ju4 3756 
3758 祁 qi2 3757 
3759 讷 ne4 3758 
3760 厾 du1 3759 
3761 阱 jing3 3760 
3762 阮 ruan3 3761 
3763 阪 ban3 3762 
3764 妁 shuo4 3763 
3765 牟 mou2 3764 
3766 纡 yu1 3765 
3767 纣 zhou4 3766 
3768 纥 he2 3767 
3769 纨 wan2 3768 
3770 玕 gan1 3769 
3771 玙 yu2 3770 
3772 抟 tuan2 3771 
3773 抔 pou2 3772 
3774 圻 qi2 3773 
3775 坂 ban3 3774 
3776 坍 tan1 3775 
3777 坞 wu4 3776 
3778 抃 bian4 3777 
3779 抉 jue2 3778 
3780 㧐 song3 3779 
3781 芫 yan2 3780 
3782 邯 han2 3781 
3783 芸 yun2 3782 
3784 芾 fei4 3783 
3785 苈 li4 3784 
3786 苣 ju4 3785 
3787 芷 zhi3 3786 
3788 芮 rui4 3787 
3789 芼 mao4 3788 
3790 苌 chang2 3789 
3791 苁 cong1 3790 
3792 芩 qin2 3791 
3793 芪 qi2 3792 
3794 芡 qian4 3793 
3795 芟 shan1 3794 
3796 苄 bian4 3795 
3797 苎 zhu4 3796 
3798 苡 yi3 3797 
3799 杌 wu4 3798 
3800 杓 biao1 3799 
3801 杞 qi3 3800 
3802 杈 cha1 3801 
3803 忑 te4 3802 
3804 邴 bing3 3803 
3805 邳 pi1 3804 
3806 矶 ji1 3805 
3807 奁 lian2 3806 
3808 忒 tui1 3807 
3809 欤 yu2 3808 
3810 轫 ren4 3809 
3811 迓 ya4 3810 
3812 邶 bei4 3811 
3813 忐 tan3 3812 
3814 卣 you3 3813 
3815 邺 ye4 3814 
3816 旰 gan4 3815 
3817 呋 fu1 3816 
3818 呒 m2 3817 
3819 呓 yi4 3818 
3820 呔 dai1 3819 
3821 呖 li4 3820 
3822 呃 e4 3821 
3823 旸 yang2 3822 
3824 吡 bi3 3823 
3825 町 ding1 3824 
3826 虬 qiu2 3825 
3827 呗 bei5 3826 
3828 吽 hong1 3827 
3829 吣 qin4 3828 
3830 吲 yin3 3829 
3831 帏 wei2 3830 
3832 岐 qi2 3831 
3833 岈 ya2 3832 
3834 岘 xian4 3833 
3835 岑 cen2 3834 
3836 岚 lan2 3835 
3837 兕 si4 3836 
3838 囵 lun2 3837 
3839 囫 hu2 3838 
3840 钊 zhao1 3839 
3841 钋 po1 3840 
3842 钌 liao3 3841 
3843 迕 wu3 3842 
3844 氙 xian1 3843 
3845 氚 chuan1 3844 
3846 牤 mang1 3845 
3847 佞 ning4 3846 
3848 邱 qiu1 3847 
3849 佚 yi4 3848 
3850 佝 gou1 3849 
3851 佟 tong2 3850 
3852 佗 tuo2 3851 
3853 伽 ga1 3852 
3854 彷 pang2 3853 
3855 佘 she2 3854 
3856 坌 ben4 3855 
3857 肟 wo4 3856 
3858 邸 di3 3857 
3859 劬 qu2 3858 
3860 狄 di2 3859 
3861 狁 yun3 3860 
3862 鸠 jiu1 3861 
3863 邹 zou1 3862 
3864 饨 tun2 3863 
3865 饩 xi4 3864 
3866 饪 ren4 3865 
3867 饫 yu4 3866 
3868 饬 chi4 3867 
3869 庑 wu3 3868 
3870 庋 gui3 3869 
3871 疔 ding1 3870 
3872 疖 jie1 3871 
3873 肓 huang1 3872 
3874 闱 wei2 3873 
3875 闳 hong2 3874 
3876 羌 qiang1 3875 
3877 炀 yang2 3876 
3878 沣 feng1 3877 
3879 沅 yuan2 3878 
3880 沔 mian3 3879 
3881 沤 ou4 3880 
3882 沌 dun4 3881 
3883 沏 qi1 3882 
3884 沚 zhi3 3883 
3885 汩 gu3 3884 
3886 汨 mi4 3885 
3887 沂 yi2 3886 
3888 汾 fen2 3887 
3889 沨 feng1 3888 
3890 汴 bian4 3889 
3891 汶 wen4 3890 
3892 沆 hang4 3891 
3893 沩 wei2 3892 
3894 泐 le4 3893 
3895 怃 wu3 3894 
3896 怄 ou4 3895 
3897 忡 chong1 3896 
3898 忤 wu3 3897 
3899 忾 kai4 3898 
3900 怅 chang4 3899 
3901 忻 xin1 3900 
3902 忪 song1 3901 
3903 怆 chuang4 3902 
3904 忭 bian4 3903 
3905 忸 niu3 3904 
3906 诂 gu3 3905 
3907 诃 he1 3906 
3908 诅 zu3 3907 
3909 诋 di3 3908 
3910 诌 zhou1 3909 
3911 诏 zhao4 3910 
3912 诒 yi2 3911 
3913 孜 zi1 3912 
3914 陇 long3 3913 
3915 陀 tuo2 3914 
3916 陂 pi2 3915 
3917 陉 xing2 3916 
3918 妍 yan2 3917 
3919 妩 wu3 3918 
3920 妪 yu4 3919 
3921 妣 bi3 3920 
3922 妊 ren4 3921 
3923 妗 jin4 3922 
3924 妫 gui1 3923 
3925 妞 niu1 3924 
3926 姒 si4 3925 
3927 妤 yu2 3926 
3928 邵 shao4 3927 
3929 劭 shao4 3928 
3930 刭 jing3 3929 
3931 邰 tai2 3930 
3932 纭 yun2 3931 
3933 纰 pi1 3932 
3934 纴 ren4 3933 
3935 纶 guan1 3934 
3936 纾 shu1 3935 
3937 玮 wei3 3936 
3938 玡 ya2 3937 
3939 玭 pin2 3938 
3940 玠 jie4 3939 
3941 玢 bin1 3940 
3942 玥 yue4 3941 
3943 玦 jue2 3942 
3944 盂 yu2 3943 
3945 匦 gui3 3944 
3946 坩 gan1 3945 
3947 抨 peng1 3946 
3948 拤 qia2 3947 
3949 坫 dian4 3948 
3950 拈 nian1 3949 
3951 垆 lu2 3950 
3952 抻 chen1 3951 
3953 劼 jie2 3952 
3954 拃 zha3 3953 
3955 拊 fu3 3954 
3956 坼 che4 3955 
3957 坻 di3 3956 
3958 㧟 kuai3 3957 
3959 坨 tuo2 3958 
3960 坭 ni2 3959 
3961 抿 min3 3960 
3962 坳 ao4 3961 
3963 苷 gan1 3962 
3964 苯 ben3 3963 
3965 苤 pie3 3964 
3966 茏 long2 3965 
3967 苫 shan1 3966 
3968 苜 mu4 3967 
3969 苴 ju1 3968 
3970 苒 ran3 3969 
3971 苘 qing3 3970 
3972 茌 chi2 3971 
3973 苻 fu2 3972 
3974 苓 ling2 3973 
3975 茚 yin4 3974 
3976 茆 mao2 3975 
3977 茑 niao3 3976 
3978 茓 xue2 3977 
3979 茔 ying2 3978 
3980 茕 qiong2 3979 
3981 茀 fu2 3980 
3982 苕 shao2 3981 
3983 枥 li4 3982 
3984 枇 pi2 3983 
3985 杪 miao3 3984 
3986 杳 yao3 3985 
3987 枧 jian3 3986 
3988 杵 chu3 3987 
3989 枨 cheng2 3988 
3990 枞 cong1 3989 
3991 枋 fang1 3990 
3992 杻 chou3 3991 
3993 杷 pa2 3992 
3994 杼 zhu4 3993 
3995 矸 gan1 3994 
3996 砀 dang4 3995 
3997 刳 ku1 3996 
3998 瓯 ou1 3997 
3999 殁 mo4 3998 
4000 郏 jia2 3999 
4001 轭 e4 4000 
4002 郅 zhi4 4001 
4003 鸢 yuan1 4002 
4004 盱 xu1 4003 
4005 昊 hao4 4004 
4006 昙 tan2 4005 
4007 昃 ze4 4006 
4008 咂 za1 4007 
4009 呸 pei1 4008 
4010 昕 xin1 4009 
4011 昀 yun2 4010 
4012 旻 min2 4011 
4013 昉 fang3 4012 
4014 炅 gui4 4013 
4015 咔 ka1 4014 
4016 虮 ji3 4015 
4017 咀 ju3 4016 
4018 呷 xia1 4017 
4019 呱 gu1 4018 
4020 呤 ling4 4019 
4021 咚 dong1 4020 
4022 咆 pao2 4021 
4023 咛 ning2 4022 
4024 呶 nao2 4023 
4025 呣 m2 4024 
4026 呦 you1 4025 
4027 咝 si1 4026 
4028 岢 ke3 4027 
4029 岿 kui1 4028 
4030 岬 jia3 4029 
4031 岫 xiu4 4030 
4032 帙 zhi4 4031 
4033 岣 gou3 4032 
4034 峁 mao3 4033 
4035 刿 gui4 4034 
4036 迥 jiong3 4035 
4037 岷 min2 4036 
4038 剀 kai3 4037 
4039 帔 pei4 4038 
4040 峄 yi4 4039 
4041 囹 ling2 4040 
4042 罔 wang3 4041 
4043 钍 tu3 4042 
4044 钎 qian1 4043 
4045 钏 chuan4 4044 
4046 钒 fan2 4045 
4047 钕 nü3 4046 
4048 钗 chai1 4047 
4049 邾 zhu1 4048 
4050 迮 ze2 4049 
4051 牦 mao2 4050 
4052 竺 zhu2 4051 
4053 迤 yi2 4052 
4054 佶 ji2 4053 
4055 佬 lao3 4054 
4056 侑 you4 4055 
4057 侉 kua3 4056 
4058 臾 yu2 4057 
4059 岱 dai4 4058 
4060 侗 dong4 4059 
4061 侃 kan3 4060 
4062 侏 zhu1 4061 
4063 侩 kuai4 4062 
4064 佻 tiao1 4063