是 shi4 yu2/shi4/ling2/yu4/jue2 "是 shi4 to be (followed by substantives only); correct; right; true; (respectful acknowledgement of a command) very well; (adverb for emphatic assertion)
就是 jiu4shi4 exactly; precisely; only; simply; just; even if
不是 bu2shi5 fault; blame
还是 hai2shi5 still (as before); had better; unexpectedly; or
但是 dan4shi4 but; however" 0
会 hui4 yu4/qi2/fu2/yi4/hui4 "会 hui4 can; to have the skill; to know how to; to be likely to; to be sure to; to meet; to get together; meeting; gathering; (suffix) union; group; association
不会 bu4hui4 improbable; unlikely; will not (act, happen etc); not able; not having learned to do sth; not at all
社会 she4hui4 society
都会 du1hui4 city; metropolis
会议 hui4yi4 meeting; conference" 1
与 yu4 yu2/yu4/li4/shi4 "与 yu3 and; to give; together with
参与 can1yu4 to participate (in sth)
与其 yu3qi2 rather than...
与会 yu4hui4 to participate in a meeting
与共 yu3gong4 to experience together with sb" 2
几 ji1 ji1/bo2/ji4/bi4/lu4 "几 ji3 how much; how many; several; a few
几乎 ji1hu1 almost; nearly; practically
十几 shi2ji3 more than ten; a dozen or more
好几 hao3ji3 several; quite a few
几千 ji3qian1 several thousand" 3
事 shi4 hui4/shi4/ji4/ji2/zhi4 "事 shi4 matter; thing; item; work; affair
事情 shi4qing5 affair; matter; thing; business
故事 gu4shi5 narrative; story; tale
事件 shi4jian4 event; happening; incident
事业 shi4ye4 undertaking; project; activity; (charitable, political or revolutionary) cause; publicly funded institution, enterprise or foundation; career; occupation" 4
于 yu2 bo2/ji1/ling2/ji4/yu2 "于 yu2 to go; to take; sentence-final interrogative particle; (of time or place) in; at; on; (indicating any indirect relation) to; toward; with regard to; for; (indicating a source) from; out of
于是 yu2shi4 thereupon; as a result; consequently; thus; hence
由于 you2yu2 due to; as a result of; thanks to; owing to; since; because
对于 dui4yu2 regarding; as far as (sth) is concerned; with regard to
终于 zhong1yu2 at last; in the end; finally; eventually" 5
觉 jue2 ji4/jue2/yu2/yi4 "觉得 jue2de5 to think that ...; to feel that ...; to feel (uncomfortable etc)
感觉 gan3jue2 feeling; impression; sensation; to feel; to perceive
睡觉 shui4jiao4 to go to bed; to sleep
觉 jue2 to feel; to find that; thinking; awake; aware
发觉 fa1jue2 to become aware; to detect; to realize; to perceive" 6
其 qi2 lu4/zhi4/ling2/qi2/ji1 "其 qi2 his; her; its; their; that; such; it (refers to sth preceding it)
其实 qi2shi2 actually; in fact; really
其他 qi2ta1 other; (sth or sb) else; the rest
其中 qi2zhong1 among; in; included among these
尤其 you2qi2 especially; particularly" 7
世 shi4 bi4/yan3/bo2/shi4 "世界 shi4jie4 world
世纪 shi4ji4 century
世 shi4 life; age; generation; era; world; lifetime; epoch; descendant; noble
全世界 quan2shi4jie4 worldwide; entire world
去世 qu4shi4 to pass away; to die" 8
及 ji2 yu4/ji2/qi2 "及 ji2 and; to reach; up to; in time for
以及 yi3ji2 as well as; too; and
及时 ji2shi2 timely; at the right time; promptly; without delay
及其 ji2qi2 (conjunction linking two nouns) and its ...; and their ...; and his ...; and her ...
涉及 she4ji2 to involve; to touch upon (a topic)" 9
希 xi1 jue2/xi1/li4/yu2/yu4 "希望 xi1wang4 to wish for; to desire; hope
希 xi1 to hope; to admire
希腊 xi1la4 greece
希尔 xi1er3 hill (name); christopher hill, us undersecretary of state of east asian affairs
希奇 xi1qi2 rare; strange" 10
记 ji4 yu2/fu2/ji4/xi1 "记者 ji4zhe3 reporter; journalist
记得 ji4de5 to remember
记 ji4 to record; to note; to memorize; to remember; mark; sign; classifier for blows, kicks, shots
记忆 ji4yi4 to remember; to recall; memory
记录 ji4lu4 to record; record (written account); note-taker; record (in sports etc)" 11
路 lu4 lu4/ji4/yi4/ji1/hui4 "路 lu4 road; journey; route; line (bus etc); sort; kind
路上 lu4shang5 on the road; on a journey; road surface
道路 dao4lu4 road; path; way
一路 yi1lu4 the whole journey; all the way; going the same way; going in the same direction; of the same kind
马路 ma3lu4 street; road" 12
市 shi4 yan3/shi4/qi2/ji4 "市场 shi4chang3 marketplace; market (also in abstract)
城市 cheng2shi4 city; town
市 shi4 market; city
市民 shi4min2 city resident
上市 shang4shi4 to hit the market (of a new product); to float (a company on the stock market)" 13
必 bi4 yu2/shi4/ji2/bi4/hui4 "必须 bi4xu1 to have to; must; compulsory; necessarily
必要 bi4yao4 necessary; essential; indispensable; required
必 bi4 certainly; must; will; necessarily
不必 bu4bi4 need not; does not have to; not necessarily
必然 bi4ran2 inevitable; certain; necessity" 14
眼 yan3 shi4/yan3/ling2/ji4/xi1 "眼睛 yan3jing5 eye
眼 yan3 eye; small hole; crux (of a matter); classifier for big hollow things (wells, stoves, pots etc)
眼前 yan3qian2 before one's eyes; now; at present
眼泪 yan3lei4 tears; crying
眼神 yan3shen2 expression or emotion showing in one's eyes; meaningful glance; wink; eyesight (dialect)" 15
至 zhi4 yi4/zhi4/shi4/li4 "甚至 shen4zhi4 even; so much so that
至 zhi4 to arrive; most; to; until
至少 zhi4shao3 at least; (to say the) least
至今 zhi4jin1 so far; to this day; until now
至于 zhi4yu2 as for; as to; to go so far as to" 16
历 li4 li4/ling2/bo2/jue2/yan3 "历史 li4shi3 history
经历 jing1li4 experience; to experience; to go through
学历 xue2li4 educational background; academic qualifications
历 li4 calendar; to experience; to undergo; to pass through; all; each; every; history
简历 jian3li4 curriculum vitae (cv); biographical notes" 17
技 ji4 yan3/ji4/fu2/bi4/bo2 "技术 ji4shu4 technology; technique; skill
科技 ke1ji4 science and technology
技巧 ji4qiao3 skill; technique
技能 ji4neng2 technical ability; skill
技 ji4 skill" 18
继 ji4 ji2/ji4/yu2/ling2 "继续 ji4xu4 to continue; to proceed with; to go on with
继 ji4 to continue; to follow after; to go on with; to succeed; to inherit; then; afterwards
继承 ji4cheng2 to inherit; to succeed to (the throne etc); to carry on (a tradition etc)
相继 xiang1ji4 in succession; following closely
继而 ji4er2 then; afterwards" 19
服 fu2 xi1/yu2/ling2/shi4/fu2 "服务 fu2wu4 to serve; service
衣服 yi1fu5 clothes
舒服 shu1fu5 comfortable; feeling well
服装 fu2zhuang1 dress; clothing; costume; clothes
服 fu2 clothes; dress; garment; to serve (in the military, a prison sentence etc); to obey; to be convinced (by an argument); to convince; to admire; to acclimatize; to take (medicine); mourning clothes; to wear mourning clothes" 20
决 jue2 ji1/jue2/bo2/yu4 "决定 jue2ding4 to decide (to do something); to resolve; decision; certainly
解决 jie3jue2 to solve; to resolve; to settle (a problem); to eliminate; to wipe out (an enemy, bandits etc)
决不 jue2bu4 not at all; simply (can) not
坚决 jian1jue2 firm; resolute; determined
决心 jue2xin1 determination; resolution; determined; firm and resolute; to make up one's mind" 21
令 ling2 qi2/li4/zhi4/ling2 "令 ling4 to order; to command; an order; warrant; writ; to cause; to make sth happen; virtuous; honorific title; season; type of short song or poem
命令 ming4ling4 order; command
下令 xia4ling4 to give an order; to command
指令 zhi3ling4 order; command; instruction
司令 si1ling4 commanding officer" 22
机 ji1 lu4/hui4/bo2/ling2/ji1 "手机 shou3ji1 cell phone; mobile phone
机 ji1 (bound form) machine; mechanism; (bound form) aircraft; (bound form) an opportunity; (bound form) crucial point; pivot; (bound form) quick-witted; flexible; (bound form) organic
司机 si1ji1 chauffeur; driver
飞机 fei1ji1 airplane
机构 ji1gou4 mechanism; structure; organization; agency; institution" 23
似 shi4 hui4/shi4/zhi4/jue2 "似乎 si4hu1 it seems; seemingly; as if
似的 shi4de5 seems as if; rather like
类似 lei4si4 similar; analogous
似 si4 to seem; to appear; to resemble; similar; -like; pseudo-; (more) than
相似 xiang1si4 similar; alike" 24
即 ji2 yi4/ji2/xi1/qi2/hui4 "即 ji2 namely; that is; i.e.; prompt; at once; at present; even if; prompted (by the occasion); to approach; to come into contact; to assume (office); to draw near
即使 ji2shi3 even if; even though
立即 li4ji2 immediately
即将 ji2jiang1 on the eve of; to be about to; to be on the verge of
即可 ji2ke3 can then (do sth); can immediately (do sth); (do sth) and that will suffice" 25
极 ji2 jue2/fu2/li4/ji2/qi2 "极 ji2 extremely; pole (geography, physics); utmost; top
积极 ji1ji2 active; energetic; vigorous; positive (outlook); proactive
极其 ji2qi2 extremely
极为 ji2wei2 extremely; exceedingly
极端 ji2duan1 extreme" 26
西 xi1 yu2/xi1/yu4/ling2 "东西 dong1xi5 thing; stuff; person
西 xi1 the west; spanish; west
西方 xi1fang1 the west; the occident; western countries
西藏 xi1zang4 tibet
西部 xi1bu4 western part" 27
系 ji4 ji4/yu2/bi4 "关系 guan1xi5 relation; relationship; to concern; to affect; to have to do with; guanxi
联系 lian2xi4 connection; contact; relation; to get in touch with; to integrate; to link; to touch
系统 xi4tong3 system
系 xi4 to connect; to relate to; to tie up; to bind; to be (literary); system; department; faculty; to connect; to arrest; to worry
系列 xi4lie4 series; set" 28
毕 bi4 bi4/lu4/ji1/ji4 "毕业 bi4ye4 graduation; to graduate; to finish school
毕竟 bi4jing4 after all; all in all; when all is said and done; in the final analysis
毕业生 bi4ye4sheng1 graduate
毕 bi4 the whole of; to finish; to complete; complete; full; finished
完毕 wan2bi4 to finish; to end; to complete" 29
意 yi4 lu4/yu4/yi4/bi4/qi2 "注意 zhu4yi4 to take note of; to pay attention to
意思 yi4si5 idea; opinion; meaning; wish; desire; interest; fun; token of appreciation, affection etc; to give as a small token; to do sth as a gesture of goodwill etc
意义 yi4yi4 sense; meaning; significance; importance
意 yi4 italy; idea; meaning; thought; to think; wish; desire; intention; to expect; to anticipate
同意 tong2yi4 to agree; to consent; to approve" 30
计 ji4 ji4/xi1/lu4/fu2/hui4 "设计 she4ji4 to design; to plan; design; plan
计划 ji4hua4 plan; project; program; to plan; to map out
估计 gu1ji4 to estimate; to reckon; (coll.) to suppose
计算机 ji4suan4ji1 computer
统计 tong3ji4 statistics; to count; to add up" 31
基 ji1 bi4/lu4/ling2/ji1/yu2 "基本 ji1ben3 basic; fundamental; main; elementary
基础 ji1chu3 base; foundation; basis; basic; fundamental
基 ji1 (bound form) base; foundation; (bound form) radical (chemistry)
基本上 ji1ben3shang5 basically; on the whole
基地 ji1di4 base (of operations); industrial or military base; al-qaeda" 32
击 ji1 li4/ji1/xi1/fu2/hui4 "击 ji1 to hit; to strike; to break
打击 da3ji1 to hit; to strike; to attack; to crack down on sth; blow; (psychological) shock; percussion (music)
攻击 gong1ji1 to attack; to accuse; to charge; an attack (terrorist or military)
冲击 chong1ji1 to attack; to batter; (of waves) to pound against; shock; impact
袭击 xi2ji1 attack (esp. surprise attack); raid; to attack" 33
艺 yi4 bo2/bi4/shi4/ji4/yi4 "艺术 yi4shu4 art
文艺 wen2yi4 literature and art
艺 yi4 skill; art
工艺 gong1yi4 arts and crafts; industrial arts
艺人 yi4ren2 performing artist; actor" 34
期 ji1 yan3/ji1/qi2/ji4 "期 qi1 period; cycle; a period of time; phase; stage; classifier for issues of a periodical, courses of study; time; term; period; to hope
时期 shi2qi1 period; phase
期间 qi1jian1 period of time; time; time period; period
日期 ri4qi1 date
星期 xing1qi1 week; day of the week; sunday" 35
试 shi4 yu4/bo2/ling2/jue2/shi4 "考试 kao3shi4 to take an exam; exam
试 shi4 to test; to try; experiment; examination; test
测试 ce4shi4 to test (machinery etc); to test (students); test; quiz; exam; beta (software)
面试 mian4shi4 to be interviewed (as a candidate); interview
尝试 chang2shi4 to try; to attempt" 36
既 ji4 ji4/yu4/bi4/jue2/ji1 "既 ji4 already; since; both... (and...)
既然 ji4ran2 since; as; this being the case
既是 ji4shi4 is both ...(and...); since; as; being the case that
既定 ji4ding4 already fixed; set; established
既已 ji4yi3 already" 37
利 li4 qi2/jue2/li4/xi1/fu2 "利 li4 sharp; favorable; advantage; benefit; profit; interest; to do good to; to benefit
利用 li4yong4 to exploit; to make use of; to use; to take advantage of; to utilize
利益 li4yi4 benefit; (in sb's) interest
权利 quan2li4 right (i.e. an entitlement to sth)
顺利 shun4li4 smoothly; without a hitch" 38
级 ji2 ling2/ji1/ji2/yu4 "级 ji2 level; grade; rank; step (of stairs); classifier: step, level
年级 nian2ji2 grade; year (in school, college etc)
高级 gao1ji2 high level; high grade; advanced; high-ranking
超级 chao1ji2 super-; ultra-; hyper-
等级 deng3ji2 grade; rank; status" 39
余 yu2 ji4/li4/yu2/qi2 "余 yu2 (literary) i; me; extra; surplus; remaining; remainder after division; (following numerical value) or more; in excess of (some number); residue (math.); after; i; me
其余 qi2yu2 the rest; the others; remaining; remainder; apart from them
业余 ye4yu2 in one's spare time; outside working hours; amateur (historian etc)
多余 duo1yu2 superfluous; unnecessary; surplus
剩余 sheng4yu2 remainder; surplus" 40
鱼 yu2 lu4/li4/fu2/yu2/bi4 "鱼 yu2 fish
钓鱼 diao4yu2 to fish (with line and hook); to dupe
鱼鳞 yu2lin2 fish scales
金鱼 jin1yu2 goldfish
鳄鱼 e4yu2 alligator; crocodile" 41
亿 yi4 ling2/yi4/yan3/jue2/hui4 "亿 yi4 100 million
亿万 yi4wan4 millions and millions
万亿 wan4yi4 trillion
十亿 shi2yi4 one billion; giga-
千亿 qian1yi4 myriads; hundred billion" 42
式 shi4 yu2/bi4/lu4/shi4/ji2 "方式 fang1shi4 way; manner; style; mode; pattern
式 shi4 type; form; pattern; style
形式 xing2shi4 outer appearance; form; shape; formality
正式 zheng4shi4 formal; official
模式 mo2shi4 mode; method; pattern" 43
易 yi4 yi4/zhi4/fu2/jue2/yu4 "容易 rong2yi4 easy; straightforward; likely; liable to; apt to
易 yi4 easy; amiable; to change; to exchange
贸易 mao4yi4 (commercial) trade
交易 jiao1yi4 to deal; to trade; to transact; transaction; deal
不易 bu4yi4 not easy to do sth; difficult; unchanging" 44
遇 yu4 fu2/shi4/yu4/ling2/li4 "遇到 yu4dao4 to meet; to run into; to come across
遇 yu4 to meet; to encounter; to treat; to receive; opportunity; chance
遭遇 zao1yu4 to meet with; to encounter; (bitter) experience
待遇 dai4yu4 treatment; pay; salary; status; rank
遇上 yu4shang4 to come across (sb); to run into" 45
博 bo2 lu4/zhi4/hui4/bo2/yu2 "博 bo2 extensive; ample; rich; obtain; aim; to win; to get; plentiful; to gamble
博士 bo2shi4 doctor; court academician (in feudal china); ph.d.
博物馆 bo2wu4guan3 museum
赌博 du3bo2 to gamble
博得 bo2de2 to win; to gain" 46
绝 jue2 yu2/lu4/jue2/yu4/fu2 "绝对 jue2dui4 absolute; unconditional
拒绝 ju4jue2 to refuse; to decline; to reject
绝不 jue2bu4 in no way; not in the least; absolutely not
绝 jue2 to cut short; extinct; to disappear; to vanish; absolutely; by no means
绝望 jue2wang4 to despair; to give up all hope; desperate; desperation" 47
亦 yi4 lu4/yu2/shi4/yi4/xi1 "亦 yi4 also
亦即 yi4ji2 namely; that is" 48
力 li4 bi4/qi2/yan3/hui4/li4 "能力 neng2li4 capability; ability
努力 nu3li4 to make an effort; to try hard; to strive; hard-working; conscientious
力 li4 power; force; strength; ability; strenuously
力量 li4liang5 power; force; strength
压力 ya1li4 pressure" 49
制 zhi4 zhi4/bo2/ling2/lu4/yan3 "控制 kong4zhi4 to control
制度 zhi4du4 system (e.g. political, adminstrative etc); institution
制作 zhi4zuo4 to make; to manufacture
制 zhi4 system; to control; to regulate; to manufacture; to make
制造 zhi4zao4 to manufacture; to make" 50
集 ji2 yi4/zhi4/ji4/ji2 "集 ji2 to gather; to collect; collected works; classifier for sections of a tv series etc: episode
集中 ji2zhong1 to concentrate; to centralize; to focus; centralized; concentrated; to put together
集团 ji2tuan2 group; bloc; corporation; conglomerate
集体 ji2ti3 collective (decision); joint (effort); a group; a team; en masse; as a group
收集 shou1ji2 to gather; to collect" 51
急 ji2 yan3/bo2/ji2/ling2/zhi4 "急 ji2 urgent; pressing; rapid; hurried; worried; to make (sb) anxious
着急 zhao2ji2 to worry; to feel anxious; to feel a sense of urgency; to be in a hurry
紧急 jin3ji2 urgent; emergency
急忙 ji2mang2 hastily
焦急 jiao1ji2 anxiety; anxious" 52
质 zhi4 zhi4/shi4/ji1/li4/ji2 "质量 zhi4liang4 quality; (physics) mass
素质 su4zhi4 inner quality; basic essence
物质 wu4zhi4 matter; substance; material; materialistic
质 zhi4 character; nature; quality; plain; to pawn; pledge; hostage; to question
性质 xing4zhi4 nature; characteristic" 53
奇 ji1 xi1/ji4/fu2/shi4/ji1 "奇怪 qi2guai4 strange; odd; to marvel; to be baffled
奇 ji1 odd (number)
好奇 hao4qi2 inquisitive; curious; inquisitiveness; curiosity
奇迹 qi2ji4 miracle; miraculous; wonder; marvel
传奇 chuan2qi2 legendary; fantasy saga; romance; short stories of the tang and song dynasty" 54
奇 qi2 yu2/hui4/ji1/ji4/qi2 "奇怪 qi2guai4 strange; odd; to marvel; to be baffled
奇 ji1 odd (number)
好奇 hao4qi2 inquisitive; curious; inquisitiveness; curiosity
奇迹 qi2ji4 miracle; miraculous; wonder; marvel
传奇 chuan2qi2 legendary; fantasy saga; romance; short stories of the tang and song dynasty" 55
立 li4 yi4/li4/ji4/ling2/ji1 "建立 jian4li4 to establish; to set up; to found
立刻 li4ke4 forthwith; immediate; prompt; promptly; straightway; thereupon; at once
立即 li4ji2 immediately
成立 cheng2li4 to establish; to set up; to be tenable; to hold water
立 li4 to stand; to set up; to establish; to lay down; to draw up; at once; immediately" 56
福 fu2 fu2/bi4/xi1/qi2/hui4 "幸福 xing4fu2 happiness; happy; blessed
福 fu2 good fortune; happiness; luck
祝福 zhu4fu2 blessings; to wish sb well
托福 tuo1fu2 toefl; test of english as a foreign language
福利 fu2li4 material benefit; benefit in kind; (social) welfare" 57
鸡 ji1 fu2/li4/ji4/zhi4/ji1 "鸡 ji1 fowl; chicken; (slang) prostitute
鸡蛋 ji1dan4 (chicken) egg; hen's egg
小鸡 xiao3ji1 chick
公鸡 gong1ji1 cock; rooster
母鸡 mu3ji1 hen" 58
欲 yu4 yu4/yan3/qi2/yu2 "欲 yu4 desire; appetite; passion; lust; greed; to wish for; to desire
欲望 yu4wang4 desire; longing; appetite; craving
性欲 xing4yu4 sexual desire; lust
情欲 qing2yu4 lust; desire; sensual
食欲 shi2yu4 appetite" 59
演 yan3 ling2/bo2/yan3/ji4 "演出 yan3chu1 to act (in a play); to perform; to put on (a performance); performance; concert; show
表演 biao3yan3 play; show; performance; exhibition; to perform; to act; to demonstrate
演员 yan3yuan2 actor or actress; performer
导演 dao3yan3 to direct; director (film etc)
演 yan3 to develop; to evolve; to practice; to perform; to play; to act" 60
积 ji1 ji4/ji2/zhi4/bi4/ji1 "积极 ji1ji2 active; energetic; vigorous; positive (outlook); proactive
面积 mian4ji1 area (of a floor, piece of land etc); surface area; tract of land
积分 ji1fen1 integral (calculus); accumulated points (in sports, at school etc); total credits earned by student; bonus points in a benefit scheme
积累 ji1lei3 to accumulate; accumulation; cumulative; cumulatively
积 ji1 to amass; to accumulate; to store; measured quantity (such as area of volume); product (the result of multiplication); to integrate (math.); to solve (or integrate) an ordinary differential equation (math.); old; long-standing" 61
适 shi4 qi2/ling2/shi4/yu2 "适合 shi4he2 to fit; to suit
适应 shi4ying4 to adapt; to fit; to suit
合适 he2shi4 suitable; fitting; appropriate
适当 shi4dang4 suitable; appropriate
适用 shi4yong4 to be applicable" 62
丽 li4 li4/fu2/zhi4/ji2 "美丽 mei3li4 beautiful
丽 li2 korea
华丽 hua2li4 gorgeous
玛丽 ma3li4 mary or marie (name); mali
丽江 li4jiang1 lijiang prefecture-level city in northwest yunnan" 63
治 zhi4 yu2/ji1/ji2/jue2/zhi4 "政治 zheng4zhi4 politics; political
治疗 zhi4liao2 to treat (an illness); medical treatment; therapy
治 zhi4 to rule; to govern; to manage; to control; to harness (a river); to treat (a disease); to wipe out (a pest); to punish; to research
统治 tong3zhi4 to rule (a country); to govern; rule; regime
治安 zhi4an1 law and order; public security" 64
吸 xi1 ji1/ling2/xi1/li4/qi2 "吸引 xi1yin3 to attract; to appeal to; to fascinate
呼吸 hu1xi1 to breathe
吸 xi1 to breathe; to suck in; to absorb; to inhale
吸收 xi1shou1 to absorb; to assimilate; to ingest; to recruit
吸烟 xi1yan1 to smoke" 65
於 yu2 qi2/bi4/yu2/ji1  66
娱 yu2 yu4/hui4/ling2/yu2/ji2 "娱乐 yu2le4 to entertain; to amuse; entertainment; recreation; amusement; hobby; fun; joy
娱 yu2 to amuse
自娱 zi4yu2 to amuse oneself
文娱 wen2yu2 cultural recreation; entertainment
欢娱 huan1yu2 to amuse; to divert; happy; joyful; pleasure; amusement" 67
吉 ji2 ling2/shi4/jue2/ji2 "吉 ji2 lucky
吉林 ji2lin2 also jilin prefecture-level city, jilin province
吉祥 ji2xiang2 lucky; auspicious; propitious
吉利 ji2li4 geely, chinese car make; auspicious; lucky; propitious
吉它 ji2ta1 a guitar" 68
玉 yu4 xi1/jue2/fu2/yu4/shi4 "玉 yu4 jade
玉米 yu4mi3 corn; maize
宝玉 bao3yu4 precious jade; treasures
白玉 bai2yu4 white jade; tofu (by analogy)
玉兰 yu4lan2 yulan magnolia" 69
骑 qi2 zhi4/yu2/qi2/lu4/yi4 "骑 qi2 to sit astride; to ride (a horse, bike etc); classifier for saddle horses
骑车 qi2che1 to ride a bike (motorbike or bicycle)
骑士 qi2shi4 knight; cavalier
骑马 qi2ma3 to ride a horse
骑兵 qi2bing1 cavalry" 70
寄 ji4 shi4/ji4/yan3/xi1 "寄 ji4 to send; to mail; to entrust; to depend on; to attach oneself to; to live (in a house); to lodge; foster (son etc)
寄托 ji4tuo1 to entrust (to sb); to place (one's hope, energy etc) in; a thing in which you invest (your hope, energy etc)
邮寄 you2ji4 to mail; to send by post
寄宿 ji4su4 to stay; to lodge; to board
寄存 ji4cun2 to deposit; to store; to leave sth with sb" 71
室 shi4 ji2/lu4/yan3/shi4/ling2 "办公室 ban4gong1shi4 office; business premises; bureau
教室 jiao4shi4 classroom
室 shi4 room; work unit; grave; scabbard; family or clan; one of the 28 constellations of chinese astronomy
寝室 qin3shi4 bedroom; dormitory
卧室 wo4shi4 bedroom" 72
佛 fu2 li4/yu2/ji2/fu2/jue2 "仿佛 fang3fu2 to seem; as if; alike; similar
佛 fu2 seemingly; (female) head ornament
佛教 fo2jiao4 buddhism
佛法 fo2fa3 dharma (the teachings of the buddha)
哈佛 ha1fo2 harvard" 73
角 jue2 fu2/yi4/qi2/ji4/jue2 "角度 jiao3du4 angle; point of view
角色 jue2se4 role; character in a novel; persona
角 jiao3 angle; corner; horn; horn-shaped; unit of money equal to 0.1 yuan, or 10 cents (a dime)
主角 zhu3jue2 leading role; lead; protagonist
角落 jiao3luo4 nook; corner" 74
例 li4 xi1/li4/yu2/shi4/jue2 "例如 li4ru2 for example; for instance; such as
例 li4 example; precedent; rule; case; instance
比例 bi3li4 proportion; scale
例子 li4zi5 case; (for) instance; example
案例 an4li4 case (law)" 75
绿 lu4 lu4/yu2/ji2/yu4/qi2 "绿叶 lu:45ye4 green leaf; (fig.) actor playing a supporting role
绿豆 lu:45dou4 mung bean
绿树 lu:45shu4 trees; greenery
绿卡 lu:45ka3 permanent residency permit (originally referred specifically to the us green card)
绿洲 lu:45zhou1 oasis" 76
激 ji1 ji1/lu4/shi4/xi1/ling2 "激动 ji1dong4 to move emotionally; to stir up (emotions); to excite
激情 ji1qing2 passion; fervor; enthusiasm; strong emotion
刺激 ci4ji1 to provoke; to irritate; to upset; to stimulate; to excite; irritant
激烈 ji1lie4 (of competition or fighting) intense; fierce; (of pain) acute; (of an expression of opinion) impassioned; vehement; (of a course of action) drastic; extreme
感激 gan3ji1 to be grateful; to appreciate; thankful" 77
氏 shi4 qi2/shi4/ji2/zhi4 "氏 shi4 clan name; maiden name
姓氏 xing4shi4 family name
氏族 shi4zu2 clan
摄氏 she4shi4 celsius; centigrade
人氏 ren2shi4 native; person from a particular place" 78
义 yi4 ling2/qi2/ji1/yi4/xi1 "意义 yi4yi4 sense; meaning; significance; importance
义 yi4 justice; righteousness; meaning; foster (father etc); adopted; artificial (tooth, limb etc); relationship; friendship
社会主义 she4hui4zhu3yi4 socialism
主义 zhu3yi4 -ism; ideology
义务 yi4wu4 duty; obligation; volunteer (work etc)" 79
士 shi4 ji2/yu2/shi4/ji4/xi1 "人士 ren2shi4 person; figure; public figure
博士 bo2shi4 doctor; court academician (in feudal china); ph.d.
士 shi4 bachelor; honorific; soldier; noncommissioned officer; specialist worker
护士 hu4shi5 nurse
硕士 shuo4shi4 master's degree; person who has a master's degree; learned person" 80
秘 bi4 zhi4/ling2/yan3/bi4/shi4 "秘密 mi4mi4 secret; private; confidential; clandestine
神秘 shen2mi4 mysterious; mystery
秘书 mi4shu1 secretary
秘 mi4 secret; secretary
秘诀 mi4jue2 secret know-how; key (to longevity); secret (of happiness); recipe (for success)" 81
幅 fu2 ji2/fu2/yan3/jue2 "幅 fu2 width; roll; classifier for textiles or pictures
大幅 da4fu2 a big margin; substantially
幅度 fu2du4 width; extent; range; scope
横幅 heng2fu2 horizontal scroll; banner; streamer
篇幅 pian1fu5 length (of a piece of writing); space occupied on a printed page" 82
符 fu2 hui4/fu2/xi1/ling2/li4 "符合 fu2he2 in keeping with; in accordance with; tallying with; in line with; to agree with; to accord with; to conform to; to correspond with; to manage; to handle
符号 fu2hao4 symbol; mark; sign
符 fu2 mark; sign; talisman; to seal; to correspond to; tally; symbol; written charm; to coincide
字符 zi4fu2 character (computing)
音符 yin1fu2 (music) note; phonetic component of a chinese character; phonetic symbol; phonogram" 83
厉 li4 fu2/yu4/xi1/li4/jue2 "厉害 li4hai5 (used to describe sb or sth that makes a very strong impression, whether favorable or unfavorable) terrible; intense; severe; devastating; amazing; awesome; outstanding; (of a person) stern; strict; harsh; shrewd; tough; (of an animal) fierce; (of a resemblance) striking; (of liquor or chili pepper) strong; (of bacteria) virulent
严厉 yan2li4 severe; strict
厉声 li4sheng1 stern voice
厉 li4 strict; severe
凄厉 qi1li4 mournful (sound)" 84
弗 fu2 bo2/xi1/fu2/ji4 "弗 fu2 (literary) not
弗雷 fu2lei2 freyr (god in norse mythology)" 85
志 zhi4 xi1/ling2/zhi4/yu2/bo2 "同志 tong2zhi4 comrade; (slang) homosexual
杂志 za2zhi4 magazine
志 zhi4 aspiration; ambition; the will; sign; mark; to record; to write a footnote
标志 biao1zhi4 sign; mark; symbol; logo; to symbolize; to indicate; to mark
意志 yi4zhi4 will; willpower; determination" 86
纪 ji4 hui4/yan3/jue2/ji4/qi2 "世纪 shi4ji4 century
纪念 ji4nian4 to commemorate; to honor the memory of; memento; keepsake; souvenir
年纪 nian2ji4 age
纪元 ji4yuan2 calendar era; epoch
纪 ji4 order; discipline; age; era; period; to chronicle" 87
避 bi4 ji2/zhi4/ji1/bi4/shi4 "避免 bi4mian3 to avert; to prevent; to avoid; to refrain from
避 bi4 to avoid; to shun; to flee; to escape; to keep away from; to leave; to hide from
逃避 tao2bi4 to escape; to evade; to avoid; to shirk
回避 hui2bi4 to shun; to avoid (sb); to skirt; to evade (an issue); to step back; to withdraw; to recuse (a judge etc)
避开 bi4kai1 to avoid; to evade; to keep away from" 88
露 lu4 yu4/zhi4/lu4/ling2 "露出 lu4chu1 to expose; to show
露 lu4 dew; syrup; nectar; outdoors (not under cover); to show; to reveal; to betray; to expose
透露 tou4lu4 to leak out; to divulge; to reveal
暴露 bao4lu4 to expose; to reveal; to lay bare
流露 liu2lu4 to reveal (indirectly, implicitly); to show (interest, contempt etc) by means of one's actions, tone of voice etc" 89
伯 bo2 zhi4/fu2/ji1/yu4/bo2 "伯 bo2 father's elder brother; senior; paternal elder uncle; eldest of brothers; respectful form of address
伯爵 bo2jue2 earl; count
伯父 bo2fu4 father's elder brother; term of respect for older man
伯伯 bo2bo5 father's elder brother; uncle
大伯 da4bo2 husband's older brother; brother-in-law" 90
灵 ling2 ji2/ling2/bi4/xi1 "心灵 xin1ling2 bright; smart; quick-witted; heart; thoughts; spirit
灵 ling2 quick; alert; efficacious; effective; to come true; spirit; departed soul; coffin
灵魂 ling2hun2 soul; spirit
灵活 ling2huo2 flexible; nimble; agile
精灵 jing1ling2 spirit; fairy; elf; sprite; genie" 91
录 lu4 bi4/qi2/lu4/shi4 "记录 ji4lu4 to record; record (written account); note-taker; record (in sports etc)
录 lu4 to carve wood; diary; record; to hit; to copy
目录 mu4lu4 catalog; table of contents; directory (on computer hard drive); list; contents
录取 lu4qu3 to accept an applicant (prospective student, employee etc) who passes an entrance exam; to admit (a student); to hire (a job candidate)
录音 lu4yin1 to record (sound); sound recording" 92
译 yi4 bo2/yan3/hui4/yu2/yi4 "翻译 fan1yi4 to translate; to interpret; translator; interpreter; translation; interpretation
译 yi4 to translate; to interpret
译文 yi4wen2 translated text
口译 kou3yi4 interpreting
编译 bian1yi4 to translate and edit; translator-editor; (computing) to compile (source code)" 93
寂 ji4 yi4/ji4/jue2 "寂寞 ji4mo4 lonely; lonesome; (of a place) quiet; silent
寂静 ji4jing4 quiet
沉寂 chen2ji4 silence; stillness
寂 ji4 silent; solitary
孤寂 gu1ji4 lonesome; desolate" 94
愉 yu2 bo2/shi4/jue2/yu2/ji1 "愉快 yu2kuai4 cheerful; cheerily; delightful; pleasant; pleasantly; pleasing; happy; delighted
愉悦 yu2yue4 joyful; cheerful; delighted; joy; delight
欢愉 huan1yu2 happy; joyous; delighted" 95
齐 qi2 yan3/fu2/yu2/hui4/qi2 "齐 qi2 (name of states and dynasties at several different periods); neat; even; level with; identical; simultaneous; all together; to even sth out
整齐 zheng3qi2 orderly; neat; even; tidy
一齐 yi1qi2 at the same time; simultaneously
齐全 qi2quan2 complete; comprehensive
齐声 qi2sheng1 all speaking together; in chorus" 96
脖 bo2 bi4/hui4/zhi4/bo2/li4 "脖子 bo2zi5 neck
脖 bo2 neck" 97
视 shi4 yu4/shi4/jue2/ji2 "电视 dian4shi4 television; tv
重视 zhong4shi4 to attach importance to sth; to value
视 shi4 (bound form) to look at
视频 shi4pin2 video
注视 zhu4shi4 to look attentively at; to closely watch; to gaze at" 98
薄 bo2 bo2/yu2/ling2/xi1/fu2 "薄 bao2 thin; cold in manner; indifferent; weak; light; infertile
薄弱 bo2ruo4 weak; frail
单薄 dan1bo2 weak; frail; thin; flimsy
微薄 wei1bo2 scanty; meager
浅薄 qian3bo2 superficial" 99
艾 yi4 jue2/yi4/ji1/li4 "艾 ai4 chinese mugwort or wormwood; moxa; to stop or cut short" 100
智 zhi4 yu2/yu4/yan3/zhi4/ji4 "智慧 zhi4hui4 wisdom; knowledge; intelligent; intelligence
智 zhi4 (literary) wise; wisdom
理智 li3zhi4 reason; intellect; rationality; rational
智能 zhi4neng2 intelligent; able; smart (phone, system, bomb etc)
智力 zhi4li4 intelligence; intellect" 101
莉 li4 xi1/yan3/qi2/jue2/li4 "莉 li4 jasmine
茉莉 mo4li4 jasmine" 102
致 zhi4 zhi4/jue2/bo2/ling2/fu2 "导致 dao3zhi4 to lead to; to create; to cause; to bring about
一致 yi1zhi4 unanimous; identical (views or opinions)
致 zhi4 (bound form) fine; delicate; exquisite; to send; to devote; to deliver; to cause; to convey
大致 da4zhi4 more or less; roughly; approximately
精致 jing1zhi4 delicate; fine; exquisite; refined" 103
郁 yu4 hui4/ji2/yu4/li4/fu2 "郁闷 yu4men4 gloomy; depressed
忧郁 you1yu4 sullen; depressed; melancholy; dejected
浓郁 nong2yu4 rich; strong; heavy (fragrance); dense; full-bodied; intense
抑郁 yi4yu4 depressed; despondent; gloomy
郁 yu4 (bound form) strongly fragrant; (bound form) (of vegetation) lush; luxuriant; (bound form) melancholy; depressed" 104
置 zhi4 ji2/zhi4/yu2/fu2/yan3 "位置 wei4zhi5 position; place; seat
设置 she4zhi4 to set up; to install
置 zhi4 to install; to place; to put; to buy
配置 pei4zhi4 to deploy; to allocate; configuration; allocation
布置 bu4zhi4 to put in order; to arrange; to decorate; to fix up; to deploy" 105
异 yi4 shi4/yi4/zhi4/li4 "异常 yi4chang2 unusual; abnormal; extremely; exceptionally
差异 cha1yi4 difference; discrepancy
异 yi4 different; other; hetero-; unusual; strange; surprising; to distinguish; to separate; to discriminate
异性 yi4xing4 the opposite sex; of the opposite sex; heterosexual; different in nature
诧异 cha4yi4 flabbergasted; astonished" 106
凌 ling2 qi2/yu2/ji1/ling2/li4 "凌晨 ling2chen2 very early in the morning; in the wee hours
凌 ling2 to approach; to rise high; thick ice; to insult or maltreat
凌乱 ling2luan4 messy; disarrayed; disheveled
凌云 ling2yun2 (lit. and fig.) towering; lofty; high
凌空 ling2kong1 be high up in the sky" 107
零 ling2 yan3/ling2/li4/qi2 "零 ling2 zero; nought; zero sign; fractional; fragmentary; odd (of numbers); (placed between two numbers to indicate a smaller quantity followed by a larger one); fraction; (in mathematics) remainder (after division); extra; to wither and fall; to wither
零售 ling2shou4 to retail; to sell individually or in small quantities
零食 ling2shi2 between-meal nibbles; snacks
零钱 ling2qian2 change (of money); small change; pocket money
零件 ling2jian4 part; component" 108
牺 xi1 li4/yi4/xi1/bo2 "牺牲 xi1sheng1 to sacrifice one's life; to sacrifice (sth valued); beast slaughtered as a sacrifice" 109
疾 ji2 ji2/lu4/jue2/yi4 "疾病 ji2bing4 disease; sickness; ailment
疾 ji2 (bound form) disease; ailment; (bound form) swift; (literary) to hate; to abhor
疾驰 ji2chi2 to speed along
顽疾 wan2ji2 ineradicable disease; fig. deep-seated problem; perennial problem
疾苦 ji2ku3 pain and difficulties; suffering (of the people)" 110
铃 ling2 yu4/ling2/ji2/hui4 "铃声 ling2sheng1 ring; ringtone; bell stroke; tintinnabulation
铃 ling2 (small) bell
门铃 men2ling2 doorbell
铃铛 ling2dang5 little bell
哑铃 ya3ling2 dumbbell (weight)" 111
季 ji4 bo2/ji4/xi1 "季节 ji4jie2 time; season; period
季 ji4 season; the last month of a season; fourth or youngest amongst brothers; classifier for seasonal crop yields
冬季 dong1ji4 winter
夏季 xia4ji4 summer
季度 ji4du4 quarter of a year; season (sports)" 112
议 yi4 yi4/xi1/hui4/jue2 "建议 jian4yi4 to propose; to suggest; to recommend; proposal; suggestion; recommendation
会议 hui4yi4 meeting; conference
协议 xie2yi4 agreement; pact; protocol
抗议 kang4yi4 to protest; protest
议 yi4 to comment on; to discuss; to suggest" 113
扶 fu2 bi4/li4/fu2/yan3/ji1 "扶 fu2 to support with the hand; to help sb up; to support oneself by holding onto something; to help
扶持 fu2chi2 to help; to assist
扶贫 fu2pin2 assistance to the poor; poverty alleviation
扶手 fu2shou3 handrail; armrest
搀扶 chan1fu2 to lend an arm to support sb" 114
慧 hui4 hui4/yan3/bi4/ji1 "智慧 zhi4hui4 wisdom; knowledge; intelligent; intelligence
慧 hui4 intelligent
明慧 ming2hui4 intelligent; brilliant
聪慧 cong1hui4 bright; witty; intelligent
慧眼 hui4yan3 an all-seeing mind; mental perception; insight; acumen" 115
币 bi4 li4/fu2/shi4/bi4/yan3 "人民币 ren2min2bi4 renminbi (rmb); chinese yuan (cny)
货币 huo4bi4 currency; monetary; money
币 bi4 money; coins; currency; silk
银币 yin2bi4 silver coin
外币 wai4bi4 foreign currency" 116
秩 zhi4 lu4/zhi4/yi4/yu4/fu2 "秩序 zhi4xu4 order (orderly); order (sequence); social order; the state (of society)
秩 zhi4 order; orderliness; (classifier) ten years" 117
势 shi4 shi4/hui4/li4/ling2 "优势 you1shi4 superiority; dominance; advantage
形势 xing2shi4 circumstances; situation; terrain
趋势 qu1shi4 trend; tendency
势 shi4 power; influence; potential; momentum; tendency; trend; situation; conditions; outward appearance; sign; gesture; male genitals
势力 shi4li5 power; influence; a force (military, political etc)" 118
粒 li4 ji2/ji1/qi2/li4 "粒 li4 grain; granule; classifier for small round things (peas, bullets, peanuts, pills, grains etc)
粒子 li4zi3 (elementary) particle; grain
颗粒 ke1li4 kernel; granule; granulated (sugar, chemical product)
米粒 mi3li4 grain of rice; granule
沙粒 sha1li4 grain of sand" 119
汇 hui4 bi4/ling2/fu2/hui4 "词汇 ci2hui4 vocabulary; list of words (e.g. for language teaching purposes); word
汇报 hui4bao4 to report; to give an account of; to collect information and report back; to report; to give an account of; report
外汇 wai4hui4 foreign (currency) exchange
汇 hui4 to remit; to converge (of rivers); to exchange; class; collection
汇款 hui4kuan3 to remit money; remittance" 120
预 yu4 fu2/hui4/xi1/yu4/yan3 "预测 yu4ce4 to forecast; to predict
预计 yu4ji4 to forecast; to predict; to estimate
预防 yu4fang2 to prevent; to take precautions against; to protect; to guard against; precautionary; prophylactic
预算 yu4suan4 budget
预科 yu4ke1 preparatory course (in college)" 121
愈 yu4 bi4/yu4/ji4/yi4/xi1 "愈 yu4 the more...(the more...); to recover; to heal; better; to heal
治愈 zhi4yu4 to cure; to restore to health; uplifting; heartwarming
痊愈 quan2yu4 to recover completely (from illness or injury)
愈发 yu4fa1 all the more; increasingly
愈加 yu4jia1 all the more; even more; further" 122
释 shi4 shi4/lu4/bo2/hui4/xi1 "解释 jie3shi4 explanation; to explain; to interpret; to resolve
释放 shi4fang4 to release; to set free; to liberate (a prisoner); to discharge
释 shi4 to explain; to release; buddhism
注释 zhu4shi4 marginal notes; annotation; to annotate; to add comments to text
诠释 quan2shi4 to interpret; to comment and explain; to annotate; to perform (i.e. interpret a theatrical role); to decode; interpretation; annotation" 123
识 zhi4 hui4/zhi4/shi4/ji4/lu4 "认识 ren4shi5 to know; to recognize; to be familiar with; to get acquainted with sb; knowledge; understanding; awareness; cognition
知识 zhi1shi5 knowledge; intellectual
知识分子 zhi1shi5fen4zi3 intellectual; intelligentsia; learned person
识 shi2 to know; knowledge
相识 xiang1shi2 to get to know each other; acquaintance" 124
饰 shi4 yan3/yu4/shi4/jue2/yu2 "装饰 zhuang1shi4 to decorate; decoration; decorative; ornamental
饰 shi4 decoration; ornament; to decorate; to adorn; to hide; to conceal (a fault); excuse (to hide a fault); to play a role (in opera); to impersonate
服饰 fu2shi4 apparel; clothing and personal adornment
掩饰 yan3shi4 to cover up; to conceal; to mask; to gloss over
修饰 xiu1shi4 to decorate; to adorn; to dress up; to polish (a written piece); to qualify or modify (grammar)" 125
惠 hui4 yan3/li4/hui4/zhi4/qi2 "优惠 you1hui4 privilege; favorable (terms); preferential (treatment); discount (price)
惠 hui4 (bound form) act of kindness (from a superior)
实惠 shi2hui4 tangible benefit; material advantages; cheap; economical; advantageous (deal); substantial (discount)
惠普 hui4pu3 hewlett-packard
惠州 hui4zhou1 huizhou prefecture-level city in guangdong" 126
息 xi1 bo2/xi1/ling2/yu4/ji4 "信息 xin4xi1 information; news; message
消息 xiao1xi5 news; information
休息 xiu1xi5 rest; to rest
气息 qi4xi1 breath; smell; odor; flavor
息 xi1 breath; news; interest (on an investment or loan); to cease; to stop; to rest" 127
闭 bi4 bi4/yan3/bo2/zhi4/yu4 "关闭 guan1bi4 to close; to shut (a window etc); (of a shop, school etc) to shut down
闭 bi4 to close; to stop up; to shut; to obstruct
闭上 bi4shang5 to close; to shut up
封闭 feng1bi4 to close; to seal off; to close down (an illegal venue); closed (i.e. isolated from outside input)
紧闭 jin3bi4 to close securely; tightly closed; secure" 128
陆 lu4 qi2/lu4/zhi4/xi1/yan3 "大陆 da4lu4 mainland china (reference to the prc); continent; mainland
陆 liu4 six (banker's anti-fraud numeral)
登陆 deng1lu4 to land; to come ashore; to make landfall (of typhoon etc)
陆续 lu4xu4 in turn; successively; one after the other; bit by bit
陆地 lu4di4 dry land (as opposed to the sea)" 129
旗 qi2 jue2/shi4/qi2/bo2/li4 "旗 qi2 flag; banner; flag
红旗 hong2qi2 red flag
国旗 guo2qi2 flag (of a country)
旗帜 qi2zhi4 ensign; flag
旗下 qi2xia4 under the banner of" 130
碧 bi4 ji4/ling2/bi4/xi1 "碧 bi4 green jade; bluish green; blue; jade
雪碧 xue3bi4 sprite (soft drink)
碧蓝 bi4lan2 dark blue
碧玉 bi4yu4 jasper" 131
籍 ji2 ji2/lu4/bo2/ji1 "书籍 shu1ji2 books; works
籍 ji2 book or record; registry; roll; place of one's family or ancestral records; membership
外籍 wai4ji2 foreign (i.e. of foreign nationality)
国籍 guo2ji2 nationality
户籍 hu4ji2 census register; household register" 132
予 yu2 ji2/jue2/yu2 "给予 ji3yu3 to accord; to give; to show (respect)
予以 yu3yi3 to give; to impose; to apply
予 yu2 (archaic) i; me
赋予 fu4yu3 to assign; to entrust (a task); to give; to bestow
授予 shou4yu3 to award; to confer" 133
示 shi4 ling2/yan3/shi4/li4 "表示 biao3shi4 to express; to show; to say; to state; to indicate; to mean
显示 xian3shi4 to show; to illustrate; to display; to demonstrate
展示 zhan3shi4 to reveal; to display; to show; to exhibit
提示 ti2shi4 to point out; to remind (sb of sth); to suggest; suggestion; tip; reminder; notice
指示 zhi3shi4 to point out; to indicate; to instruct; directives; instructions" 134
棋 qi2 qi2/lu4/ling2/yu2 "棋 qi2 chess; chess-like game; a game of chess; chess piece
下棋 xia4qi2 to play chess
围棋 wei2qi2 the game of go
棋子 qi2zi3 chess piece; (fig.) a pawn (used by others for their own purposes)
棋盘 qi2pan2 chessboard" 135
浮 fu2 li4/ling2/fu2/ji2 "浮 fu2 to float; superficial; floating; unstable; movable; provisional; temporary; transient; impetuous; hollow; inflated; to exceed; superfluous; excessive; surplus
浮现 fu2xian4 to appear before one's eyes; to come into view; to float into appearance; to come back (of images from the past); to emerge; it emerges; it occurs (to me that..)
浮躁 fu2zao4 fickle and impatient; restless; giddy; scatterbrained
漂浮 piao1fu2 to float; to hover; to drift (also fig., to lead a wandering life); to rove; showy; superficial
浮动 fu2dong4 to float and drift; unstable" 136
肌 ji1 xi1/yu2/ji1/yu4 "肌肉 ji1rou4 muscle; flesh
肌肤 ji1fu1 skin; flesh; fig. close physical relationship
肌 ji1 (bound form) flesh; muscle
肌体 ji1ti3 the body; organism (usually human); (fig.) fabric (of society etc); cohesive structure (of an entity)
心肌 xin1ji1 myocardium" 137
溪 xi1 ji4/lu4/xi1 "溪 xi1 creek; rivulet
小溪 xiao3xi1 brook; streamlet
溪流 xi1liu2 stream
玉溪 yu4xi1 yuxi, prefecture-level city in yunnan" 138
御 yu4 ji1/ji2/yu4/zhi4/lu4 "御 yu4 to resist; imperial; to manage; to govern; to defend; to resist
防御 fang2yu4 defense; to defend
抵御 di3yu4 to resist; to withstand
御史 yu4shi3 imperial censor (formal title of a dynastic official)
御寒 yu4han2 to defend against the cold; to keep warm" 139
兮 xi1 fu2/yan3/hui4/xi1/li4  140
舆 yu2 bo2/ji1/yu2/fu2/qi2 "舆论 yu2lun4 public opinion
舆 yu2 carriage; sedan chair; world" 141
伏 fu2 li4/qi2/ji2/fu2/yan3 "伏 fu2 to lean over; to fall (go down); to hide (in ambush); to conceal oneself; to lie low; hottest days of summer; to submit; to concede defeat; to overcome; to subdue; volt
起伏 qi3fu2 to move up and down; to undulate; ups and downs
潜伏 qian2fu2 to hide; to cover up; to conceal
伏击 fu2ji1 ambush; to ambush
伏笔 fu2bi3 foreshadowing (literary device); foretaste of material to come (in an essay or story)" 142
忆 yi4 hui4/yi4/bi4/xi1 "记忆 ji4yi4 to remember; to recall; memory
回忆 hui2yi4 to recall; memories
忆 yi4 to recollect; to remember; memory
追忆 zhui1yi4 to recollect; to recall (past times); to look back" 143
妓 ji4 ji4/xi1/bo2/hui4 "妓女 ji4nu:35 prostitute; hooker
妓 ji4 prostitute
妓院 ji4yuan4 brothel; whorehouse
娼妓 chang1ji4 prostitute
名妓 ming2ji4 famous courtesan" 144
绘 hui4 lu4/hui4/ji4/fu2/yu4 "绘画 hui4hua4 drawing; painting
描绘 miao2hui4 to describe; to portray
绘 hui4 to draw; to paint
绘制 hui4zhi4 to draw; to draft
绘图 hui4tu2 to chart; to sketch; to draft; to plot" 145
育 yu4 hui4/yu4/yu2/ji1 "教育 jiao4yu4 to educate; to teach; education
体育 ti3yu4 sports; physical education
育 yu4 to have children; to raise or bring up; to educate
发育 fa1yu4 to develop; to mature; growth; development; (sexually) mature
培育 pei2yu4 to train; to breed" 146
壁 bi4 bo2/bi4/lu4/yu4/shi4 "隔壁 ge2bi4 next door; neighbor
墙壁 qiang2bi4 wall
壁 bi4 wall; rampart
壁画 bi4hua4 mural (painting); fresco
壁炉 bi4lu2 fireplace" 147
芙 fu2 fu2/ji2/xi1/hui4 "芙蓉 fu2rong2 hibiscus; cotton rose (hibiscus mutabilis); lotus; foo yung (chinese dish similar to an omelet)" 148
祈 qi2 bi4/qi2/ji1/zhi4 "祈祷 qi2dao3 to pray; to say one's prayers; prayer
祈 qi2 to implore; to pray; to request
祈求 qi2qiu2 to pray for; to appeal
祈福 qi2fu2 to pray for blessings" 149
鹿 lu4 fu2/bo2/lu4/xi1/yan3 "鹿 lu4 deer" 150
玲 ling2 qi2/ling2/ji1/lu4/ji4 "玲 ling2 tinkling of gem-pendants
玲珑 ling2long2 exquisite; detailed and fine; clever; nimble
美玲 mei3ling2 meiling (female name)" 151
掩 yan3 fu2/yu2/yan3/ji1 "掩饰 yan3shi4 to cover up; to conceal; to mask; to gloss over
掩盖 yan3gai4 to conceal; to hide behind; to cover up
掩 yan3 to cover up; to conceal; to close (a door, book etc); (coll.) to get (one's fingers etc) caught when closing a door or lid; (literary) to launch a surprise attack
掩护 yan3hu4 to screen; to shield; to cover; protection; cover
遮掩 zhe1yan3 to cover; to mask; to cover up or conceal (the truth etc)" 152
歧 qi2 yan3/qi2/bo2/jue2/fu2 "歧视 qi2shi4 to discriminate against; discrimination
分歧 fen1qi2 divergent; difference (of opinion, position); disagreement; (math.) bifurcation
歧 qi2 divergent; side road
歧义 qi2yi4 ambiguity; several possible meanings
歧途 qi2tu2 fork in a road; wrong road" 153
忌 ji4 ling2/shi4/ji1/ji4 "忌 ji4 to be jealous of; fear; dread; scruple; to avoid or abstain from; to quit; to give up sth
禁忌 jin4ji4 taboo; contraindication (medicine); to abstain from
顾忌 gu4ji4 to have misgivings; apprehension; worry; qualm; scruple
妒忌 du4ji4 to be jealous of (sb's achievements etc); to be envious; envy
切忌 qie4ji4 to avoid as taboo; to avoid by all means" 154
益 yi4 yu2/ji2/li4/yi4 "利益 li4yi4 benefit; (in sb's) interest
日益 ri4yi4 day by day; more and more; increasingly; more and more with each passing day
权益 quan2yi4 rights; interests; rights and benefits
收益 shou1yi4 earnings; profit
益 yi4 benefit; profit; advantage; beneficial; to increase; to add; all the more" 155
柏 bo2 bi4/yu2/lu4/bo2 "柏林 bo2lin2 berlin, capital of germany
柏 bai3 cedar; cypress
松柏 song1bai3 pine and cypress; fig. chaste and undefiled; fig. tomb
柏树 bai3shu4 cypress tree
柏油 bai3you2 asphalt; tar; pitch" 156
夕 xi1 ji2/xi1/bo2/qi2 "夕 xi1 dusk; evening
夕阳 xi1yang2 sunset; the setting sun
前夕 qian2xi1 eve; the day before
除夕 chu2xi1 lunar new year's eve
朝夕 zhao1xi1 morning and night; all the time" 157
剂 ji4 bo2/yan3/li4/zhi4/ji4 "剂 ji4 dose (medicine)
调剂 tiao2ji4 to adjust; to balance; to make up a medical prescription
剂量 ji4liang4 dosage; prescribed dose of medicine
制剂 zhi4ji4 (chemical or pharmaceutical) preparation
药剂 yao4ji4 medicine; medicament; drug; chemical compound" 158
浴 yu4 hui4/yu4/yi4/ji2 "浴室 yu4shi4 bathroom (room used for bathing)
浴 yu4 bath; to bathe
沐浴 mu4yu4 to take a bath; to bathe; to immerse
浴缸 yu4gang1 bathtub
淋浴 lin2yu4 to take a shower; shower" 159
祭 ji4 ji4/bo2/ling2/yi4/lu4 "祭 ji4 to offer a sacrifice to (gods or ancestors); memorial ceremony; (lit. and fig.) to wield
祭奠 ji4dian4 to offer sacrifices (to one's ancestors); to hold or attend a memorial service
祭坛 ji4tan2 altar
祭司 ji4si1 priest
祭祖 ji4zu3 to offer sacrifices to one's ancestors" 160
臂 bi4 hui4/shi4/fu2/qi2/bi4 "手臂 shou3bi4 arm; helper
臂 bi4 arm
双臂 shuang1bi4 arms; both arms; two arms
臂膀 bi4bang3 arm
胳臂 ge1bei5 arm" 161
抑 yi4 li4/ji1/ling2/ji4/yi4 "压抑 ya1yi4 to constrain or repress emotions; oppressive; stifling; depressing; repression
抑制 yi4zhi4 to inhibit; to keep down; to suppress
抑郁 yi4yu4 depressed; despondent; gloomy
抑或 yi4huo4 or; could it be that...?
抑 yi4 to restrain; to restrict; to keep down; or" 162
昔 xi1 bo2/ji1/xi1/ling2/yu2 "昔日 xi1ri4 former days; in the past
昔 xi1 former times; the past
往昔 wang3xi1 the past
昔年 xi1nian2 former years; previous years" 163
济 ji4 ji4/ji2/li4/bo2/yu4 "经济 jing1ji4 economy; economic
济 ji4 to cross a river; to aid or relieve; to be of help
济南 ji3nan2 jinan, subprovincial city and capital of shandong province in northeast china
救济 jiu4ji4 emergency relief; to help the needy with cash or goods
不济 bu4ji4 (coll.) no good; of no use" 164
嫉 ji2 bo2/yu4/ling2/ji2/bi4 "嫉妒 ji2du4 to be jealous of; to envy
妒嫉 du4ji2 to be jealous of (sb's achievements etc); to be envious; envy
嫉恨 ji2hen4 to hate out of jealousy; to resent" 165
愚 yu2 shi4/ji2/hui4/yu2 "愚蠢 yu2chun3 silly; stupid
愚 yu2 to be stupid; to cheat or deceive; me or i (modest)
愚昧 yu2mei4 ignorant; uneducated; ignorance
愚弄 yu2nong4 to make a fool out of; to fool; to dupe
愚民 yu2min2 ignorant masses; to keep the people in ignorance" 166
域 yu4 ji1/yu4/yu2/ling2/zhi4 "领域 ling3yu4 domain; sphere; field; territory; area
区域 qu1yu4 area; region; district
域 yu4 field; region; area; domain (taxonomy)
域名 yu4ming2 domain name (computing)
地域 di4yu4 area; district; region" 167
陵 ling2 bo2/ling2/lu4/jue2/fu2 "陵 ling2 mound; tomb; hill; mountain
金陵 jin1ling2 pre-han name for nanjing; common place name
丘陵 qiu1ling2 hills
陵墓 ling2mu4 tomb; mausoleum
陵园 ling2yuan2 cemetery; mausoleum park" 168
嚼 jue2 ji2/jue2/bo2/zhi4/qi2 "咀嚼 ju3jue2 to chew; to think over" 169
浠 xi1 bo2/yi4/ji4/shi4/xi1 "浠 xi1 name of a river in hubei" 170
辑 ji2 ji1/li4/bo2/ji2 "编辑 bian1ji2 to edit; to compile; editor; compiler
专辑 zhuan1ji2 album; record (music); special collection of printed or broadcast material
辑 ji2 to gather up; to collect; to edit; to compile
剪辑 jian3ji2 to edit (video images, film)" 171
翼 yi4 ji4/bo2/lu4/yi4 "翼 yi4 wing; area surrounding the bullseye of a target; to assist; one of the 28 constellations of chinese astronomy
右翼 you4yi4 the right flank; (politically) right-wing
左翼 zuo3yi4 left-wing (political)
羽翼 yu3yi4 wing; (fig.) assistant
机翼 ji1yi4 wing (of an aircraft)" 172
勃 bo2 xi1/bo2/ji2/yu2 "勃 bo2 flourishing; prosperous; suddenly; abruptly
蓬勃 peng2bo2 vigorous; flourishing; full of vitality
勃勃 bo2bo2 thriving; vigorous; exuberant
勃发 bo2fa1 to sprout up; to flourish; (of war etc) to break out; rapid growth" 173
聆 ling2 xi1/yan3/ling2/zhi4/ji2 "聆听 ling2ting1 to listen (respectfully)
聆 ling2 (literary) to hear; to listen" 174
膝 xi1 yi4/ji4/xi1/lu4/yu4 "膝盖 xi1gai4 knee; (internet slang) to kneel down (in admiration)
膝 xi1 knee
双膝 shuang1xi1 both knees
膝下 xi1xia4 at the knee (in reference to children); (salutation used in letters to parents or grandparents)" 175
龄 ling2 zhi4/ling2/lu4/yan3/shi4 "年龄 nian2ling2 (a person's) age
龄 ling2 age; length of experience, membership etc
高龄 gao1ling2 elderly
同龄 tong2ling2 of the same age
工龄 gong1ling2 length of service; seniority" 176
迹 ji4 ji1/bi4/zhi4/ji4/shi4 "奇迹 qi2ji4 miracle; miraculous; wonder; marvel
痕迹 hen2ji4 vestige; mark; trace
事迹 shi4ji4 deed; past achievement; important event of the past
迹象 ji4xiang4 sign; indication; mark; indicator
迹 ji4 footprint; mark; trace; vestige; sign; indication" 177
崛 jue2 bi4/qi2/jue2/xi1/ji4 "崛起 jue2qi3 to rise abruptly (to a towering position); to tower over; to spring up; to emerge suddenly; the emergence (e.g. of a power)" 178
惜 xi1 xi1/ji2/ji4/ling2/yu2 "可惜 ke3xi1 it is a pity; what a pity; unfortunately
珍惜 zhen1xi1 to treasure; to value; to cherish
不惜 bu4xi1 not stint; not spare; not hesitate (to do sth); not scruple (to do sth)
惜 xi1 to cherish; to begrudge; to pity
惋惜 wan3xi1 to regret; to feel that it is a great pity; to feel sorry for sb" 179
藉 ji2 xi1/yu2/shi4/ji4/ji2 "藉 ji2 to insult; to walk all over (sb)
慰藉 wei4jie4 to console; to comfort
狼藉 lang2ji2 in a mess; scattered about; in complete disorder" 180
嘻 xi1 shi4/jue2/ji4/ling2/xi1 "嘻嘻 xi1xi1 hee hee; happy
嘻 xi1 laugh; giggle; (interjection expressing admiration, surprise etc); (interjection expressing surprise, grief etc)" 181
饥 ji1 lu4/ji1/ling2/xi1 "饥 ji1 (bound form) hungry
饥荒 ji1huang1 crop failure; famine; debt; difficulty
饥渴 ji1ke3 hungry and thirsty; (fig.) to crave (knowledge, love etc)
充饥 chong1ji1 to allay one's hunger" 182
逸 yi4 ji2/shi4/yi4/zhi4/hui4 "逸 yi4 to escape; leisurely; outstanding
飘逸 piao1yi4 graceful; elegant; to drift; to float
安逸 an1yi4 easy and comfortable; easy
逃逸 tao2yi4 to escape; to run away; to abscond
逸事 yi4shi4 anecdote; lost or apocryphal story about famous person" 183
锡 xi1 lu4/xi1/li4/hui4 "锡 xi1 tin (chemistry); to bestow; to confer; to grant
无锡 wu2xi1 wuxi, prefecture-level city in jiangsu" 184
辐 fu2 shi4/zhi4/fu2/yu4/ji4 "辐射 fu2she4 radiation
辐 fu2 spoke of a wheel" 185
逝 shi4 ji2/xi1/yu4/shi4 "逝世 shi4shi4 to pass away; to die
逝 shi4 (of flowing water or time) to pass by; to pass away; to die
流逝 liu2shi4 (of time) to pass; to elapse
逝去 shi4qu4 to elapse; to pass away; to die; demise
消逝 xiao1shi4 to fade away" 186
疫 yi4 ling2/ji2/zhi4/ji1/yi4 "疫情 yi4qing2 epidemic situation
疫苗 yi4miao2 vaccine
免疫 mian3yi4 immunity (to disease)
检疫 jian3yi4 quarantine
瘟疫 wen1yi4 plague; pestilence" 187
窒 zhi4 bo2/yu2/yan3/yu4/zhi4 "窒息 zhi4xi1 to choke; to stifle; to suffocate
窒 zhi4 to obstruct; to stop up" 188
际 ji4 ji4/yu4/jue2/xi1/li4 "国际 guo2ji4 international
实际 shi2ji4 reality; practice; practical; realistic; real; actual
之际 zhi1ji4 during; at the time of
交际 jiao1ji4 communication; social intercourse
际 ji4 border; edge; boundary; interval; between; inter-; to meet; time; occasion; to meet with (circumstances)" 189
拂 fu2 fu2/hui4/qi2/xi1 "拂 fu2 to flick; to brush off; (of a breeze) to brush lightly over; (literary) to run counter to
吹拂 chui1fu2 to brush; to caress (of breeze); to praise
拂晓 fu2xiao3 daybreak; approach of dawn" 190
琪 qi2 qi2/li4/shi4/jue2/bo2 "琪 qi2 fine jade" 191
裕 yu4 yu2/bi4/jue2/yu4 "富裕 fu4yu4 prosperous; well-to-do; well-off
裕 yu4 abundant
充裕 chong1yu4 abundant; ample; plenty; abundance
宽裕 kuan1yu4 comfortably off; ample; plenty" 192
爵 jue2 shi4/zhi4/jue2/yu4 "爵士 jue2shi4 knight; sir
伯爵 bo2jue2 earl; count
公爵 gong1jue2 duke; dukedom
爵 jue2 nobility
男爵 nan2jue2 baron" 193
禄 lu4 lu4/ling2/hui4/yu4 "禄 lu4 good fortune; official salary" 194
誉 yu4 hui4/ji4/lu4/ji1/yu4 "荣誉 rong2yu4 honor; credit; glory; (honorable) reputation; honorary
名誉 ming2yu4 fame; reputation; honor; honorary; emeritus (of retired professor)
信誉 xin4yu4 prestige; distinction; reputation; trust
声誉 sheng1yu4 reputation; fame
誉 yu4 to praise; to acclaim; reputation" 195
逾 yu2 ji2/yu2/bi4/fu2 "逾 yu2 to exceed; to go beyond; to transcend; to cross over; to jump over
逾期 yu2qi1 to be overdue; to fail to meet a deadline; to be behind in doing sth
逾越 yu2yue4 to exceed" 196
溢 yi4 qi2/yi4 "溢 yi4 to overflow; (literary) excessive
洋溢 yang2yi4 brimming with; steeped in
溢出 yi4chu1 to overflow; to spill over; (computing) overflow
充溢 chong1yi4 to overflow (with riches); replete
溢价 yi4jia4 premium; to pay a premium" 197
稀 xi1 li4/ling2/xi1/hui4 "稀 xi1 rare; uncommon; watery; sparse
依稀 yi1xi1 vaguely; dimly; probably; very likely
稀饭 xi1fan4 porridge; gruel; congee
稀少 xi1shao3 sparse; rare
稀罕 xi1han5 rare; uncommon; rare thing; rarity; to value as a rarity; to cherish" 198
祺 qi2 qi2/shi4/ji2/yu2/ji1 "祺 qi2 auspicious; propitious; good luck; felicity; euphoria" 199
茜 xi1 qi2/xi1/ling2/li4/jue2 "茜 qian4 rubia cordifolia; indian madder; munjeet" 200
毅 yi4 qi2/hui4/yi4/ji4 "毅 yi4 firm and resolute; staunch
毅力 yi4li4 perseverance; willpower
毅然 yi4ran2 firmly; resolutely; without hesitation
坚毅 jian1yi4 firm and persistent; unswerving determination
刚毅 gang1yi4 resolute; steadfast; stalwart" 201
狱 yu4 jue2/yan3/yu2/yu4/ji1 "监狱 jian1yu4 prison
地狱 di4yu4 hell; infernal; underworld
狱 yu4 prison
入狱 ru4yu4 to go to jail; to be sent to prison
出狱 chu1yu4 to be released from prison" 202
誓 shi4 fu2/shi4/jue2 "发誓 fa1shi4 to vow; to pledge; to swear
誓 shi4 oath; vow; to swear; to pledge
誓言 shi4yan2 to pledge; to promise; oath; vow
宣誓 xuan1shi4 to swear an oath (of office); to make a vow
誓死 shi4si3 to pledge one's life" 203
姬 ji1 jue2/ling2/lu4/ji1/yu4 "姬 ji1 woman; concubine; female entertainer (archaic)" 204
渔 yu2 yan3/bi4/yu2/ji1/jue2 "渔 yu2 fisherman; to fish
渔民 yu2min2 fisherman; fisher folk
渔船 yu2chuan2 fishing boat
渔业 yu2ye4 fishing industry; fishery
渔夫 yu2fu1 fisherman" 205
暨 ji4 hui4/fu2/ji4/yi4/li4 "暨 ji4 and; to reach to; the limits" 206
崎 qi2 hui4/ji4/li4/qi2/yu4 "崎 qi2 mountainous
崎岖 qi2qu1 rugged; craggy" 207
俘 fu2 qi2/yu2/li4/yi4/fu2 "俘虏 fu2lu3 captive
战俘 zhan4fu2 prisoner of war
俘 fu2 to take prisoner; prisoner of war
俘获 fu2huo4 to capture (enemy property or personnel); capture (physics: absorption of subatomic particle by an atom or nucleus)" 208
吏 li4 ling2/ji4/qi2/li4 "官吏 guan1li4 bureaucrat; official
吏部 li4bu4 ministry of appointments (in imperial china)" 209
役 yi4 yi4/zhi4/hui4/ling2 "战役 zhan4yi4 military campaign
役 yi4 forced labor; obligatory task; military service; to use as servant; to enserf; war; campaign; battle
退役 tui4yi4 to retire from the military, sport etc; to demobilize; to decommission; retired from use
奴役 nu2yi4 to enslave; slavery
服役 fu2yi4 to serve in the army; in active service" 210
俨 yan3 ling2/bo2/ji2/li4/yan3 "俨然 yan3ran2 just like; solemn; dignified; neatly laid out" 211
悉 xi1 yan3/ji2/ling2/bi4/xi1 "据悉 ju4xi1 according to reports; it is reported (that)
悉 xi1 in all cases; know
获悉 huo4xi1 to learn of sth; to find out; to get news
悉尼 xi1ni2 sydney, capital of new south wales, australia
悉心 xi1xin1 to put one's heart (and soul) into sth; with great care" 212
璧 bi4 shi4/yu4/yi4/ling2/bi4 "璧 bi4 jade annulus
连璧 lian2bi4 to join jade annuli; fig. to combine two good things
合璧 he2bi4 to match harmoniously" 213
陛 bi4 bi4/ji2/zhi4/yu4/ling2 "陛下 bi4xia4 your majesty; his or her majesty" 214
倔 jue2 ji4/qi2/yu4/jue2/lu4 "倔强 jue2jiang4 stubborn; obstinate; unbending
倔 jue2 crabby; tough" 215
璐 lu4 ling2/zhi4/shi4/ji4/lu4 "璐 lu4 beautiful jade" 216
仕 shi4 yu4/jue2/shi4/qi2 "仕 shi4 to serve as an official; an official
仕途 shi4tu2 official career (formal)" 217
辟 bi4 bi4/bo2/lu4/li4 "开辟 kai1pi4 to open up; to set up; to establish
辟 bi4 king; monarch; to enlist; to repel; to avoid
精辟 jing1pi4 clear and penetrating (e.g. analysis); incisive; insightful
复辟 fu4bi4 to recover one's power or authority; restoration (of a past regime)
辟谣 pi4yao2 to refute a rumor; to deny" 218
侍 shi4 bi4/ji2/shi4/fu2 "侍者 shi4zhe3 attendant; waiter
侍 shi4 to serve; to attend upon
侍候 shi4hou4 to serve; to wait upon
服侍 fu2shi5 to attend to; to care for (patients etc); to look after; to wait upon; to serve
侍卫 shi4wei4 imperial bodyguard" 219
邑 yi4 qi2/yi4/hui4/yan3 "邑 yi4 city; village" 220
琦 qi2 shi4/hui4/qi2/fu2 "琦 qi2 curio; valuable stone" 221
寓 yu4 yu4/lu4/ji1/yu2/jue2 "公寓 gong1yu4 apartment building; block of flats
寓言 yu4yan2 fable
寓 yu4 to reside; to imply; to contain; residence
寓意 yu4yi4 moral (of a story); lesson to be learned; implication; message; import; metaphorical meaning
寓所 yu4suo3 dwelling" 222
熄 xi1 yan3/xi1/bo2/yi4 "熄灭 xi1mie4 to stop burning; to go out (of fire); to die out; extinguished
熄 xi1 to extinguish; to put out (fire); to quench; to stop burning; to go out (of fire, lamp etc); to come to an end; to wither away; to die out
熄灯 xi1deng1 turn out the lights; lights out
熄火 xi1huo3 (of fire, lamp etc) to go out; to put out (fire); (fig.) to die down; (of a vehicle) to stall" 223
熙 xi1 xi1/bi4/ji2/ji4 "熙 xi1 (bound form) (literary) bright; prosperous; splendid; genial" 224
蕙 hui4 ji2/jue2/hui4/yan3/ji4 "蕙 hui4 coumarouna odorata" 225
掷 zhi4 fu2/qi2/shi4/zhi4 "掷 zhi4 to toss; to throw dice
投掷 tou2zhi4 to throw sth a long distance; to hurl; to throw at; to throw (dice etc); to flip (a coin)" 226
渝 yu2 hui4/ji4/yu2/ling2/bi4 "不渝 bu4yu2 constant; unchanging; abiding; faithful" 227
析 xi1 xi1/bi4/lu4/ji2 "分析 fen1xi1 to analyze; analysis
解析 jie3xi1 to analyze; to resolve; (math.) analysis; analytic
析 xi1 to separate; to divide; to analyze
剖析 pou1xi1 to analyze; to dissect
辨析 bian4xi1 to differentiate and analyze; to discriminate" 228
泊 bo2 jue2/bo2/ji2/ji1/hui4 "漂泊 piao1bo2 (of a boat) to float; to drift; to lie at anchor; (fig.) to roam; to lead a wandering existence
泊 bo2 to anchor; touch at; to moor
湖泊 hu2po1 lake
停泊 ting2bo2 to anchor; anchorage; mooring (of a ship)
淡泊 dan4bo2 living a simple life" 229
裔 yi4 lu4/ji1/yi4 "华裔 hua2yi4 ethnic chinese; non-chinese citizen of chinese ancestry
裔 yi4 descendants; frontier
后裔 hou4yi4 descendant
亚裔 ya4yi4 of asian descent
族裔 zu2yi4 ethnic group" 230
搏 bo2 hui4/yu2/bo2/yi4/ji2 "拼搏 pin1bo2 to struggle; to wrestle
搏 bo2 to fight; to combat; to seize; (of heart) to beat
搏斗 bo2dou4 to wrestle; to fight; to struggle
脉搏 mai4bo2 pulse (both medical and figurative)
搏击 bo2ji1 to fight, esp. with hands; wrestling (as a sport); to wrestle; to wrestle (against fate, with a problem etc); to capture prey" 231
奕 yi4 yi4/hui4/ji2/zhi4 "奕 yi4 abundant; graceful" 232
菱 ling2 ling2/yu2/xi1/fu2/yi4 "菱 ling2 water caltrop (trapa species)
三菱 san1ling2 mitsubishi
菱形 ling2xing2 rhombus
菱角 ling2jiao5 water caltrop (trapa species), aquatic plant with edible seeds" 233
吁 yu4 yu4/ji4/yi4/ling2 "呼吁 hu1yu4 to call on (sb to do sth); to appeal (to); an appeal
吁 xu1 sh; hush" 234
弊 bi4 bi4/li4/yu4/jue2/hui4 "作弊 zuo4bi4 to practice fraud; to cheat; to engage in corrupt practices
弊 bi4 detriment; fraud; harm; defeat
弊端 bi4duan1 systemic problem (sometimes refers specifically to corrupt practices)
利弊 li4bi4 pros and cons; merits and drawbacks; advantages and disadvantages
弊病 bi4bing4 malady; evil; malpractice; drawback; disadvantage" 235
嗜 shi4 shi4/bo2/lu4/ji4 "嗜好 shi4hao4 hobby; indulgence; habit; addiction
嗜 shi4 addicted to; fond of; stem corresponding to -phil or -phile
嗜血 shi4xue4 bloodthirsty; bloodsucking; hemophile" 236
绩 ji4 ji4/yu2/bi4/fu2/xi1 "成绩 cheng2ji4 achievement; performance records; grades
业绩 ye4ji4 achievement; accomplishment; (in more recent usage) performance (of a business, employee etc); results
绩 ji4 to spin (hemp etc); merit; accomplishment
绩效 ji4xiao4 performance; results; achievement
政绩 zheng4ji4 (political) achievements; track record" 237
毙 bi4 fu2/qi2/yan3/hui4/bi4 "枪毙 qiang1bi4 to execute by firing squad; to shoot dead; fig. to discard; to get rid of
毙 bi4 to die; to shoot dead; to reject; to fall forward; (suffix) to death; to collapse
击毙 ji1bi4 to kill; to shoot dead
毙命 bi4ming4 to meet violent death; to get killed" 238
抉 jue2 jue2/ling2/ji1/fu2 "抉择 jue2ze2 to choose (literary)" 239
畸 ji1 lu4/yu4/xi1/hui4/ji1 "畸形 ji1xing2 deformity; abnormality
畸 ji1 lopsided; unbalanced; abnormal; irregular; odd fractional remnant" 240
荔 li4 zhi4/ji1/li4/bi4/shi4 "荔枝 li4zhi1 litchi or lychee fruit (litchi chinensis sonn.)
荔 li4 litchi" 241
驳 bo2 yi4/qi2/ji4/bi4/bo2 "反驳 fan3bo2 to retort; to refute
驳 bo2 variegated; heterogeneous; to refute; to contradict; to ship by barge; a barge; a lighter (ship)
斑驳 ban1bo2 mottled; motley
驳回 bo2hui2 to reject; to turn down; to overrule
驳斥 bo2chi4 to refute; to debunk; to deny; to denounce" 242
喻 yu4 yu2/hui4/yu4/shi4 "比喻 bi3yu4 to compare; to liken to; metaphor; analogy; figure of speech; figuratively
喻 yu4 to describe sth as; an analogy; a simile; a metaphor; an allegory
隐喻 yin3yu4 metaphor
言喻 yan2yu4 to describe; to put into words" 243
笠 li4 fu2/lu4/bo2/li4 "笠 li4 bamboo rain hat
斗笠 dou3li4 conical bamboo hat" 244
伶 ling2 yu4/ling2/hui4/bi4 "伶 ling2 clever; actress
伶俐 ling2li4 clever; witty; intelligent" 245
掘 jue2 yu2/yan3/jue2/ji2 "挖掘 wa1jue2 to excavate; to dig; to unearth
发掘 fa1jue2 to excavate; to explore; (fig.) to unearth; to tap into
掘 jue2 to dig
开掘 kai1jue2 to dig; to excavate; (fig.) to explore (archival materials) and unearth findings" 246
贿 hui4 hui4/yu2/yi4/fu2/ling2 "贿赂 hui4lu4 to bribe; a bribe
受贿 shou4hui4 to accept a bribe
行贿 xing2hui4 to bribe; to give bribes
贿 hui4 (bound form) bribery" 247
蔚 yu4 fu2/ji1/hui4/yi4/yu4 "蔚蓝 wei4lan2 azure; sky blue
蔚 yu4 place name" 248
豫 yu4 yu4/li4/yu2 "犹豫 you2yu4 to hesitate
豫 yu4 happy; carefree; at one's ease" 249
嬉 xi1 yan3/xi1/yu4 "嬉戏 xi1xi4 to frolic; to romp
嬉 xi1 amusement
嬉笑 xi1xiao4 to be laughing and playing; to giggle" 250
羚 ling2 li4/hui4/ling2/yan3 "羚羊 ling2yang2 antelope
藏羚 zang4ling2 tibetan antelope; pantholops hodgsonii; chiru
羚 ling2 antelope" 251
庇 bi4 hui4/bi4/yu4 "庇护 bi4hu4 asylum; shelter; to shield; to put under protection; to take under one's wing
庇 bi4 to protect; cover; shelter; hide or harbor
包庇 bao1bi4 to shield; to harbor; to cover up" 252
溃 hui4 yi4/hui4/bo2/ji2/xi1 "崩溃 beng1kui4 to collapse; to crumble; to fall apart
溃 kui4 (bound form) (of floodwaters) to break through a dam or dike; (bound form) to break through (a military encirclement); (bound form) to be routed; to be overrun; to fall to pieces; (bound form) to fester; to ulcerate
溃疡 kui4yang2 ulcer; to ulcerate
击溃 ji1kui4 to defeat; to smash; to rout
溃烂 kui4lan4 to fester; to ulcerate" 253
驿 yi4 yi4/xi1/hui4/ji1/lu4 "驿 yi4 post horse; relay station" 254
叽 ji1 bo2/ji2/jue2/ji1/shi4 "叽 ji1 grumble" 255
谕 yu4 ji1/yu4/ling2/yan3/qi2 "谕 yu4 order (from above)" 256
棘 ji2 hui4/xi1/ling2/ji2/yu2 "棘手 ji2shou3 thorny (problem); intractable
荆棘 jing1ji2 thistles and thorns; brambles; thorny undergrowth
棘 ji2 thorns" 257
稚 zhi4 zhi4/ji4/ling2 "幼稚 you4zhi4 young; childish; puerile
稚嫩 zhi4nen4 young and tender; puerile; soft and immature
稚气 zhi4qi4 childish nature; infantile; juvenile; puerile
稚 zhi4 infantile; young
童稚 tong2zhi4 child; childish" 258
蟋 xi1 jue2/xi1/li4/bo2/yan3 "蟋蟀 xi1shuai4 cricket (insect)" 259
诀 jue2 qi2/ji2/jue2/yi4/ling2 "秘诀 mi4jue2 secret know-how; key (to longevity); secret (of happiness); recipe (for success)
诀 jue2 to bid farewell; tricks of the trade
诀窍 jue2qiao4 secret; trick; knack; key
口诀 kou3jue2 mnemonic chant; rhyme for remembering (arithmetic tables, character stroke order etc)
要诀 yao4jue2 the key trick; the secret of success" 260
尉 yu4 ling2/bo2/lu4/jue2/yu4 "尉 wei4 military officer
上尉 shang4wei4 captain (military rank)
中尉 zhong1wei4 lieutenant (navy); first lieutenant (army); subaltern
少尉 shao4wei4 second lieutenant (army rank)
校尉 xiao4wei4 military officer" 261
唏 xi1 xi1/bo2/fu2/lu4 "唏嘘 xi1xu1 to sob
唏 xi1 sound of sobbing" 262
滞 zhi4 ji2/ji4/zhi4/xi1/yu4 "滞留 zhi4liu2 (of a person) to remain in (a place) (due to circumstances that prevent one leaving); to be stranded; (of sth that would typically dissipate, e.g. floodwater, pollutants) to remain; to linger
呆滞 dai1zhi4 dull; lifeless; sluggish
滞 zhi4 sluggish
停滞 ting2zhi4 stagnation; at a standstill; bogged down
滞后 zhi4hou4 to lag behind" 263
衍 yan3 ji2/jue2/li4/yan3/zhi4 "敷衍 fu1yan3 to elaborate (on a theme); to expound (the classics); perfunctory; to skimp; to botch; to do sth half-heartedly or just for show; barely enough to get by
衍生 yan3sheng1 to give rise to; to derive; derivative; derivation
繁衍 fan2yan3 to multiply; to reproduce; to increase gradually in number or quantity
衍 yan3 to spread out; to develop; to overflow; to amplify; superfluous" 264
隶 li4 zhi4/lu4/li4/yan3 "奴隶 nu2li4 slave
隶属 li4shu3 to belong to (a category); to be attached to
隶 li4 attached to; scribe
直隶 zhi2li4 ming and qing dynasty province directly administered by beijing, including beijing, tianjin, most of hebei and henan and part of shandong
隶书 li4shu1 clerical script; official script (chinese calligraphic style)" 265
唧 ji1 yu2/zhi4/bo2/ji1/shi4 "吧唧 ba1ji5 to smack one's lips" 266
讳 hui4 hui4/fu2/xi1/ling2 "讳 hui4 to avoid mentioning; taboo word; name of deceased emperor or superior
避讳 bi4hui4 to avoid a taboo (usu. on the given names of emperors or one's elders)" 267
熨 yu4 shi4/lu4/yu4/zhi4/yan3 "熨 yu4 reconciled; smooth
熨烫 yun4tang4 to iron (clothes)" 268
栗 li4 li4/bi4/jue2/zhi4/ji4 "栗子 li4zi5 chestnut
栗 li4 (literary) cold; chilly; (bound form) to tremble with fear; chestnut
战栗 zhan4li4 to tremble; shudder
板栗 ban3li4 chinese chestnut
栗色 li4se4 maroon (color)" 269
瑜 yu2 ji1/ji2/yu2/ling2/lu4 "瑜 yu2 excellence; luster of gems
瑜珈 yu2jia1 yoga" 270
汲 ji2 shi4/ji4/ji2/yi4 "汲取 ji2qu3 to draw; to derive; to absorb
汲 ji2 to draw (water)" 271
谊 yi4 yi4/zhi4/ji1/bi4/li4 "友谊 you3yi4 companionship; fellowship; friendship
情谊 qing2yi4 friendship; camaraderie
谊 yi4 friendship
联谊 lian2yi4 friendship; fellowship" 272
柿 shi4 ji1/yu4/yi4/bo2/shi4 "柿子 shi4zi5 persimmon
柿 shi4 persimmon" 273
冀 ji4 hui4/ji4/yu2/ji1/yu4 "冀 ji4 (literary) to hope for" 274
卉 hui4 jue2/shi4/hui4/yan3 "花卉 hua1hui4 flowers and plants
卉 hui4 plants" 275
讥 ji1 bo2/ji1/li4/ji4 "讥讽 ji1feng3 to satirize; to ridicule; to mock
讥笑 ji1xiao4 to sneer
讥 ji1 to ridicule" 276
虞 yu2 xi1/zhi4/bo2/yu2 "虞 yu2 to expect; to anticipate; to worry; to cheat" 277
犀 xi1 xi1/yu2/hui4/ji4/ling2 "犀利 xi1li4 sharp; incisive; penetrating
灵犀 ling2xi1 rhinoceros horn, reputed to confer telepathic powers; fig. mutual sensitivity; tacit exchange of romantic feelings; a meeting of minds
犀牛 xi1niu2 rhinoceros
犀 xi1 rhinoceros; sharp" 278
伎 ji4 ji4/yi4/ji2/qi2/shi4 "伎俩 ji4liang3 trick; scheme; ploy; skill
伎 ji4 artistry; talent; skill" 279
荟 hui4 shi4/yan3/xi1/hui4/ji1 "荟萃 hui4cui4 collecting together (of distinguished people or exquisite objects); to gather; to assemble
荟 hui4 to flourish; luxuriant growth" 280
蹊 xi1 ji4/bi4/xi1/fu2 "蹊跷 qi1qiao1 odd; queer; strange; fishy" 281
棱 ling2 ji2/li4/lu4/ling2/hui4 "棱 leng2 square beam; corner; edge; arris (sharp ridge formed by two surfaces meeting at an edge); protrusion
棱角 leng2jiao3 edge and corner; protrusion; sharpness (of a protrusion); craggy; ridge corner" 282
隅 yu2 yu2/ji4/ji2/fu2 "隅 yu2 corner" 283
烩 hui4 shi4/hui4/yi4/zhi4/bo2 "烩 hui4 to braise; to cook (rice etc) with vegetables, meat and water" 284
峪 yu4 yi4/bo2/yu4/hui4/zhi4 "峪 yu4 valley" 285
苓 ling2 jue2/yi4/ji2/ling2 "苓 ling2 fungus; tuber" 286
矶 ji1 fu2/ji1/jue2/li4/yi4 "矶 ji1 breakwater; jetty" 287
淇 qi2 fu2/yan3/bo2/qi2 "淇 qi2 name of a river" 288
奄 yan3 yan3/yu4/bo2/ji4 "奄 yan3 suddenly; abruptly; hastily; to cover; to surround" 289
屹 yi4 lu4/qi2/yu4/yi4/jue2 "屹立 yi4li4 to tower; to stand straight (of person's bearing)" 290
佚 yi4 li4/qi2/yu2/yi4/shi4 "佚 yi4 lost; missing; forsaken; dissolute; (of a woman) beautiful; fault; offense; hermit" 291
帛 bo2 bo2/shi4/lu4/xi1/yi4 "帛 bo2 silk" 292
跻 ji1 bo2/bi4/lu4/yan3/ji1 "跻身 ji1shen1 to rise (in society)" 293
敝 bi4 ji4/zhi4/bi4/ji1/shi4 "敝 bi4 my (polite); poor; ruined; shabby; worn out; defeated" 294
炙 zhi4 jue2/ji4/bi4/fu2/zhi4 "炙 zhi4 to broil; to roast" 295
诲 hui4 hui4/lu4/yu2/bo2/yan3 "教诲 jiao4hui4 (literary) to instruct; to admonish; to counsel; teachings; instruction; guidance
诲 hui4 to teach; to instruct; to induce" 296
笈 ji2 lu4/bo2/ji2/shi4/li4 "笈 ji2 trunks (for books)" 297
痣 zhi4 jue2/ling2/zhi4/shi4 "痣 zhi4 birthmark; mole
黑痣 hei1zhi4 mole" 298
麒 qi2 ji1/qi2/yan3 "麒麟 qi2lin2 qilin (mythical chinese animal); kylin; chinese unicorn; commonly mistranslated as giraffe
麒 qi2 mythical male unicorn" 299
偈 ji4 lu4/ji4/ling2/yan3/yi4 "偈 ji4 gatha" 300
励 li4 ling2/yi4/yu4/li4/lu4 "鼓励 gu3li4 to encourage
奖励 jiang3li4 to reward; reward (as encouragement)
激励 ji1li4 to encourage; to urge; motivation; incentive
励志 li4zhi4 to encourage; encouragement
勉励 mian3li4 to encourage" 301
稽 ji1 shi4/hui4/jue2/ji1/zhi4 "稽 ji1 to inspect; to check
稽查 ji1cha2 inspection" 302
俞 yu2 yu2/li4/fu2/xi1/zhi4 "俞 yu2 yes (used by emperor or ruler); ok; to accede; to assent" 303
岐 qi2 fu2/yi4/jue2/qi2/ji1 "岐 qi2 also used in place names" 304
拭 shi4 shi4/yu2/fu2/lu4 "擦拭 ca1shi4 to wipe clean
拭 shi4 to wipe" 305
桴 fu2 ling2/yi4/qi2/fu2/shi4 "桴 fu2 beam; rafter" 306
翌 yi4 bi4/yi4 "翌日 yi4ri4 next day
翌年 yi4nian2 the following year; the next year
翌 yi4 bright; tomorrow" 307
懿 yi4 yi4/jue2/bi4/ling2 "懿 yi4 (literary) exemplary; virtuous" 308
髻 ji4 yu2/yu4/zhi4/ji4/yan3 "髻 ji4 hair rolled up in a bun, topknot
发髻 fa4ji4 hair worn in a bun or coil" 309
榆 yu2 hui4/lu4/yi4/yu2/qi2 "榆 yu2 elm
榆树 yu2shu4 elm
榆林 yu2lin2 yulin, prefecture-level city in shaanxi" 310
晦 hui4 hui4/yu2/yi4/bo2/zhi4 "晦 hui4 last day of a lunar month; dark; night
晦气 hui4qi4 bad luck; unlucky; calamitous; wretched
晦涩 hui4se4 difficult to understand; cryptic
晦暗 hui4an4 dark and gloomy
隐晦 yin3hui4 vague; ambiguous; veiled; obscure" 311
轶 yi4 ji4/shi4/jue2/yi4 "轶 yi4 to excel; to surpass; to be scattered" 312
婢 bi4 yu4/bi4/ji2/shi4/yan3 "婢 bi4 slave girl; maid servant
奴婢 nu2bi4 slave servant
婢女 bi4nu:35 slave girl; servant girl" 313
恃 shi4 yu2/bi4/bo2/shi4/yu4 "恃 shi4 to rely on; mother (formal)
自恃 zi4shi4 self-esteem; self-reliance; overconfident; conceited" 314
渤 bo2 bo2/bi4/jue2/qi2 "渤海 bo2hai3 bohai sea, or bo hai, between liaoning and shandong" 315
绫 ling2 yan3/yi4/ling2/yu4 "绫 ling2 damask; thin silk" 316
俟 qi2 yu4/yu2/ji1/ji4/qi2 "俟 si4 (literary) to wait for" 317
镒 yi4 hui4/bo2/yi4/lu4  318
蔽 bi4 qi2/xi1/li4/ji4/bi4 "隐蔽 yin3bi4 to conceal; to hide; covert; under cover
屏蔽 ping2bi4 to screen; to block (sth or sb); to shield; (protective) shield
蒙蔽 meng2bi4 to deceive; to hoodwink
遮蔽 zhe1bi4 to cover; to hide from view; to obstruct or block; defilade (military)
蔽 bi4 to cover; to shield; to screen; to conceal" 319
秽 hui4 jue2/hui4/lu4/yan3/bi4 "淫秽 yin2hui4 obscene; coarse
污秽 wu1hui4 nasty; sordid; filthy
秽 hui4 dirt; filth" 320
挚 zhi4 lu4/zhi4/ji4 "真挚 zhen1zhi4 sincere; sincerity
诚挚 cheng2zhi4 sincere; cordial
挚友 zhi4you3 intimate friend; close friend
挚爱 zhi4ai4 true love
挚 zhi4 sincere" 321
琰 yan3 ji4/fu2/yan3/ji1 "琰 yan3 gem; glitter of gems" 322
麓 lu4 bo2/lu4/shi4/jue2/yu2 "麓 lu4 foot of a hill
山麓 shan1lu4 foothills" 323
沥 li4 zhi4/lu4/bo2/li4 "沥 li4 to drip; to strain or filter; a trickle
沥青 li4qing1 asphalt; bitumen; pitch" 324
鲫 ji4 xi1/fu2/lu4/shi4/ji4 "鲫鱼 ji4yu2 crucian carp" 325
诣 yi4 shi4/ji1/xi1/yi4 "造诣 zao4yi4 level of mastery (of a skill or area of knowledge); (archaic) to pay a visit to sb
诣 yi4 to go (to visit a superior); one's current attainment in learning or art" 326
蓟 ji4 ji2/yan3/yu4/xi1/ji4 "蓟 ji4 cirsium; thistle" 327
彗 hui4 ji1/shi4/hui4/ji2/yu4 "彗星 hui4xing1 comet" 328
霁 ji4 fu2/ji1/ji4/yu2/ji2 "霁 ji4 sky clearing up" 329
氟 fu2 ji1/ji4/fu2/zhi4/hui4 "氟 fu2 fluorine (chemistry)" 330
芋 yu4 hui4/yu4/qi2/jue2 "芋 yu4 taro; colocasia antiquorum; colocasia esculenta
芋头 yu4tou5 taro
山芋 shan1yu4 sweet potato
洋芋 yang2yu4 (dialect) potato" 331
翎 ling2 yu2/ji1/lu4/ling2 "翎 ling2 tail feathers; plume" 332
曦 xi1 yu4/bi4/yu2/xi1/hui4 "晨曦 chen2xi1 first rays of morning sun; first glimmer of dawn
曦 xi1 (literary) sunlight (usu. in early morning)" 333
奚 xi1 qi2/xi1/yan3 "奚 xi1 (literary) what?; where?; why?
奚落 xi1luo4 to taunt; to ridicule; to jeer at; to treat coldly; to abandon" 334
痔 zhi4 bi4/ling2/yu2/zhi4 "痔疮 zhi4chuang1 hemorrhoid
痔 zhi4 piles; hemorrhoid" 335
箕 ji1 zhi4/fu2/ji1/yan3 "簸箕 bo4ji1 wicker or bamboo winnowing basket; dustpan
箕 ji1 winnow basket" 336
鹭 lu4 shi4/yu4/lu4/hui4/bi4 "鹭 lu4 heron" 337
噬 shi4 jue2/ling2/shi4/bo2 "吞噬 tun1shi4 to swallow; to engulf; to gobble up
噬 shi4 to devour; to bite" 338
觊 ji4 jue2/yi4/ji4/li4 "觊觎 ji4yu2 (literary) to covet; to cast greedy eyes on" 339
厥 jue2 yi4/bi4/jue2/ling2/ji1 "突厥 tu1jue2 turkic ethnic group
厥 jue2 to faint; to lose consciousness; his; her; its; their
昏厥 hun1jue2 to faint
晕厥 yun1jue2 to faint" 340
膊 bo2 bo2/fu2/yu2 "胳膊 ge1bo5 arm
膊 bo2 shoulder; upper arm
赤膊 chi4bo2 bare to the waist" 341
翊 yi4 yi4/yu4/bo2/lu4 "翊 yi4 assist; ready to fly; respect" 342
晰 xi1 xi1/yi4/shi4/zhi4 "清晰 qing1xi1 clear; distinct
明晰 ming2xi1 clear; well-defined; limpid
晰 xi1 clear; distinct; white" 343
祁 qi2 ji2/fu2/qi2/yu2 "祁 qi2 large; vast" 344
孚 fu2 bo2/hui4/fu2/ji2/li4 "孚 fu2 to trust; to believe in" 345
驭 yu4 yu4/yu2/xi1/hui4 "驾驭 jia4yu4 to urge on (of horse); to drive; to steer; to handle; to manage; to master; to dominate
驭 yu4 to drive; to manage; to control" 346
绂 fu2 ji2/bi4/yu2/fu2 "绂 fu2 ribbon for a seal; sash" 347
雉 zhi4 yi4/yu4/ji4/ji2/zhi4 "雉 zhi4 ringed pheasant" 348
妤 yu2 bi4/yu2/yi4/zhi4/qi2 "妤 yu2 handsome; fair" 349
呓 yi4 xi1/ji4/yi4/yan3 "呓语 yi4yu3 to talk in one's sleep; crazy talk
梦呓 meng4yi4 talking in one's sleep; delirious ravings; nonsense; sheer fantasy" 350
羁 ji1 xi1/bo2/ji1 "不羁 bu4ji1 unruly; uninhibited
羁押 ji1ya1 to detain; to take into custody; detention; imprisonment
羁绊 ji1ban4 trammels; fetters; yoke; to restrain; to hinder; restraint
羁 ji1 bridle; halter; to restrain; to detain; to lodge; inn" 351
俐 li4 li4/shi4/ji2/xi1/lu4 "伶俐 ling2li4 clever; witty; intelligent
俐 li4 clever" 352
缉 ji1 yu4/ji1/qi2/ji2 "通缉 tong1ji1 to order the arrest of sb as criminal; to list as wanted
缉 ji1 to seize; to arrest
缉毒 ji1du2 to counter narcotics trafficking; drug enforcement
缉拿 ji1na2 to arrest; to seize" 353
畦 qi2 fu2/shi4/qi2/zhi4/ling2 "畦 qi2 small plot of farm land" 354
亟 ji2 xi1/ji2/bo2/ji4/jue2 "亟 ji2 urgent" 355
脐 qi2 hui4/fu2/qi2/ji1/ji4 "肚脐 du4qi2 navel
脐 qi2 (bound form) the navel; the umbilicus; (bound form) the belly flap of a crab; apron
脐带 qi2dai4 umbilical cord" 356
悸 ji4 fu2/ji4/bi4/zhi4 "悸动 ji4dong4 to pound; to throb
心悸 xin1ji4 palpitation
悸 ji4 to palpitate" 357
毓 yu4 bo2/ji2/li4/yu4/ji1 "毓 yu4 (archaic) to give birth to a child; to rear" 358
蜥 xi1 fu2/qi2/xi1/jue2/bo2 "蜥蜴 xi1yi4 lizard" 359
熠 yi4 ji1/yu4/yi4/bo2 "熠熠 yi4yi4 glistening; bright
熠 yi4 to glow; to flash" 360
臆 yi4 xi1/ji2/yi4/yu4 "臆想 yi4xiang3 subjective idea" 361
盂 yu2 yu2/shi4/ling2/bo2 "盂 yu2 basin; wide-mouthed jar or pot
痰盂 tan2yu2 spittoon" 362
耆 qi2 li4/lu4/qi2/bi4 "耆 qi2 man of sixty or seventy" 363
钰 yu4 bi4/fu2/ji1/yu4 "钰 yu4 treasure; hard metal" 364
潞 lu4 fu2/ji1/bo2/ji2/lu4 "潞 lu4 name of a river" 365
戮 lu4 shi4/ling2/lu4/zhi4 "杀戮 sha1lu4 to massacre; to slaughter
戮 lu4 to peel with a knife; to kill" 366
犄 ji1 ji1/bi4/yi4/zhi4 "犄角 ji1jiao3 horn" 367
谥 shi4 ji2/fu2/shi4/jue2/xi1 "谥 shi4 posthumous name or title; to confer a posthumous title" 368
弈 yi4 hui4/ling2/yan3/ji1/yi4 "博弈 bo2yi4 games (such as chess, dice etc); gambling; contest" 369
鼹 yan3 ji1/yu4/yan3/jue2/shi4 "鼹 yan3 mole" 370
弼 bi4 bi4/qi2/yi4/xi1/li4 "弼 bi4 to assist" 371
淅 xi1 xi1/shi4/lu4/jue2  372
偃 yan3 shi4/hui4/bi4/yan3 "偃 yan3 to lie supine; to stop; to fall down" 373
舐 shi4 fu2/jue2/zhi4/yan3/shi4 "舐 shi4 to lick; to lap (up)" 374
攫 jue2 ji4/yi4/jue2/bi4/ling2 "攫取 jue2qu3 to seize; to capture; to grab
攫 jue2 to seize; to snatch; to grab" 375
羲 xi1 ji1/xi1/hui4  376
郦 li4 yan3/lu4/qi2/li4  377
铂 bo2 shi4/ji2/bi4/bo2 "铂 bo2 platinum (chemistry)" 378
哔 bi4 bi4/ji4/zhi4 "哔 bi4 (phonetic)" 379
峙 zhi4 bi4/hui4/ji2/zhi4 "对峙 dui4zhi4 to stand opposite; to confront; confrontation
峙 zhi4 peak; to store" 380
峙 shi4 shi4/xi1/lu4/yu4/bo2 "对峙 dui4zhi4 to stand opposite; to confront; confrontation
峙 zhi4 peak; to store" 381
稷 ji4 ji4/hui4/bo2/bi4/qi2 "社稷 she4ji4 state; country; the gods of earth and grain
稷 ji4 millet; minister of agriculture" 382
弋 yi4 yu4/yi4/shi4/qi2 "游弋 you2yi4 (of a naval vessel) to cruise; to patrol; (of ducks, boats etc) to move about on a lake or river etc
弋 yi4 to shoot" 383
痢 li4 li4/yu4/hui4/yan3/fu2 "痢疾 li4ji5 dysentery
痢 li4 dysentery" 384
薜 bi4 yi4/bi4/lu4/ji2/bo2 "薜 bi4 ficus pumila" 385
弑 shi4 bi4/lu4/fu2/shi4/ji4 "弑 shi4 to murder a superior; to murder one's parent" 386
煜 yu4 ji4/lu4/hui4/yu4/ji1 "煜 yu4 brilliant; glorious" 387
颀 qi2 yu4/qi2/xi1/bi4/ji4 "颀 qi2 tall" 388
硒 xi1 zhi4/yan3/shi4/xi1 "硒 xi1 selenium (chemistry)" 389
桎 zhi4 yan3/bi4/fu2/zhi4 "桎梏 zhi4gu4 (literary) shackles" 390
舶 bo2 yan3/bi4/bo2/ling2 "船舶 chuan2bo2 shipping; boats
舶 bo2 ship" 391
砺 li4 yu2/ling2/li4 "磨砺 mo2li4 to sharpen on grindstone; to improve oneself by practice
砺 li4 grind; sandstone" 392
萸 yu2 jue2/yu2/hui4/bo2/li4 "萸 yu2 cornelian cherry" 393
俪 li4 ji2/li4/yan3/shi4/ji4 "俪 li4 husband and wife
伉俪 kang4li4 husband and wife (literary)" 394
莅 li4 hui4/li4/yu4/yi4/ji4 "莅临 li4lin2 to arrive (esp. of notable person)" 395
袱 fu2 hui4/ji4/fu2/li4 "包袱 bao1fu5 wrapping cloth; a bundle wrapped in cloth; load; weight; burden; funny part; punchline
袱 fu2 bundle wrapped in cloth" 396
戾 li4 ji1/li4 "戾 li4 to bend; to violate; to go against; ruthless and tyrannical
暴戾 bao4li4 ruthless" 397
岌 ji2 yi4/li4/ling2/ji2/shi4 "岌 ji2 lofty peak; perilous" 398
绎 yi4 yi4/ji2/jue2/ji4/shi4 "演绎 yan3yi4 (of a story etc) to unfold; to play out; to develop (a technique etc); to enact; (logic) to deduce; to infer
绎 yi4 continuous; to interpret; to unravel" 399
阈 yu4 yu4/fu2/qi2/yi4 "阈 yu4 threshold" 400
碌 lu4 xi1/bo2/lu4/ji2/yi4 "忙碌 mang2lu4 busy; bustling
劳碌 lao2lu4 to work hard; to toil" 401
漉 lu4 lu4/yu4/ji1 "漉 lu4 strain liquids" 402
欤 yu2 yu2/ji2/bi4/xi1  403
泌 bi4 xi1/bo2/lu4/bi4 "分泌 fen1mi4 to secrete; secretion
泌尿 mi4niao4 to urinate; urination" 404
宓 fu2 fu2/li4/jue2/qi2/bi4 "宓 mi4 still; silent" 405
呖 li4 ji1/bi4/li4/zhi4 "呖 li4 sound of splitting; cracking" 406
翳 yi4 ji4/yan3/yi4/ji1/ling2 "翳 yi4 feather screen; to screen; to shade; cataract" 407
矍 jue2 bi4/jue2/lu4/xi1/ji2 "矍铄 jue2shuo4 hale and hearty" 408
蕨 jue2 jue2/ji2/bi4/zhi4 "蕨 jue2 pteridium aquilinum; bracken" 409
鳍 qi2 bo2/qi2/hui4/zhi4 "鳍 qi2 fin" 410
荠 ji4 bi4/ji4/hui4/ji2/yan3 "荠 qi2 water chestnut" 411
荠 qi2 lu4/fu2/qi2/yu4/bi4 "荠 qi2 water chestnut" 412
郅 zhi4 zhi4/ji4/bo2 "郅 zhi4 extremely; very" 413
肄 yi4 yi4/yu2/ling2/ji2/zhi4 "肄业 yi4ye4 to attend (a school); to drop out (of college etc)" 414
篦 bi4 yi4/fu2/zhi4/bi4/hui4 "篦 bi4 fine-toothed comb; to comb" 415
乂 yi4 fu2/bi4/shi4/zhi4/yi4 "乂 yi4 to regulate; to govern; to control; to mow" 416
刈 yi4 bi4/ling2/yi4/hui4/bo2 "刈 yi4 mow" 417
峄 yi4 ji1/li4/fu2/yi4 "峄 yi4 name of hills in shandong" 418
佾 yi4 bo2/yi4/shi4/li4/ji4 "佾 yi4 row of dancers at sacrifices" 419
怿 yi4 jue2/ji1/bo2/shi4/yi4 "怿 yi4 pleased; rejoice" 420
羿 yi4 yi4/lu4/shi4/li4/hui4 "羿 yi4 name of legendary archer" 421
挹 yi4 hui4/ji4/zhi4/yi4 "挹 yi4 (literary) to scoop up; to ladle out; (literary) to draw toward oneself" 422
浥 yi4 yi4/yu4/lu4 "浥 yi4 damp; moist" 423
悒 yi4 qi2/xi1/ling2/yu4/yi4 "悒 yi4 anxiety; worry" 424
埸 yi4 yi4/lu4/qi2/ji2/xi1 "埸 yi4 border" 425
嗌 yi4 yi4/qi2/ji2/yu4/yan3 "嗌 yi4 (literary) the throat; (literary) (military) choke point" 426
缢 yi4 yi4/jue2/lu4/yu4 "自缢 zi4yi4 to hang oneself" 427
蜴 yi4 qi2/zhi4/yi4/ji4 "蜥蜴 xi1yi4 lizard" 428
薏 yi4 yu4/shi4/yi4/ji1/hui4  429
殪 yi4 xi1/zhi4/yi4/yan3/qi2 "殪 yi4 to exterminate" 430
螠 yi4 yu4/bi4/ling2/yi4/ji4 "螠 yi4 echiuroid (spoon worm)" 431
劓 yi4 fu2/yi4/zhi4/bi4 "劓 yi4 cut off the nose" 432
癔 yi4 shi4/yi4/yu2  433
杙 yi4 shi4/yi4/li4 "杙 yi4 post for tethering animals" 434
枍 yi4 yu4/bi4/yi4/fu2  435
㑊 yi4 yu2/ji1/hui4/yi4  436
勚 yi4 yan3/bo2/lu4/xi1/yi4 "勚 yi4 (literary) toilsome; laborious; (of an edge etc) worn out; blunt" 437
裛 yi4 shi4/yi4/lu4 "裛 yi4 to wrap and bind; damp; dripping; wet; a book bag" 438
廙 yi4 yi4/ji1/bo2/jue2/ji2 "廙 yi4 yurt; (literary) respectful; prudent" 439
瘗 yi4 yi4/yu4/yu2/yan3 "瘗 yi4 bury; sacrifice" 440
潩 yi4 ji4/li4/yi4/xi1  441
嫕 yi4 yi4/lu4/bo2/ji2 "嫕 yi4 compliant; yielding; easygoing" 442
鹝 yi4 li4/yi4/bi4/ji1/ji2 "鹝 yi4 pheasant; turkey" 443
鹢 yi4 yi4/jue2/qi2/li4/yan3 "鹢 yi4 a kind of aquatic bird" 444
燚 yi4 yi4/yan3/lu4/bo2/yu4 "燚 yi4 to blaze" 445
镱 yi4 bi4/yi4/zhi4/li4/jue2 "镱 yi4 ytterbium (chemistry)" 446
汐 xi1 hui4/yu2/xi1/jue2/fu2 "潮汐 chao2xi1 tide" 447
郗 xi1 xi1/fu2/bi4/ling2  448
恓 xi1 yu4/zhi4/xi1/fu2/qi2 "恓 xi1 troubled; vexed" 449
晞 xi1 ling2/lu4/xi1/hui4/ji4 "晞 xi1 dawn; to dry in the sun" 450
烯 xi1 xi1/yu2/ji2/zhi4 "烯 xi1 alkene" 451
翕 xi1 li4/xi1/yu4/bo2 "翕 xi1 to open and close (the mouth etc); friendly; compliant" 452
粞 xi1 shi4/lu4/ling2/fu2/xi1 "粞 xi1 ground rice; thresh rice" 453
皙 xi1 xi1/qi2/zhi4/yan3 "白皙 bai2xi1 (of complexion or skin) fair and clear" 454
豨 xi1 xi1/li4/hui4/yan3 "豨 xi1 swine" 455
僖 xi1 li4/yu2/xi1/shi4 "僖 xi1 cautious; merry; joyful" 456
熹 xi1 xi1/yan3/yu4/ji1 "熹 xi1 bright; warm" 457
樨 xi1 yu2/xi1/ji1/hui4 "樨 xi1 osmanthus fragrans" 458
螅 xi1 li4/bi4/xi1/ji4/yi4 "螅 xi1 (intestinal worm)" 459
窸 xi1 yi4/qi2/xi1/li4 "窸 xi1 disturbing noises" 460
醯 xi1 ji2/xi1/jue2/lu4 "醯 xi1 acyl" 461
肸 xi1 xi1/li4/fu2/hui4  462
穸 xi1 xi1/fu2/yi4/li4/yu2 "穸 xi1 tomb" 463
俙 xi1 hui4/xi1/qi2/yu4/fu2  464
饻 xi1 li4/bo2/qi2/xi1/shi4  465
菥 xi1 fu2/ling2/ji4/bi4/xi1  466
睎 xi1 ji1/bo2/xi1/lu4 "睎 xi1 to long for; to gaze at" 467
傒 xi1 lu4/xi1/ji2/yan3 "傒 xi1 to wait; servant; path" 468
舾 xi1 jue2/yu2/xi1/yu4/lu4  469
裼 xi1 li4/yan3/jue2/xi1 "裼 xi1 to bare the upper body" 470
嶲 xi1 bi4/qi2/ling2/xi1/li4  471
暿 xi1 xi1/zhi4/hui4/fu2/bo2  472
熻 xi1 ling2/qi2/xi1/yi4  473
谿 xi1 hui4/lu4/ji2/xi1  474
釐 xi1 yu2/xi1/fu2/yu4  475
巇 xi1 ling2/ji2/li4/xi1/yu2 "巇 xi1 mountain-gorge; ravine" 476
酅 xi1 xi1/yi4/yu2/qi2/ji4 "酅 xi1 place name" 477
爔 xi1 shi4/bi4/bo2/zhi4/xi1 "爔 xi1 (archaic) fire" 478
鼷 xi1 xi1/ling2/qi2/ji1/bo2 "鼷 xi1 mouse" 479
觿 xi1 shi4/bi4/ji2/xi1 "觿 xi1 ivory bodkin for undoing knots" 480
痹 bi4 ji2/bo2/bi4/hui4/lu4 "麻痹 ma2bi4 paralysis; palsy; numbness; to benumb; (fig.) to lull; negligent; apathetic" 481
畀 bi4 bi4/li4/ji4/yu4 "畀 bi4 to confer on; to give to" 482
荜 bi4 shi4/ji4/bi4/hui4/yu4 "荜 bi4 bean; pulse" 483
毖 bi4 yu4/bi4/yi4/lu4/ji4 "毖 bi4 careful; to prevent" 484
铋 bi4 bi4/bo2/yan3/shi4/hui4 "铋 bi4 bismuth (chemistry)" 485
筚 bi4 ling2/bi4/ji4/qi2/ji1 "筚 bi4 wicker" 486
愎 bi4 ling2/bi4/xi1/lu4 "愎 bi4 perverse; obstinate; willful" 487
蓖 bi4 shi4/yu4/bi4/qi2 "蓖 bi4 the castor-oil plant" 488
跸 bi4 jue2/ji1/bi4/hui4/qi2 "跸 bi4 to clear streets when emperor tours" 489
滗 bi4 hui4/bi4/fu2/xi1/yu4 "滗 bi4 to drain; to strain; to decant" 490
裨 bi4 qi2/hui4/bi4/ling2/ji2 "裨 bi4 to benefit; to aid; advantageous; profitable" 491
箅 bi4 jue2/bi4/yan3/yu2/zhi4 "箅 bi4 (bound form) bamboo grid for steaming food" 492
嬖 bi4 bo2/yi4/bi4 "嬖 bi4 (treat as a) favorite" 493
髀 bi4 bi4/zhi4/yu4/yan3/fu2 "髀 bi4 buttocks; thigh" 494
濞 bi4 ji1/shi4/bi4/ling2/yi4  495
襞 bi4 ji1/shi4/bi4/xi1 "襞 bi4 creases; folds or pleats in a garment" 496
坒 bi4 ling2/ji4/jue2/bi4/hui4 "坒 bi4 to compare; to match; to equal" 497
佖 bi4 li4/ji1/yi4/zhi4/bi4  498
邲 bi4 yan3/zhi4/lu4/bi4/yi4  499
诐 bi4 lu4/hui4/bi4/yu4 "诐 bi4 unfair; to flatter" 500
苾 bi4 bi4/bo2/yan3/yu4/fu2 "苾 bi4 (phonetic); fragrant" 501
咇 bi4 shi4/ji2/xi1/fu2/bi4 "咇 bi4 fragrant" 502
珌 bi4 shi4/qi2/bi4/yan3/yu2 "珌 bi4 gem on scabbard" 503
狴 bi4 ji4/ling2/bi4/ji1 "狴 bi4 (tapir)" 504
萆 bi4 shi4/bi4/jue2 "萆 bi4 castor seed" 505
庳 bi4 bi4/bo2/lu4/xi1 "庳 bi4 low-built house" 506
皕 bi4 bi4/xi1/yi4/fu2/yan3 "皕 bi4 two-hundred (rarely used); 200" 507
赑 bi4 bi4/shi4/yu4/zhi4/qi2  508
馝 bi4 hui4/bi4/jue2 "馝 bi4 fragrance" 509
觱 bi4 yu2/bi4/ji4/shi4/ling2 "觱 bi4 fever; tartar horn" 510
砾 li4 ji2/li4/yu2/yi4 "瓦砾 wa3li4 rubble; debris
沙砾 sha1li4 grains of sand" 511
雳 li4 hui4/li4/ji1/qi2 "霹雳 pi1li4 perak (state of malaysia); thunderclap; (slang) awesome; shocking; terrifying" 512
苈 li4 li4/ji1/xi1/ji4 "苈 li4 drabanemerosa hebecarpa" 513
枥 li4 li4/hui4/bo2/jue2 "枥 li4 type of oak; stable (for horses)" 514
疠 li4 jue2/yu2/hui4/li4 "疠 li4 ulcer; plague" 515
栎 li4 ling2/ji2/shi4/li4/lu4 "栎 li4 oak; quercus serrata" 516
疬 li4 li4/yu2/ji4  517
鬲 li4 qi2/zhi4/yu4/li4/fu2  518
猁 li4 li4/fu2/jue2 "猁 li4 a kind of monkey" 519
蛎 li4 li4/yu4/lu4/zhi4 "牡蛎 mu3li4 oyster" 520
唳 li4 fu2/xi1/li4/yan3 "唳 li4 cry of a crane or wild goose" 521
粝 li4 fu2/li4/qi2/yu4 "粝 li4 coarse rice" 522
跞 li4 yi4/li4/hui4/ji2 "跞 li4 move; walk" 523
詈 li4 li4/yu4/ling2/xi1/zhi4 "詈 li4 to curse; to scold" 524
傈 li4 bi4/yan3/li4/yi4/bo2  525
溧 li4 shi4/hui4/zhi4/li4 "溧 li4 name of a river" 526
篥 li4 bo2/ji2/hui4/li4/qi2 "篥 li4 bamboos good for poles; horn" 527
朸 li4 lu4/bi4/yan3/li4/ling2  528
坜 li4 hui4/ji1/jue2/li4/yi4 "坜 li4 hole, pit" 529
轹 li4 fu2/ling2/li4/shi4/zhi4 "轹 li4 to bully; wheel-rut" 530
珕 li4 jue2/ling2/lu4/li4  531
浰 li4 xi1/li4/jue2/bi4/yan3 "浰 li4 to attend (official functions)" 532
凓 li4 lu4/bi4/yu2/li4/ji1 "凓 li4 cold; frigid" 533
聿 yu4 xi1/yu2/li4/yu4/qi2 "聿 yu4 (arch. introductory particle); then; and then" 534
饫 yu4 hui4/yan3/yu4/ji4 "饫 yu4 full (as of eating)" 535
妪 yu4 li4/ji1/ji2/yu4/yi4 "老妪 lao3yu4 old woman (formal writing)" 536
昱 yu4 yu4/jue2/bi4/ji4 "昱 yu4 bright light" 537
彧 yu4 fu2/yu4/hui4/ling2 "彧 yu4 accomplished; elegant" 538
堉 yu4 xi1/shi4/lu4/yu4 "堉 yu4 fertile soil" 539
鹆 yu4 li4/yi4/ji4/ji1/yu4 "鹆 yu4 mynah" 540
滪 yu4 yu4/ji4/jue2/bi4/ling2 "滪 yu4 (place name in sichuan)" 541
蜮 yu4 yu2/ji4/xi1/bi4/yu4 "蜮 yu4 mythical creature; toad; worm" 542
燠 yu4 ji2/yu4/zhi4/shi4/bo2 "燠 yu4 warm" 543
鹬 yu4 fu2/jue2/yu4/bo2/yi4 "鹬 yu4 common snipe; sandpiper" 544
鬻 yu4 qi2/yi4/yu4 "鬻 yu4 to sell, esp. in strained circumstances" 545
悆 yu4 zhi4/yu4/bo2/shi4/bi4 "悆 yu4 happy" 546
淯 yu4 hui4/yu4/jue2/li4/yan3 "淯 yu4 name of river" 547
棫 yu4 xi1/ji1/yu4/yan3 "棫 yu4 (oak); thorny shrub" 548
矞 yu4 li4/fu2/ji4/yu4/yan3 "矞 yu4 grand; elegant; propitious" 549
蓣 yu4 yu4/lu4/hui4/ji2  550
潏 yu4 yu4/yan3/yu2/hui4/ji2  551
遹 yu4 yu4/bo2/yu2/yi4/hui4 "遹 yu4 follow; in accordance with" 552
燏 yu4 yu4/qi2/jue2/yan3 "燏 yu4 radiance of fire" 553
洎 ji4 yu2/yan3/bi4/ji4 "洎 ji4 to reach; when" 554
鲚 ji4 yu2/ji4/li4/ling2/ji1 "鲚 ji4 coilia nasus" 555
罽 ji4 bi4/qi2/li4/ji4 "罽 ji4 (fishing net); woolen rug" 556
骥 ji4 ling2/shi4/jue2/hui4/ji4 "骥 ji4 thoroughbred horse; refined and virtuous" 557
芰 ji4 fu2/li4/ji1/ji4 "芰 ji4 trapa natans; water caltrop" 558
垍 ji4 ji4/bi4/yu2/fu2/ji1 "垍 ji4 hard earth" 559
徛 ji4 ji4/bo2/fu2/ling2  560
惎 ji4 yi4/hui4/qi2/shi4/ji4 "惎 ji4 injure; vilify" 561
跽 ji4 lu4/bi4/ling2/ji4/yan3 "跽 ji4 kneel" 562
漈 ji4 bi4/ji4/lu4/fu2 "漈 ji4 river bank" 563
穄 ji4 xi1/ji4/qi2/bo2/yi4 "穄 ji4 (millet)" 564
瀱 ji4 ji4/bi4/li4/zhi4/yu2 "瀱 ji4 (literary) spring water gushing out" 565
帜 zhi4 ji2/zhi4/ling2/yi4/fu2 "旗帜 qi2zhi4 ensign; flag" 566
豸 zhi4 shi4/zhi4/jue2/bi4 "豸 zhi4 worm-like invertebrate; radical in chinese characters (kangxi radical 153)" 567
帙 zhi4 qi2/yu2/bo2/zhi4/jue2 "帙 zhi4 book cover; (classifier) ten years" 568
栉 zhi4 yan3/li4/bo2/zhi4 "栉 zhi4 comb; to comb; to weed out; to eliminate" 569
陟 zhi4 ji2/zhi4/yu4/jue2/yu2 "陟 zhi4 to advance; to ascend; to promote" 570
贽 zhi4 zhi4/yi4/ji2/ling2/qi2 "贽 zhi4 gifts to superiors" 571
轾 zhi4 yu2/qi2/zhi4/ling2/li4 "轾 zhi4 back and lower of chariot; short; low" 572
鸷 zhi4 yan3/zhi4/ji2/yu2/ji1 "鸷 zhi4 fierce; brutal; bird of prey" 573
蛭 zhi4 bi4/ling2/zhi4/yan3/shi4 "蛭 zhi4 fluke; leech; hirudinea" 574
骘 zhi4 bi4/fu2/zhi4/jue2/ji2 "骘 zhi4 a stallion; to rise; to arrange; to stabilize; to differentiate; to judge" 575
彘 zhi4 ji2/li4/bo2/zhi4/yi4 "彘 zhi4 swine" 576
踬 zhi4 zhi4/hui4/qi2/shi4 "踬 zhi4 to stumble" 577
觯 zhi4 zhi4/yu4/jue2/yan3/lu4 "觯 zhi4 goblet" 578
忮 zhi4 fu2/li4/zhi4/ji4 "忮 zhi4 (literary) (bound form) jealous" 579
庤 zhi4 yi4/zhi4/fu2/bi4/bo2 "庤 zhi4 to prepare" 580
晊 zhi4 ji1/ji4/li4/fu2/zhi4  581
梽 zhi4 xi1/yu2/li4/zhi4/ji4  582
畤 zhi4 yu2/shi4/lu4/zhi4/ji1  583
铚 zhi4 zhi4/yu2/ji4 "铚 zhi4 sickle" 584
跱 zhi4 ling2/fu2/xi1/zhi4 "跱 zhi4 to squat; to stop" 585
锧 zhi4 ji1/zhi4/jue2/yu4/bi4 "锧 zhi4 (executioner's) block" 586
滍 zhi4 yu2/bi4/zhi4/xi1  587
疐 zhi4 zhi4/ji1/ling2/xi1 "疐 zhi4 prostrate" 588
圾 ji1 ji4/xi1/ling2/lu4/ji1 "垃圾 la1ji1 trash; refuse; garbage; (coll.) of poor quality" 589
玑 ji1 ji1/fu2/yu2 "玑 ji1 irregular pearl" 590
芨 ji1 lu4/shi4/li4/ji1/bo2  591
乩 ji1 fu2/zhi4/ji1/xi1 "乩 ji1 to divine" 592
剞 ji1 hui4/qi2/yu4/ji1/zhi4  593
笄 ji1 ji1/yi4/jue2/lu4/zhi4 "笄 ji1 15 years old; hairpin for bun" 594
屐 ji1 ji1/li4/fu2 "屐 ji1 clogs" 595
赍 ji1 ji1/yi4/zhi4/shi4 "赍 ji1 to present (a gift); to harbor (a feeling); (literary) to harbor (a feeling); (literary) to present as a gift" 596
嵇 ji1 yu2/zhi4/lu4/ji1 "嵇 ji1 name of a mountain" 597
齑 ji1 ji1/yu4/xi1/li4/fu2 "齑 ji1 finely chopped meat or vegetables; powdered or fragmentary" 598
畿 ji1 lu4/ji1/qi2/bi4/ling2 "畿 ji1 territory around the capital" 599
墼 ji1 xi1/ji1/ji4/qi2 "墼 ji1 (bound form) unfired brick; (bound form) briquette (made of coal etc)" 600
枅 ji1 fu2/shi4/ji2/ji1/lu4  601
觭 ji1 zhi4/ji2/ji1/qi2/bo2 "觭 ji1 odd; one horn up and one horn down" 602
蝠 fu2 ji1/yu4/ji2/fu2/qi2 "蝙蝠 bian1fu2 (zoology) bat" 603
凫 fu2 jue2/fu2/yi4/hui4 "凫 fu2 mallard; anas platyrhyncha" 604
芾 fu2 zhi4/fu2/ji1/bo2 "芾 fu2 luxuriance of vegetation" 605
苻 fu2 jue2/yan3/fu2/ji4 "苻 fu2 angelica anomala" 606
茀 fu2 fu2/ji4/lu4/bo2/xi1 "茀 fu2 luxuriant growth" 607
怫 fu2 qi2/fu2/ling2/yi4/bo2 "怫 fu2 anxious" 608
茯 fu2 fu2/qi2/yan3/bo2  609
罘 fu2 yi4/ji4/xi1/fu2 "罘 fu2 place name" 610
郛 fu2 xi1/ling2/bi4/fu2 "郛 fu2 suburbs" 611
祓 fu2 ji1/li4/ji4/fu2 "祓 fu2 to cleanse; to remove evil; ritual for seeking good fortune and avoiding disaster" 612
莩 fu2 qi2/li4/fu2/yu4 "莩 fu2 membrane lining inside a cylindrical stem; culm" 613
蚨 fu2 yu4/fu2/xi1/hui4 "蚨 fu2 (water-beetle); money" 614
菔 fu2 bo2/hui4/yu4/xi1/fu2 "菔 fu2 turnip" 615
匐 fu2 shi4/fu2/xi1/ji1 "匍匐 pu2fu2 to crawl; to creep" 616
涪 fu2 ji4/bo2/fu2/li4 "涪 fu2 (name of a river)" 617
蜉 fu2 ji4/fu2/qi2/ji2/bo2 "蜉 fu2 (dragon fly); (large ant); (wasp)" 618
幞 fu2 hui4/ji4/fu2/xi1/shi4 "幞 fu2 old form of turban" 619
黻 fu2 bi4/fu2/yi4/ji4 "黻 fu2 (archaic) embroidery using black and blue thread" 620
芣 fu2 ji1/fu2/zhi4/ling2 "芣 fu2 plantain herb (plantago)" 621
绋 fu2 fu2/zhi4/shi4/qi2 "绋 fu2 heavy rope; rope of a bier" 622
韨 fu2 li4/yu2/shi4/fu2/bi4 "韨 fu2 kneepad" 623
洑 fu2 fu2/bi4/zhi4/yu2 "洑 fu2 undercurrent eddy" 624
垺 fu2 bo2/yu2/fu2/ling2/yu4  625
琈 fu2 jue2/yi4/bo2/fu2 "琈 fu2 (literary) a kind of jade; jade color" 626
榑 fu2 jue2/fu2/bi4/bo2/xi1  627
亓 qi2 bi4/yu4/qi2/xi1 "亓 qi2 his; her; its; their" 628
圻 qi2 bo2/qi2/hui4/yan3 "圻 qi2 boundary; a border" 629
芪 qi2 yu2/fu2/qi2/yu4/bo2  630
祇 qi2 qi2/ji4/li4/ji1/lu4 "祇 qi2 god of the earth" 631
萁 qi2 ji2/ling2/hui4/zhi4/qi2 "萁 qi2 stalks of pulse" 632
骐 qi2 fu2/yan3/ji4/ling2/qi2 "骐 qi2 piebald horse" 633
蛴 qi2 yi4/li4/jue2/fu2/qi2 "蛴 qi2 larva; maggot" 634
锜 qi2 xi1/yu4/qi2/lu4/ji2  635
綦 qi2 hui4/yu2/qi2/ling2/zhi4 "綦 qi2 dark gray; superlative; variegated" 636
蜞 qi2 bi4/yu4/zhi4/qi2 "蜞 qi2 grapsus" 637
蕲 qi2 yi4/qi2/yu4/ji4/zhi4 "蕲 qi2 (herb); implore; pray; place name" 638
埼 qi2 hui4/yu4/zhi4/qi2 "埼 qi2 headland" 639
䓫 qi2 xi1/ji1/qi2/hui4/ji2  640
跂 qi2 qi2/xi1/yan3/ji4/zhi4 "跂 qi2 sixth (extra) toe; to crawl" 641
愭 qi2 shi4/ling2/zhi4/li4/qi2 "愭 qi2 (literary) deferential; to revere" 642
鲯 qi2 shi4/qi2/yi4 "鲯 qi2 mahi-mahi (coryphaena hippurus); dorado" 643
玙 yu2 jue2/yu2/shi4/zhi4/ji1 "玙 yu2 ornamental jade" 644
臾 yu2 yu2/qi2/yi4/xi1 "须臾 xu1yu2 in a flash; in a jiffy" 645
禺 yu2 li4/xi1/shi4/yu2/ji1 "番禺 pan1yu2 panyu county in guangdong province" 646
竽 yu2 ji1/bo2/yu2/qi2  647
狳 yu2 hui4/zhi4/yu2/yan3 "狳 yu2 armadillo" 648
谀 yu2 qi2/ji2/li4/hui4/yu2 "谀 yu2 to flatter" 649
雩 yu2 yu2/lu4/ling2/xi1/bo2 "雩 yu2 summer sacrifice for rain" 650
揄 yu2 li4/yu2/jue2/fu2/ling2 "揶揄 ye2yu2 to mock; to ridicule" 651
喁 yu2 lu4/qi2/yu2/fu2  652
嵎 yu2 xi1/yu2/lu4/yan3 "嵎 yu2 mountain range" 653
嵛 yu2 zhi4/yu2/yi4/bo2 "嵛 yu2 place name in shandong" 654
腴 yu2 yi4/zhi4/li4/yu2 "丰腴 feng1yu2 full-bodied; well-rounded; fig. fertile land" 655
觎 yu2 qi2/yu2/yan3 "觊觎 ji4yu2 (literary) to covet; to cast greedy eyes on" 656
蝓 yu2 yi4/yu2/lu4/hui4/shi4  657
邘 yu2 ji1/jue2/yu2/lu4/yan3 "邘 yu2 place name" 658
舁 yu2 yi4/yu2/bo2/shi4/ji4 "舁 yu2 to lift; to raise" 659
畬 yu2 ji1/yan3/yu2/ji2  660
艅 yu2 ji2/shi4/yu2/li4/jue2  661
窬 yu2 yu2/yi4/yan3 "窬 yu2 hole in a wall" 662
褕 yu2 yu2/yi4/zhi4/ling2/bi4 "褕 yu2 loose garment" 663
髃 yu2 yu2/xi1/qi2/jue2  664
贳 shi4 hui4/yi4/yu4/shi4 "贳 shi4 to borrow; to buy on credit; to rent out" 665
莳 shi4 yan3/ling2/zhi4/shi4/fu2 "莳 shi4 to grow; to transplant" 666
轼 shi4 xi1/li4/shi4/ji4/yi4 "轼 shi4 crossbar in carriage front" 667
铈 shi4 fu2/yu2/yan3/shi4 "铈 shi4 cerium (chemistry)" 668
筮 shi4 bo2/shi4/yan3/lu4 "筮 shi4 divine by stalk" 669
奭 shi4 xi1/yu4/jue2/shi4/bi4 "奭 shi4 (literary) majestic; magnificent; (literary) rich, deep red; (literary) angry; furious" 670
螫 shi4 bo2/ji4/yu2/hui4/shi4 "螫 shi4 (literary) (of a bee or spider etc) to sting or bite" 671
䏡 shi4 shi4/bo2/yan3/fu2  672
栻 shi4 bi4/xi1/ji2/shi4/yan3 "栻 shi4 (tree)" 673
媞 shi4 xi1/shi4/zhi4/hui4/yi4  674
襫 shi4 yan3/shi4/jue2/bo2/ji4  675
孓 jue2 ji4/jue2/ji2/xi1/li4  676
玦 jue2 ji4/jue2/fu2/zhi4/bo2 "玦 jue2 penannular jade pendant" 677
珏 jue2 hui4/jue2/yu4/ji2/ling2 "珏 jue2 gems mounted together" 678
桷 jue2 li4/jue2/xi1/yu2 "桷 jue2 rafter; malus toringo" 679
谲 jue2 li4/jue2/lu4/bo2/hui4 "诡谲 gui3jue2 weird; sly; treacherous" 680
獗 jue2 ji2/xi1/jue2/ji4 "猖獗 chang1jue2 to be rampant; to run wild" 681
橛 jue2 qi2/fu2/jue2/lu4 "橛 jue2 a peg; low post" 682
镢 jue2 bo2/jue2/yu2  683
蹶 jue2 ji1/ling2/jue2/qi2 "蹶 jue2 to stumble; to trample; to kick (of horse)" 684
爝 jue2 ling2/bo2/jue2/lu4/ji4 "爝 jue2 torch" 685
砄 jue2 jue2/xi1/yi4/yu2 "砄 jue2 stone; rock" 686
觖 jue2 fu2/yan3/bi4/jue2/bo2 "觖 jue2 dissatisfied" 687
傕 jue2 lu4/ji2/ji4/jue2/fu2  688
劂 jue2 bo2/yu4/yi4/ji4/jue2  689
㵐 jue2 jue2/bi4/yu2/yu4 "㵐 jue2 jue river in hubei" 690
玃 jue2 jue2/lu4/bo2/ji4 "玃 jue2 legendary ape of sichuan and yunnan, with a penchant for carrying off girls" 691
佶 ji2 li4/shi4/ji2/yan3 "佶 ji2 difficult to pronounce" 692
殛 ji2 li4/yi4/fu2/ji2/bo2 "殛 ji2 to put to death" 693
戢 ji2 ji1/shi4/yan3/ji2/yi4 "戢 ji2 to restrain oneself; to collect; to hoard; to store up; to cease" 694
蒺 ji2 ji1/ji2/yan3/xi1 "蒺 ji2 tribulus terrestris" 695
楫 ji2 ji2/fu2/zhi4/bi4 "楫 ji2 oar (archaic)" 696
嵴 ji2 ji2/ji4/fu2/li4/bo2 "嵴 ji2 ridge; crest; apex" 697
蕺 ji2 ji2/hui4/ling2/zhi4 "蕺 ji2 houttuynia cordata" 698
瘠 ji2 yi4/hui4/ji2/qi2 "贫瘠 pin2ji2 barren; infertile; poor" 699
伋 ji2 yu2/ji2/xi1/fu2/ji4 "伋 ji2 unreal" 700
姞 ji2 xi1/ji2/zhi4/bi4/jue2  701
堲 ji2 bo2/ji2/hui4/ji4/yi4 "堲 ji2 hate" 702
㴔 ji2 xi1/yi4/jue2/yu4/ji2  703
耤 ji2 yu2/lu4/yan3/qi2/ji2 "耤 ji2 plow" 704
鹡 ji2 yu4/ji1/lu4/yu2/ji2 "鹡 ji2 pied wagtail" 705
蹐 ji2 jue2/shi4/li4/ji2/ling2 "蹐 ji2 walk with short steps" 706
囹 ling2 bo2/ling2/shi4/qi2/ji2  707
泠 ling2 yu4/jue2/ling2/xi1 "泠 ling2 sound of water flowing" 708
瓴 ling2 ling2/qi2/yi4/fu2 "瓴 ling2 concave channels of tiling" 709
棂 ling2 fu2/jue2/ling2/yi4 "窗棂 chuang1ling2 window lattice; window frame" 710
蛉 ling2 ling2/li4/yu4/yi4/yu2 "蛉 ling2 sandfly" 711
祾 ling2 ling2/xi1/zhi4/jue2/fu2  712
鲮 ling2 li4/hui4/yan3/ling2 "鲮 ling2 mud carp (cirrhina molitorella)" 713
酃 ling2 ling2/fu2/shi4/bo2 "酃 ling2 name of a district in hunan" 714
坽 ling2 yu4/ling2/bi4/ji4 "坽 ling2 (literary) precipitous cliff" 715
姈 ling2 ling2/yi4/qi2/shi4 "姈 ling2 (literary) (of a woman) intelligent; (used mostly in female names)" 716
柃 ling2 ji1/ling2/yu2/lu4/zhi4 "柃 ling2 eurya japonica" 717
昤 ling2 yi4/hui4/zhi4/ling2  718
鸰 ling2 ling2/xi1/lu4 "鸰 ling2 wagtail; lark" 719
舲 ling2 hui4/yu4/ling2/lu4 "舲 ling2 small boat with windows" 720
㥄 ling2 ling2/hui4/ji1/lu4/yi4  721
澪 ling2 hui4/li4/fu2/ling2/yu4  722
赂 lu4 yu2/zhi4/qi2/lu4 "贿赂 hui4lu4 to bribe; a bribe" 723
辂 lu4 lu4/jue2/yi4/yu4/yan3 "辂 lu4 chariot" 724
渌 lu4 bi4/ji2/yu2/bo2/lu4 "渌 lu4 clear (water); strain liquids" 725
逯 lu4 ji1/lu4/bo2 "逯 lu4 to walk cautiously; to walk aimlessly" 726
箓 lu4 li4/lu4/jue2/ling2/bo2 "箓 lu4 record book; archive; taoist written charm; document of prophecy attesting to dynastic fortunes" 727
辘 lu4 qi2/lu4/bo2/fu2/jue2 "轱辘 gu1lu4 wheel; to roll" 728
甪 lu4 jue2/zhi4/xi1/lu4/hui4 "甪 lu4 place name" 729
菉 lu4 lu4/ji4/zhi4/fu2/ji1 "菉 lu4 arthraxon ciliare; green; rhodacene" 730
琭 lu4 ji1/jue2/lu4/yan3 "琭 lu4 (jade)" 731
稑 lu4 lu4/bo2/qi2/xi1/yu4 "稑 lu4 late-planted early-ripening grain" 732
僇 lu4 yi4/lu4/qi2/shi4 "僇 lu4 to despise; to insult" 733
勠 lu4 jue2/yu2/lu4/bo2 "勠 lu4 (literary) to join (forces)" 734
蕗 lu4 shi4/ji2/yi4/bi4/lu4 "蕗 lu4 leucacene" 735
簏 lu4 ji2/qi2/yu2/lu4 "簏 lu4 box; basket" 736
兖 yan3 yan3/yi4/ji1/yu4/bo2  737
郾 yan3 yan3/xi1/ji2/bi4 "郾 yan3 place name" 738
罨 yan3 yan3/yu2/bi4/hui4 "罨 yan3 foment; valve" 739
魇 yan3 yu4/yan3/jue2/yi4 "梦魇 meng4yan3 nightmare" 740
沇 yan3 yan3/ji1/jue2/hui4/yu2  741
䶮 yan3 li4/ji2/yan3/ji4 "䶮 yan3 high and bright" 742
弇 yan3 ji4/yu2/ji1/yan3 "弇 yan3 to cover; trap" 743
厣 yan3 xi1/yu2/bo2/hui4/yan3 "厣 yan3 operculum (latin: little lid); a covering flap (in various branches of anatomy)" 744
棪 yan3 yi4/yu4/xi1/zhi4/yan3 "棪 yan3 (tree)" 745
渰 yan3 bo2/jue2/yan3/xi1 "渰 yan3 (of cloud) forming or rising" 746
扊 yan3 yi4/yan3/bo2/ji2 "扊 yan3 upright bar for fastening a door" 747
蝘 yan3 bi4/zhi4/ji4/yan3 "蝘 yan3 hemidactylus bowringii" 748
戭 yan3 qi2/ling2/bo2/yu2/yan3 "戭 yan3 spear" 749
黡 yan3 xi1/fu2/yan3/shi4 "黡 yan3 black spots on body" 750
甗 yan3 xi1/yan3/yi4/bo2 "甗 yan3 earthenware vessel" 751
哕 hui4 hui4/xi1/fu2/lu4/yan3  752
浍 hui4 li4/zhi4/ji1/hui4/qi2  753
恚 hui4 ji1/hui4/zhi4 "恚 hui4 rage" 754
桧 hui4 hui4/ji1/shi4/qi2/bi4  755
喙 hui4 yan3/ji4/li4/yu4/hui4 "喙 hui4 beak; snout; mouth; to pant" 756
蟪 hui4 jue2/shi4/hui4/yan3/ji2 "蟪 hui4 (cicada); platypleura kaempferi" 757
硊 hui4 fu2/bo2/ji1/hui4  758
翙 hui4 bo2/yu2/li4/hui4 "翙 hui4 noise of bird's wings" 759
橞 hui4 hui4/ling2/xi1/ji1/bo2  760
钹 bo2 bo2/hui4/yi4/yu2/zhi4 "钹 bo2 cymbals" 761
亳 bo2 zhi4/jue2/yan3/ling2/bo2 "亳 bo2 name of district in anhui; capital of yin" 762
鹁 bo2 fu2/bo2/zhi4/yu4 "鹁 bo2 woodpidgeon" 763
僰 bo2 xi1/ji4/ling2/bo2 "僰 bo2 name of an ethnic group" 764
箔 bo2 yi4/bo2/shi4/fu2 "箔 bo2 plaited matting (of rushes, bamboo etc); silkworm basket; metal foil; foil paper" 765
礴 bo2 hui4/shi4/ji2/bo2/ji1 "磅礴 pang2bo2 majestic; boundless" 766
浡 bo2 zhi4/ji1/qi2/lu4/bo2 "浡 bo2 full; gushing (of fountain)" 767
袯 bo2 li4/ji1/bo2  768
桲 bo2 yu4/bo2/ji2/shi4 "桲 bo2 flail" 769
艴 bo2 bo2/fu2/ji2/yan3/jue2  770
鲌 bo2 bo2/yan3/hui4/ji2/lu4  771
踣 bo2 jue2/yu2/shi4/bo2/qi2 "踣 bo2 corpse; prostrate" 772
镈 bo2 qi2/ji1/yu2/ling2/bo2 "镈 bo2 hoe; spade" 773
馞 bo2 yan3/bo2/li4/ji2/ling2  774
欂 bo2 li4/bo2/ling2/fu2/shi4 "欂 bo2 rafter" 775
𬬩 yi4 li4/yi4/bi4/zhi4  776
𫄷 yi4 shi4/ji2/yi4/yu4  777
𬟁 yi4 bo2/yi4/xi1/zhi4  778
𫵷 li4 ji4/ji1/hui4/li4/bo2  779
𬍛 li4 fu2/li4/ji1 "𬍛 li4 brilliance (pearls)" 780
𪟝 ji4 lu4/yu2/li4/ji4/yu4 "𪟝 ji4 merit" 781
𬶨 ji4 ji4/yan3/ling2/bo2  782
𬶭 ji4 ji4/bi4/yu4/yan3/bo2 "𬶭 ji4 konosirus punctatus" 783
𬃊 zhi4 lu4/ling2/zhi4/bo2/yi4  784
𬯀 ji1 shi4/jue2/qi2/ji1/fu2 "𬯀 ji1 to go up; to fall; rainbow; mist" 785
𫓯 ji1 ji1/yi4/ji2/yan3/fu2  786
𫓹 ji1 ling2/li4/lu4/ji1 "𫓹 ji1 hoe" 787
𫌀 ji1 bi4/yu4/ji4/ji1  788
𨙸 qi2 xi1/qi2/shi4/bi4  789
𬨂 qi2 hui4/yu2/qi2 "𬨂 qi2 end of axle" 790
𬤊 shi4 yu2/yu4/zhi4/shi4/qi2 "𬤊 shi4 to examine; to judge" 791
𫘝 jue2 xi1/yan3/jue2/hui4/fu2  792
𫔎 jue2 jue2/yi4/ji2/bo2  793
𫘧 lu4 yi4/shi4/ji4/lu4/xi1 "𫘧 lu4 (horse)" 794
𬸘 yan3 zhi4/yi4/yan3/ji2/shi4  795
𬙂 yan3 xi1/bo2/yi4/yan3  796
𪩘 yan3 yan3/shi4/fu2/yu2 "𪩘 yan3 peak of mountain" 797
𬤝 hui4 hui4/ji4/ji2/ling2  798
𬭬 hui4 hui4/yu4/fu2/ji1  799